stem_hi1.aif,stem_hi2.aif,stem_mid.aif,stem_low1.aif,stem_low2.aif
0.000,0.008,0.000,0.000,0.000
0.000,0.013,0.000,0.000,0.000
0.000,0.014,0.000,0.000,0.000
0.000,0.037,0.000,0.000,0.000
0.000,0.021,0.000,0.000,0.000
0.000,0.017,0.000,0.000,0.000
0.000,0.018,0.000,0.000,0.000
0.000,0.018,0.000,0.000,0.000
0.000,0.015,0.000,0.000,0.000
0.000,0.026,0.000,0.000,0.000
0.000,0.023,0.000,0.000,0.000
0.000,0.023,0.000,0.000,0.000
0.000,0.013,0.000,0.000,0.000
0.000,0.014,0.000,0.000,0.000
0.000,0.012,0.000,0.000,0.000
0.000,0.015,0.000,0.000,0.000
0.000,0.023,0.000,0.000,0.000
0.000,0.016,0.000,0.000,0.000
0.000,0.020,0.000,0.000,0.000
0.000,0.020,0.000,0.000,0.000
0.000,0.018,0.000,0.000,0.000
0.000,0.018,0.000,0.000,0.000
0.000,0.019,0.000,0.000,0.000
0.000,0.018,0.000,0.000,0.000
0.000,0.021,0.000,0.000,0.000
0.000,0.022,0.000,0.000,0.000
0.000,0.027,0.000,0.000,0.000
0.000,0.021,0.000,0.000,0.000
0.000,0.021,0.000,0.000,0.000
0.000,0.028,0.000,0.000,0.000
0.000,0.026,0.000,0.000,0.000
0.000,0.022,0.000,0.000,0.000
0.000,0.020,0.000,0.000,0.000
0.000,0.021,0.000,0.000,0.000
0.000,0.025,0.000,0.000,0.000
0.000,0.027,0.000,0.000,0.000
0.000,0.016,0.000,0.000,0.000
0.000,0.016,0.000,0.000,0.000
0.000,0.016,0.000,0.000,0.000
0.000,0.013,0.000,0.000,0.000
0.000,0.021,0.000,0.000,0.000
0.000,0.016,0.000,0.000,0.000
0.000,0.017,0.000,0.000,0.000
0.000,0.021,0.000,0.000,0.000
0.000,0.017,0.000,0.000,0.000
0.000,0.014,0.000,0.000,0.000
0.000,0.012,0.000,0.000,0.000
0.000,0.014,0.000,0.000,0.000
0.000,0.023,0.000,0.000,0.000
0.000,0.016,0.000,0.000,0.000
0.000,0.018,0.000,0.000,0.000
0.000,0.023,0.000,0.000,0.000
0.000,0.018,0.000,0.000,0.000
0.000,0.019,0.000,0.000,0.000
0.000,0.015,0.000,0.000,0.000
0.000,0.018,0.000,0.000,0.000
0.000,0.014,0.000,0.000,0.000
0.000,0.015,0.000,0.000,0.000
0.000,0.015,0.000,0.000,0.000
0.000,0.019,0.000,0.000,0.000
0.000,0.023,0.000,0.000,0.000
0.000,0.014,0.000,0.000,0.000
0.000,0.015,0.000,0.000,0.000
0.000,0.015,0.000,0.000,0.000
0.000,0.018,0.000,0.000,0.000
0.000,0.016,0.000,0.000,0.000
0.000,0.014,0.000,0.000,0.000
0.000,0.017,0.000,0.000,0.000
0.000,0.020,0.000,0.000,0.000
0.000,0.017,0.000,0.000,0.000
0.000,0.027,0.000,0.000,0.000
0.000,0.022,0.000,0.000,0.000
0.000,0.018,0.000,0.000,0.000
0.000,0.019,0.000,0.000,0.000
0.000,0.018,0.000,0.000,0.000
0.000,0.018,0.000,0.000,0.000
0.000,0.034,0.000,0.000,0.000
0.000,0.110,0.000,0.000,0.000
0.000,0.024,0.000,0.000,0.000
0.000,0.017,0.000,0.000,0.000
0.000,0.026,0.000,0.000,0.000
0.000,0.015,0.000,0.000,0.000
0.000,0.024,0.000,0.000,0.000
0.000,0.018,0.000,0.000,0.000
0.000,0.018,0.000,0.000,0.000
0.000,0.019,0.000,0.000,0.000
0.000,0.019,0.000,0.000,0.000
0.000,0.019,0.000,0.000,0.000
0.000,0.024,0.000,0.000,0.000
0.000,0.019,0.000,0.000,0.000
0.000,0.014,0.000,0.000,0.000
0.000,0.018,0.000,0.000,0.000
0.000,0.018,0.000,0.000,0.000
0.000,0.022,0.000,0.000,0.000
0.000,0.021,0.000,0.000,0.000
0.000,0.030,0.000,0.000,0.000
0.000,0.021,0.000,0.000,0.000
0.000,0.019,0.000,0.000,0.000
0.000,0.024,0.000,0.000,0.000
0.000,0.017,0.000,0.000,0.000
0.000,0.024,0.000,0.000,0.000
0.000,0.020,0.000,0.000,0.000
0.000,0.020,0.000,0.000,0.000
0.000,0.018,0.000,0.000,0.000
0.000,0.022,0.000,0.000,0.000
0.000,0.020,0.000,0.000,0.000
0.000,0.020,0.000,0.000,0.000
0.000,0.025,0.000,0.000,0.000
0.000,0.020,0.000,0.000,0.000
0.000,0.028,0.000,0.000,0.000
0.000,0.021,0.000,0.000,0.000
0.000,0.025,0.000,0.000,0.000
0.000,0.025,0.000,0.000,0.000
0.000,0.018,0.000,0.000,0.000
0.000,0.022,0.000,0.000,0.000
0.000,0.020,0.000,0.000,0.000
0.000,0.020,0.000,0.000,0.000
0.000,0.018,0.000,0.000,0.000
0.000,0.023,0.000,0.000,0.000
0.000,0.021,0.000,0.000,0.000
0.000,0.024,0.000,0.000,0.000
0.000,0.021,0.000,0.000,0.000
0.000,0.018,0.000,0.000,0.000
0.000,0.020,0.000,0.000,0.000
0.000,0.048,0.000,0.000,0.000
0.000,0.049,0.000,0.000,0.000
0.000,0.030,0.000,0.000,0.000
0.000,0.028,0.000,0.000,0.000
0.000,0.030,0.000,0.000,0.000
0.000,0.018,0.000,0.000,0.000
0.000,0.022,0.000,0.000,0.000
0.000,0.026,0.000,0.000,0.000
0.000,0.025,0.000,0.000,0.000
0.000,0.023,0.000,0.000,0.000
0.000,0.020,0.000,0.000,0.000
0.000,0.018,0.000,0.000,0.000
0.000,0.022,0.000,0.000,0.000
0.000,0.022,0.000,0.000,0.000
0.000,0.027,0.000,0.000,0.000
0.000,0.021,0.000,0.000,0.000
0.000,0.022,0.000,0.000,0.000
0.000,0.020,0.000,0.000,0.000
0.000,0.025,0.000,0.000,0.000
0.000,0.019,0.000,0.000,0.000
0.000,0.021,0.000,0.000,0.000
0.000,0.017,0.000,0.000,0.000
0.000,0.015,0.000,0.000,0.000
0.000,0.017,0.000,0.000,0.000
0.000,0.023,0.000,0.000,0.000
0.000,0.014,0.000,0.000,0.000
0.000,0.019,0.000,0.000,0.000
0.000,0.022,0.000,0.000,0.000
0.000,0.018,0.000,0.000,0.000
0.000,0.019,0.000,0.000,0.000
0.000,0.021,0.000,0.000,0.000
0.000,0.019,0.000,0.000,0.000
0.000,0.016,0.000,0.000,0.000
0.000,0.017,0.000,0.000,0.000
0.000,0.017,0.000,0.000,0.000
0.000,0.018,0.000,0.000,0.000
0.000,0.017,0.000,0.000,0.000
0.000,0.022,0.000,0.000,0.000
0.000,0.021,0.000,0.000,0.000
0.000,0.021,0.000,0.000,0.000
0.000,0.015,0.000,0.000,0.000
0.000,0.017,0.000,0.000,0.000
0.000,0.016,0.000,0.000,0.000
0.000,0.021,0.000,0.000,0.000
0.000,0.022,0.000,0.000,0.000
0.000,0.020,0.000,0.000,0.000
0.000,0.016,0.000,0.000,0.000
0.000,0.021,0.000,0.000,0.000
0.000,0.024,0.000,0.000,0.000
0.000,0.018,0.000,0.000,0.000
0.000,0.015,0.000,0.000,0.000
0.000,0.016,0.000,0.000,0.000
0.000,0.020,0.000,0.001,0.000
0.000,0.021,0.000,0.087,0.000
0.006,0.018,0.005,0.705,0.000
0.018,0.017,0.008,0.727,0.015
0.013,0.020,0.007,0.594,0.130
0.009,0.021,0.009,0.597,0.203
0.006,0.024,0.011,0.506,0.715
0.004,0.020,0.009,0.474,0.914
0.002,0.017,0.010,0.418,0.835
0.002,0.016,0.008,0.278,0.733
0.001,0.017,0.006,0.226,0.680
0.001,0.021,0.006,0.104,0.663
0.001,0.057,0.007,0.035,0.643
0.012,0.026,0.004,0.008,0.629
0.018,0.020,0.006,0.008,0.615
0.021,0.025,0.007,0.003,0.605
0.016,0.024,0.005,0.002,0.595
0.008,0.016,0.007,0.000,0.588
0.005,0.016,0.010,0.000,0.583
0.003,0.015,0.007,0.000,0.578
0.002,0.022,0.006,0.000,0.576
0.001,0.016,0.006,0.000,0.575
0.001,0.021,0.005,0.000,0.574
0.001,0.019,0.005,0.000,0.575
0.013,0.017,0.005,0.000,0.576
0.030,0.020,0.006,0.000,0.575
0.020,0.017,0.004,0.000,0.575
0.012,0.017,0.005,0.000,0.574
0.006,0.016,0.006,0.000,0.572
0.004,0.018,0.009,0.000,0.570
0.003,0.019,0.007,0.000,0.568
0.002,0.017,0.010,0.000,0.565
0.002,0.015,0.007,0.000,0.560
0.002,0.019,0.006,0.000,0.555
0.047,0.023,0.005,0.000,0.549
0.777,0.029,0.006,0.000,0.543
0.784,0.025,0.004,0.000,0.541
0.462,0.019,0.005,0.000,0.533
0.236,0.017,0.006,0.000,0.543
0.094,0.020,0.004,0.000,0.471
0.041,0.025,0.005,0.000,0.382
0.020,0.024,0.011,0.000,0.340
0.012,0.020,0.010,0.000,0.301
0.008,0.018,0.009,0.000,0.304
0.006,0.027,0.009,0.000,0.291
0.005,0.021,0.009,0.000,0.282
0.004,0.020,0.009,0.000,0.277
0.005,0.017,0.008,0.000,0.270
0.003,0.022,0.011,0.000,0.237
0.003,0.023,0.007,0.000,0.137
0.003,0.026,0.009,0.000,0.095
0.003,0.021,0.008,0.000,0.046
0.003,0.026,0.008,0.000,0.023
0.002,0.026,0.007,0.000,0.012
0.002,0.033,0.007,0.000,0.006
0.002,0.022,0.006,0.000,0.003
0.002,0.025,0.005,0.000,0.002
0.002,0.025,0.006,0.000,0.002
0.013,0.015,0.007,0.000,0.003
0.019,0.014,0.004,0.000,0.034
0.013,0.019,0.007,0.000,0.037
0.010,0.016,0.006,0.000,0.032
0.006,0.013,0.006,0.000,0.039
0.004,0.020,0.005,0.000,0.031
0.003,0.021,0.007,0.000,0.027
0.002,0.018,0.006,0.000,0.025
0.001,0.014,0.005,0.000,0.027
0.001,0.017,0.006,0.000,0.027
0.005,0.021,0.006,0.000,0.026
0.037,0.051,0.006,0.000,0.020
0.042,0.029,0.006,0.000,0.017
0.025,0.023,0.007,0.000,0.017
0.014,0.020,0.005,0.000,0.019
0.009,0.022,0.005,0.000,0.016
0.005,0.019,0.007,0.000,0.015
0.003,0.022,0.006,0.000,0.017
0.002,0.027,0.005,0.000,0.016
0.001,0.026,0.006,0.000,0.021
0.001,0.014,0.007,0.000,0.018
0.002,0.014,0.005,0.000,0.018
0.022,0.020,0.006,0.000,0.252
0.044,0.017,0.006,0.000,0.417
0.032,0.021,0.005,0.000,0.229
0.025,0.014,0.006,0.000,0.151
0.016,0.014,0.006,0.000,0.088
0.011,0.018,0.006,0.000,0.041
0.007,0.015,0.008,0.000,0.025
0.005,0.014,0.016,0.000,0.016
0.004,0.018,0.051,0.000,0.022
0.003,0.016,0.042,0.004,0.029
0.004,0.014,0.082,0.222,0.026
0.022,0.014,0.115,0.945,0.008
0.032,0.014,0.292,0.721,0.003
0.017,0.011,0.407,0.603,0.107
0.010,0.019,0.327,0.591,0.190
0.005,0.016,0.260,0.493,0.567
0.003,0.017,0.232,0.457,0.771
0.002,0.025,0.275,0.410,0.702
0.001,0.017,0.413,0.267,0.617
0.001,0.014,0.443,0.211,0.580
0.001,0.019,0.447,0.091,0.565
0.002,0.019,0.382,0.031,0.561
0.011,0.015,0.369,0.011,0.558
0.016,0.023,0.323,0.017,0.555
0.023,0.011,0.308,0.015,0.551
0.016,0.014,0.300,0.014,0.548
0.009,0.014,0.322,0.009,0.545
0.005,0.016,0.292,0.004,0.542
0.003,0.013,0.340,0.001,0.539
0.002,0.014,0.309,0.000,0.535
0.001,0.016,0.258,0.000,0.531
0.001,0.017,0.235,0.002,0.527
0.001,0.015,0.161,0.094,0.523
0.004,0.013,0.204,0.848,0.520
0.011,0.013,0.380,0.805,0.516
0.010,0.014,0.284,0.601,0.511
0.007,0.015,0.266,0.613,0.506
0.003,0.015,0.293,0.519,0.501
0.002,0.009,0.327,0.483,0.495
0.002,0.014,0.367,0.422,0.489
0.001,0.015,0.403,0.292,0.483
0.001,0.015,0.317,0.235,0.477
0.001,0.022,0.248,0.116,0.470
0.001,0.014,0.219,0.039,0.464
0.020,0.012,0.223,0.011,0.457
0.073,0.014,0.179,0.017,0.458
0.068,0.011,0.187,0.015,0.388
0.040,0.010,0.187,0.015,0.596
0.019,0.014,0.206,0.009,0.696
0.010,0.013,0.185,0.005,0.542
0.005,0.013,0.160,0.001,0.509
0.004,0.011,0.175,0.000,0.476
0.003,0.011,0.333,0.000,0.459
0.003,0.011,0.210,0.000,0.448
0.055,0.016,0.220,0.000,0.436
0.792,0.011,0.264,0.000,0.430
0.812,0.008,0.277,0.000,0.425
0.546,0.012,0.296,0.000,0.308
0.363,0.013,0.358,0.000,0.246
0.228,0.041,0.405,0.000,0.130
0.166,0.031,0.408,0.000,0.058
0.135,0.015,0.409,0.000,0.028
0.110,0.012,0.435,0.000,0.014
0.091,0.011,0.440,0.000,0.008
0.079,0.011,0.299,0.000,0.005
0.067,0.034,0.246,0.000,0.004
0.063,0.033,0.215,0.000,0.004
0.063,0.009,0.171,0.000,0.003
0.064,0.015,0.159,0.000,0.003
0.050,0.015,0.158,0.000,0.003
0.038,0.012,0.152,0.000,0.003
0.029,0.012,0.106,0.000,0.002
0.021,0.008,0.096,0.000,0.002
0.018,0.012,0.090,0.000,0.002
0.015,0.013,0.077,0.000,0.002
0.013,0.010,0.058,0.000,0.002
0.010,0.009,0.066,0.000,0.002
0.006,0.009,0.073,0.000,0.008
0.010,0.010,0.086,0.000,0.011
0.017,0.011,0.100,0.000,0.010
0.015,0.015,0.094,0.000,0.019
0.013,0.014,0.076,0.000,0.017
0.008,0.012,0.065,0.000,0.010
0.004,0.009,0.067,0.000,0.008
0.003,0.009,0.074,0.000,0.011
0.002,0.024,0.086,0.000,0.009
0.002,0.020,0.094,0.000,0.006
0.001,0.013,0.077,0.003,0.007
0.003,0.010,0.054,0.103,0.010
0.028,0.015,0.051,0.266,0.101
0.037,0.016,0.050,0.110,0.391
0.039,0.015,0.050,0.033,0.180
0.022,0.015,0.049,0.012,0.086
0.015,0.019,0.052,0.003,0.055
0.011,0.014,0.052,0.001,0.027
0.007,0.051,0.047,0.000,0.015
0.004,0.026,0.061,0.000,0.018
0.003,0.015,0.054,0.000,0.015
0.001,0.012,0.054,0.007,0.014
0.002,0.015,0.054,0.261,0.016
0.018,0.015,0.050,0.909,0.032
0.023,0.015,0.038,0.705,0.198
0.017,0.015,0.036,0.614,0.213
0.009,0.011,0.042,0.580,0.769
0.005,0.013,0.038,0.496,0.830
0.003,0.013,0.045,0.435,0.761
0.002,0.011,0.047,0.395,0.837
0.002,0.012,0.048,0.260,0.756
0.001,0.011,0.037,0.196,0.642
0.001,0.010,0.031,0.078,0.612
0.003,0.014,0.031,0.026,0.694
0.013,0.013,0.029,0.012,0.730
0.018,0.013,0.039,0.017,0.652
0.024,0.012,0.043,0.015,0.585
0.016,0.017,0.030,0.013,0.632
0.008,0.014,0.032,0.008,0.694
0.005,0.015,0.035,0.004,0.660
0.003,0.013,0.038,0.001,0.567
0.002,0.013,0.034,0.000,0.581
0.001,0.013,0.030,0.000,0.649
0.001,0.010,0.034,0.000,0.656
0.002,0.013,0.030,0.000,0.568
0.023,0.013,0.025,0.000,0.548
0.035,0.015,0.018,0.000,0.604
0.021,0.016,0.019,0.000,0.638
0.011,0.016,0.021,0.000,0.583
0.006,0.013,0.020,0.000,0.527
0.004,0.014,0.024,0.000,0.560
0.003,0.016,0.019,0.000,0.609
0.002,0.014,0.025,0.000,0.589
0.002,0.011,0.023,0.000,0.509
0.006,0.013,0.022,0.000,0.523
0.165,0.018,0.020,0.000,0.577
0.902,0.017,0.023,0.000,0.588
0.696,0.012,0.023,0.000,0.536
0.400,0.008,0.020,0.000,0.693
0.193,0.012,0.017,0.000,0.797
0.074,0.022,0.016,0.000,0.646
0.033,0.016,0.029,0.000,0.559
0.017,0.016,0.031,0.000,0.559
0.011,0.016,0.026,0.000,0.512
0.007,0.013,0.024,0.000,0.507
0.006,0.013,0.031,0.000,0.490
0.005,0.015,0.025,0.000,0.466
0.005,0.015,0.021,0.000,0.462
0.004,0.013,0.027,0.000,0.332
0.004,0.014,0.027,0.000,0.189
0.003,0.011,0.018,0.000,0.075
0.003,0.011,0.026,0.000,0.048
0.003,0.014,0.023,0.000,0.047
0.002,0.012,0.020,0.000,0.035
0.002,0.013,0.022,0.000,0.018
0.002,0.016,0.020,0.000,0.019
0.002,0.012,0.015,0.000,0.014
0.002,0.009,0.019,0.025,0.011
0.009,0.010,0.020,0.620,0.009
0.034,0.010,0.021,0.867,0.011
0.022,0.012,0.018,0.641,0.008
0.014,0.013,0.025,0.637,0.007
0.006,0.015,0.020,0.537,0.007
0.004,0.011,0.019,0.487,0.007
0.002,0.011,0.019,0.442,0.005
0.002,0.010,0.021,0.324,0.006
0.001,0.014,0.016,0.247,0.005
0.001,0.012,0.021,0.142,0.005
0.001,0.015,0.019,0.049,0.004
0.010,0.017,0.018,0.013,0.013
0.039,0.013,0.019,0.016,0.020
0.040,0.011,0.020,0.015,0.018
0.021,0.014,0.017,0.015,0.020
0.013,0.016,0.014,0.011,0.019
0.008,0.017,0.018,0.006,0.017
0.004,0.010,0.016,0.002,0.015
0.003,0.013,0.012,0.000,0.015
0.002,0.009,0.016,0.000,0.016
0.001,0.012,0.015,0.000,0.018
0.001,0.011,0.013,0.000,0.020
0.008,0.013,0.016,0.000,0.018
0.099,0.013,0.017,0.000,0.026
0.164,0.015,0.012,0.000,0.326
0.084,0.012,0.012,0.000,0.279
0.037,0.011,0.016,0.000,0.159
0.016,0.012,0.016,0.000,0.076
0.008,0.008,0.015,0.000,0.043
0.005,0.010,0.020,0.000,0.027
0.003,0.014,0.046,0.000,0.014
0.003,0.016,0.055,0.000,0.017
0.006,0.017,0.052,0.011,0.015
0.096,0.033,0.157,0.348,0.021
0.298,0.029,0.209,0.928,0.215
0.189,0.020,0.072,0.698,0.387
0.153,0.016,0.102,0.630,0.808
0.143,0.011,0.109,0.566,0.797
0.111,0.017,0.109,0.499,0.777
0.087,0.013,0.108,0.432,0.828
0.064,0.019,0.104,0.375,0.709
0.045,0.018,0.099,0.256,0.600
0.038,0.014,0.091,0.182,0.586
0.035,0.021,0.072,0.069,0.660
0.034,0.017,0.065,0.022,0.661
0.063,0.019,0.109,0.013,0.568
0.061,0.017,0.101,0.016,0.524
0.030,0.019,0.088,0.015,0.576
0.014,0.012,0.094,0.012,0.606
0.010,0.019,0.099,0.008,0.549
0.005,0.017,0.104,0.003,0.479
0.003,0.015,0.108,0.000,0.507
0.002,0.017,0.111,0.000,0.551
0.002,0.013,0.095,0.000,0.528
0.002,0.013,0.133,0.006,0.450
0.009,0.013,0.151,0.194,0.452
0.128,0.015,0.087,0.880,0.500
0.246,0.013,0.090,0.728,0.501
0.225,0.013,0.154,0.604,0.439
0.161,0.017,0.261,0.591,0.413
0.117,0.016,0.209,0.491,0.452
0.086,0.013,0.311,0.454,0.469
0.068,0.021,0.482,0.406,0.432
0.051,0.017,0.470,0.266,0.383
0.043,0.021,0.437,0.209,0.408
0.035,0.016,0.415,0.090,0.439
0.035,0.021,0.413,0.030,0.419
0.043,0.016,0.399,0.011,0.319
0.053,0.015,0.381,0.017,0.282
0.052,0.018,0.367,0.015,0.551
0.041,0.023,0.384,0.013,0.944
0.034,0.020,0.305,0.009,0.875
0.025,0.022,0.136,0.004,0.737
0.019,0.018,0.121,0.001,0.607
0.016,0.026,0.131,0.000,0.629
0.013,0.029,0.147,0.000,0.703
0.016,0.019,0.115,0.000,0.670
0.170,0.018,0.140,0.000,0.566
0.900,0.019,0.358,0.000,0.543
0.705,0.024,0.310,0.000,0.587
0.401,0.019,0.251,0.000,0.418
0.195,0.023,0.271,0.000,0.265
0.076,0.024,0.315,0.000,0.265
0.035,0.016,0.353,0.000,0.244
0.018,0.019,0.332,0.000,0.166
0.011,0.018,0.326,0.000,0.128
0.007,0.018,0.212,0.000,0.112
0.006,0.024,0.160,0.000,0.087
0.005,0.022,0.148,0.000,0.074
0.005,0.020,0.151,0.000,0.070
0.004,0.018,0.161,0.000,0.065
0.004,0.015,0.149,0.000,0.071
0.003,0.015,0.143,0.000,0.063
0.003,0.018,0.128,0.000,0.066
0.003,0.018,0.123,0.000,0.066
0.003,0.022,0.114,0.000,0.042
0.002,0.025,0.087,0.000,0.031
0.002,0.023,0.085,0.000,0.037
0.002,0.024,0.110,0.000,0.042
0.002,0.016,0.144,0.000,0.040
0.004,0.018,0.126,0.000,0.024
0.016,0.017,0.193,0.000,0.030
0.018,0.019,0.270,0.000,0.026
0.012,0.018,0.274,0.000,0.022
0.009,0.017,0.341,0.000,0.023
0.006,0.016,0.433,0.000,0.021
0.004,0.015,0.450,0.000,0.020
0.003,0.017,0.404,0.000,0.019
0.001,0.022,0.340,0.000,0.022
0.001,0.026,0.297,0.000,0.024
0.001,0.035,0.251,0.000,0.018
0.007,0.031,0.265,0.000,0.033
0.035,0.054,0.274,0.000,0.395
0.041,0.027,0.276,0.000,0.322
0.037,0.025,0.276,0.000,0.184
0.021,0.020,0.268,0.000,0.119
0.015,0.016,0.252,0.000,0.069
0.009,0.014,0.231,0.000,0.034
0.006,0.019,0.246,0.000,0.020
0.004,0.020,0.194,0.000,0.018
0.003,0.026,0.100,0.000,0.023
0.001,0.025,0.097,0.020,0.029
0.004,0.027,0.269,0.508,0.023
0.017,0.038,0.359,0.969,0.047
0.021,0.028,0.416,0.680,0.160
0.011,0.013,0.416,0.637,0.592
0.008,0.015,0.274,0.546,0.914
0.005,0.012,0.219,0.498,0.812
0.003,0.018,0.205,0.439,0.731
0.002,0.022,0.200,0.354,0.688
0.002,0.018,0.194,0.252,0.660
0.001,0.017,0.206,0.167,0.655
0.001,0.013,0.208,0.060,0.654
0.005,0.019,0.243,0.018,0.649
0.020,0.018,0.294,0.008,0.643
0.021,0.021,0.274,0.006,0.638
0.023,0.026,0.257,0.002,0.632
0.013,0.024,0.269,0.001,0.626
0.007,0.030,0.234,0.000,0.621
0.004,0.020,0.213,0.000,0.616
0.003,0.026,0.227,0.000,0.610
0.002,0.044,0.242,0.000,0.604
0.001,0.022,0.272,0.000,0.598
0.001,0.022,0.295,0.000,0.592
0.003,0.021,0.312,0.000,0.585
0.028,0.018,0.314,0.000,0.578
0.027,0.013,0.293,0.000,0.571
0.018,0.014,0.300,0.000,0.563
0.010,0.018,0.300,0.000,0.555
0.006,0.014,0.258,0.000,0.546
0.004,0.015,0.240,0.000,0.537
0.003,0.015,0.244,0.000,0.528
0.002,0.020,0.230,0.000,0.519
0.002,0.014,0.216,0.000,0.509
0.015,0.019,0.213,0.000,0.500
0.337,0.014,0.209,0.000,0.491
0.934,0.013,0.200,0.000,0.484
0.632,0.015,0.202,0.000,0.453
0.347,0.017,0.220,0.000,0.371
0.160,0.018,0.226,0.000,0.456
0.063,0.015,0.224,0.000,0.531
0.029,0.016,0.238,0.000,0.456
0.015,0.015,0.262,0.000,0.433
0.010,0.014,0.266,0.000,0.409
0.007,0.013,0.266,0.000,0.397
0.006,0.024,0.265,0.000,0.389
0.005,0.032,0.263,0.000,0.373
0.005,0.015,0.265,0.000,0.372
0.004,0.015,0.250,0.000,0.363
0.004,0.014,0.255,0.000,0.346
0.003,0.025,0.243,0.000,0.223
0.003,0.020,0.224,0.000,0.088
0.003,0.016,0.205,0.000,0.031
0.003,0.016,0.178,0.000,0.015
0.002,0.019,0.171,0.000,0.007
0.002,0.016,0.190,0.000,0.005
0.002,0.016,0.208,0.004,0.004
0.002,0.014,0.203,0.113,0.004
0.006,0.018,0.190,0.853,0.003
0.017,0.016,0.187,0.796,0.003
0.014,0.013,0.172,0.599,0.003
0.009,0.014,0.177,0.609,0.003
0.006,0.011,0.189,0.517,0.003
0.003,0.014,0.190,0.481,0.002
0.002,0.014,0.195,0.418,0.002
0.001,0.015,0.191,0.290,0.002
0.001,0.013,0.162,0.232,0.002
0.000,0.015,0.130,0.114,0.002
0.000,0.014,0.118,0.038,0.003
0.001,0.011,0.122,0.008,0.015
0.001,0.011,0.114,0.008,0.055
0.002,0.012,0.103,0.004,0.374
0.002,0.013,0.102,0.002,0.227
0.001,0.011,0.102,0.001,0.120
0.001,0.012,0.103,0.000,0.064
0.001,0.015,0.105,0.000,0.037
0.001,0.015,0.100,0.000,0.022
0.001,0.013,0.094,0.000,0.014
0.001,0.020,0.090,0.000,0.017
0.001,0.021,0.091,0.000,0.022
0.007,0.016,0.085,0.000,0.023
0.038,0.017,0.058,0.000,0.030
0.041,0.014,0.047,0.000,0.256
0.031,0.011,0.042,0.000,0.237
0.021,0.014,0.033,0.000,0.147
0.015,0.015,0.031,0.000,0.109
0.010,0.016,0.036,0.000,0.071
0.006,0.015,0.034,0.000,0.050
0.005,0.017,0.033,0.000,0.026
0.003,0.021,0.042,0.000,0.020
0.002,0.034,0.036,0.029,0.019
0.009,0.029,0.021,0.610,0.019
0.034,0.020,0.020,0.940,0.044
0.023,0.015,0.036,0.667,0.103
0.015,0.020,0.055,0.641,0.315
0.007,0.024,0.039,0.539,0.552
0.004,0.027,0.050,0.494,0.397
0.002,0.024,0.071,0.442,0.353
0.002,0.025,0.091,0.338,0.328
0.001,0.026,0.103,0.249,0.310
0.001,0.025,0.120,0.154,0.293
0.001,0.019,0.129,0.053,0.279
0.006,0.021,0.106,0.015,0.265
0.015,0.026,0.063,0.015,0.250
0.022,0.028,0.054,0.015,0.234
0.022,0.019,0.049,0.015,0.218
0.013,0.017,0.045,0.011,0.207
0.007,0.020,0.046,0.007,0.198
0.004,0.016,0.048,0.002,0.187
0.002,0.022,0.052,0.000,0.177
0.002,0.021,0.051,0.000,0.166
0.001,0.020,0.050,0.000,0.157
0.001,0.027,0.026,0.019,0.150
0.002,0.029,0.021,0.416,0.141
0.008,0.066,0.024,0.984,0.135
0.012,0.031,0.031,0.699,0.128
0.009,0.018,0.119,0.630,0.121
0.005,0.018,0.117,0.565,0.116
0.002,0.012,0.078,0.497,0.110
0.002,0.022,0.105,0.430,0.105
0.002,0.043,0.149,0.373,0.101
0.001,0.029,0.219,0.255,0.095
0.001,0.018,0.274,0.180,0.092
0.001,0.017,0.332,0.068,0.088
0.005,0.018,0.301,0.022,0.092
0.047,0.016,0.173,0.013,0.112
0.081,0.022,0.161,0.016,0.172
0.054,0.019,0.149,0.015,0.547
0.030,0.018,0.135,0.012,0.558
0.014,0.022,0.127,0.008,0.440
0.007,0.019,0.119,0.003,0.424
0.004,0.022,0.089,0.000,0.402
0.003,0.016,0.069,0.000,0.388
0.002,0.018,0.056,0.000,0.382
0.018,0.016,0.070,0.000,0.380
0.340,0.014,0.082,0.000,0.373
0.943,0.017,0.253,0.000,0.361
0.682,0.021,0.264,0.000,0.358
0.453,0.016,0.268,0.000,0.354
0.286,0.018,0.309,0.000,0.345
0.192,0.018,0.383,0.000,0.337
0.150,0.020,0.318,0.000,0.337
0.125,0.019,0.227,0.000,0.333
0.098,0.019,0.303,0.000,0.328
0.086,0.021,0.340,0.000,0.325
0.072,0.022,0.376,0.000,0.319
0.065,0.025,0.333,0.000,0.311
0.062,0.018,0.322,0.000,0.299
0.065,0.025,0.312,0.000,0.294
0.058,0.040,0.286,0.000,0.290
0.043,0.020,0.296,0.000,0.283
0.034,0.029,0.285,0.000,0.271
0.025,0.025,0.266,0.000,0.267
0.019,0.022,0.283,0.000,0.260
0.016,0.019,0.279,0.000,0.249
0.014,0.022,0.213,0.000,0.240
0.012,0.022,0.169,0.000,0.238
0.008,0.026,0.158,0.000,0.232
0.006,0.028,0.173,0.000,0.245
0.015,0.018,0.166,0.000,0.150
0.016,0.027,0.140,0.000,0.457
0.015,0.022,0.097,0.000,0.753
0.011,0.024,0.064,0.000,0.645
0.006,0.023,0.055,0.000,0.590
0.004,0.025,0.042,0.000,0.545
0.003,0.018,0.037,0.000,0.519
0.002,0.027,0.038,0.000,0.508
0.002,0.019,0.047,0.000,0.503
0.002,0.018,0.042,0.000,0.490
0.012,0.026,0.043,0.000,0.498
0.036,0.028,0.046,0.000,0.652
0.041,0.026,0.039,0.000,0.557
0.031,0.025,0.034,0.000,0.540
0.019,0.029,0.046,0.000,0.510
0.013,0.023,0.050,0.000,0.477
0.008,0.024,0.049,0.000,0.461
0.006,0.021,0.044,0.000,0.440
0.004,0.016,0.046,0.000,0.443
0.002,0.023,0.045,0.000,0.434
0.001,0.017,0.039,0.039,0.433
0.007,0.022,0.036,0.626,0.417
0.024,0.023,0.035,0.862,0.298
0.020,0.016,0.029,0.641,0.407
0.013,0.017,0.029,0.634,0.922
0.006,0.017,0.031,0.535,0.794
0.004,0.015,0.028,0.486,0.434
0.002,0.014,0.029,0.438,0.287
0.002,0.018,0.027,0.322,0.667
0.001,0.018,0.023,0.244,0.657
0.001,0.021,0.019,0.140,0.597
0.001,0.019,0.025,0.048,0.553
0.007,0.020,0.029,0.013,0.526
0.016,0.021,0.023,0.016,0.512
0.023,0.020,0.023,0.015,0.502
0.021,0.020,0.024,0.015,0.490
0.012,0.022,0.023,0.011,0.481
0.007,0.023,0.023,0.006,0.474
0.004,0.028,0.019,0.002,0.465
0.002,0.020,0.022,0.000,0.460
0.002,0.018,0.029,0.000,0.450
0.001,0.023,0.034,0.000,0.447
0.001,0.021,0.033,0.000,0.442
0.008,0.017,0.030,0.000,0.441
0.034,0.016,0.027,0.000,0.436
0.028,0.017,0.024,0.000,0.436
0.016,0.019,0.021,0.000,0.433
0.008,0.021,0.025,0.000,0.431
0.005,0.023,0.022,0.000,0.429
0.003,0.019,0.019,0.000,0.425
0.003,0.018,0.019,0.000,0.426
0.002,0.016,0.020,0.000,0.421
0.002,0.020,0.016,0.000,0.421
0.031,0.015,0.015,0.000,0.416
0.535,0.020,0.018,0.000,0.417
0.896,0.022,0.015,0.000,0.431
0.557,0.014,0.017,0.000,0.465
0.291,0.015,0.017,0.000,0.685
0.126,0.016,0.020,0.000,0.693
0.050,0.011,0.018,0.000,0.679
0.023,0.013,0.018,0.000,0.479
0.013,0.014,0.016,0.000,0.423
0.009,0.016,0.018,0.000,0.436
0.007,0.018,0.019,0.000,0.419
0.006,0.018,0.018,0.000,0.412
0.005,0.016,0.016,0.000,0.403
0.005,0.014,0.014,0.000,0.380
0.004,0.015,0.014,0.000,0.257
0.003,0.017,0.014,0.000,0.130
0.003,0.018,0.018,0.000,0.070
0.003,0.016,0.016,0.000,0.047
0.003,0.020,0.017,0.000,0.032
0.002,0.027,0.016,0.000,0.020
0.002,0.018,0.015,0.000,0.012
0.002,0.014,0.014,0.000,0.007
0.002,0.017,0.014,0.010,0.005
0.003,0.014,0.013,0.212,0.005
0.022,0.018,0.014,0.878,0.004
0.032,0.017,0.015,0.720,0.003
0.018,0.013,0.018,0.603,0.003
0.010,0.013,0.019,0.587,0.003
0.005,0.015,0.015,0.491,0.003
0.003,0.015,0.016,0.454,0.002
0.002,0.016,0.014,0.403,0.002
0.001,0.013,0.017,0.265,0.002
0.001,0.014,0.028,0.206,0.002
0.001,0.017,0.019,0.089,0.003
0.002,0.018,0.012,0.030,0.013
0.025,0.016,0.013,0.012,0.042
0.044,0.014,0.012,0.017,0.130
0.031,0.021,0.012,0.015,0.232
0.016,0.021,0.014,0.013,0.674
0.011,0.025,0.015,0.009,0.770
0.006,0.020,0.012,0.004,0.821
0.003,0.015,0.014,0.001,0.816
0.002,0.014,0.019,0.000,0.670
0.002,0.014,0.059,0.000,0.598
0.001,0.017,0.041,0.000,0.660
0.003,0.015,0.022,0.000,0.729
0.037,0.017,0.018,0.000,0.682
0.150,0.018,0.012,0.000,0.627
0.130,0.020,0.011,0.000,0.653
0.057,0.022,0.012,0.000,0.371
0.025,0.017,0.012,0.000,0.089
0.012,0.014,0.012,0.000,0.066
0.006,0.013,0.012,0.000,0.059
0.004,0.015,0.021,0.000,0.065
0.003,0.016,0.083,0.000,0.055
0.003,0.021,0.111,0.002,0.044
0.020,0.019,0.064,0.066,0.037
0.212,0.015,0.074,0.708,0.132
0.268,0.018,0.075,0.826,0.238
0.162,0.012,0.069,0.621,0.530
0.150,0.015,0.065,0.623,0.749
0.133,0.016,0.070,0.528,0.841
0.098,0.016,0.091,0.484,0.609
0.077,0.013,0.095,0.429,0.688
0.052,0.011,0.050,0.306,0.692
0.042,0.010,0.060,0.238,0.522
0.036,0.013,0.083,0.126,0.679
0.035,0.013,0.120,0.043,0.658
0.043,0.020,0.148,0.012,0.514
0.070,0.020,0.094,0.017,0.682
0.046,0.019,0.079,0.015,0.605
0.020,0.014,0.056,0.015,0.518
0.012,0.014,0.047,0.010,0.672
0.008,0.017,0.036,0.006,0.560
0.004,0.018,0.030,0.001,0.533
0.003,0.013,0.042,0.000,0.656
0.002,0.011,0.063,0.000,0.520
0.002,0.010,0.266,0.000,0.553
0.004,0.013,0.265,0.033,0.633
0.046,0.012,0.181,0.541,0.491
0.200,0.012,0.147,0.898,0.573
0.248,0.026,0.132,0.669,0.603
0.192,0.023,0.134,0.641,0.472
0.136,0.017,0.150,0.538,0.586
0.101,0.015,0.176,0.493,0.569
0.077,0.018,0.124,0.440,0.465
0.060,0.017,0.106,0.337,0.590
0.047,0.018,0.130,0.247,0.533
0.039,0.044,0.184,0.152,0.469
0.034,0.030,0.240,0.052,0.582
0.039,0.019,0.236,0.015,0.457
0.047,0.012,0.225,0.015,0.417
0.055,0.013,0.248,0.015,0.373
0.047,0.016,0.246,0.015,0.766
0.038,0.014,0.222,0.011,0.790
0.030,0.010,0.219,0.007,0.619
0.021,0.016,0.205,0.002,0.584
0.017,0.018,0.206,0.000,0.574
0.014,0.019,0.160,0.000,0.557
0.012,0.014,0.108,0.000,0.541
0.041,0.015,0.082,0.000,0.537
0.534,0.015,0.156,0.000,0.529
0.877,0.014,0.281,0.000,0.514
0.508,0.019,0.228,0.000,0.512
0.265,0.018,0.195,0.000,0.508
0.113,0.016,0.132,0.000,0.497
0.046,0.020,0.131,0.000,0.491
0.021,0.016,0.143,0.000,0.490
0.013,0.018,0.142,0.000,0.484
0.008,0.023,0.109,0.000,0.474
0.006,0.022,0.110,0.000,0.476
0.005,0.014,0.120,0.000,0.470
0.004,0.012,0.109,0.000,0.459
0.004,0.016,0.102,0.000,0.460
0.003,0.015,0.109,0.000,0.456
0.002,0.019,0.088,0.000,0.447
0.002,0.012,0.092,0.000,0.443
0.002,0.012,0.083,0.000,0.442
0.002,0.016,0.095,0.000,0.434
0.002,0.014,0.100,0.000,0.425
0.001,0.011,0.105,0.000,0.426
0.001,0.013,0.104,0.000,0.418
0.001,0.013,0.107,0.000,0.408
0.001,0.012,0.112,0.000,0.407
0.001,0.014,0.131,0.000,0.401
0.001,0.012,0.273,0.000,0.350
0.001,0.010,0.527,0.000,0.267
0.001,0.014,0.761,0.000,0.221
0.001,0.015,0.606,0.000,0.267
0.001,0.012,0.521,0.000,0.247
0.001,0.013,0.575,0.000,0.227
0.001,0.014,0.695,0.000,0.219
0.000,0.012,0.731,0.000,0.213
0.000,0.012,0.600,0.000,0.209
0.002,0.013,0.499,0.000,0.205
0.019,0.010,0.457,0.000,0.201
0.037,0.010,0.455,0.000,0.198
0.043,0.009,0.436,0.000,0.194
0.028,0.012,0.329,0.000,0.191
0.018,0.013,0.253,0.000,0.188
0.012,0.017,0.203,0.000,0.185
0.008,0.016,0.196,0.000,0.181
0.005,0.012,0.206,0.000,0.179
0.003,0.015,0.205,0.000,0.176
0.002,0.014,0.229,0.004,0.174
0.001,0.012,0.443,0.107,0.171
0.009,0.011,0.309,0.775,0.157
0.021,0.010,0.259,0.778,0.124
0.016,0.011,0.276,0.599,0.201
0.010,0.011,0.284,0.606,0.386
0.007,0.011,0.250,0.516,0.849
0.004,0.006,0.235,0.480,0.841
0.003,0.010,0.220,0.415,0.803
0.002,0.013,0.218,0.289,0.755
0.001,0.016,0.220,0.229,0.712
0.001,0.039,0.220,0.113,0.706
0.002,0.016,0.231,0.038,0.699
0.012,0.013,0.280,0.008,0.691
0.021,0.012,0.285,0.008,0.679
0.024,0.010,0.234,0.004,0.670
0.019,0.009,0.204,0.002,0.660
0.009,0.011,0.175,0.001,0.649
0.005,0.013,0.212,0.000,0.639
0.003,0.013,0.214,0.000,0.626
0.002,0.011,0.197,0.000,0.616
0.001,0.011,0.188,0.000,0.604
0.001,0.016,0.189,0.000,0.592
0.002,0.022,0.198,0.000,0.581
0.013,0.013,0.200,0.000,0.571
0.033,0.010,0.227,0.000,0.563
0.022,0.012,0.182,0.000,0.556
0.014,0.013,0.171,0.000,0.550
0.007,0.013,0.164,0.000,0.546
0.005,0.013,0.167,0.000,0.543
0.003,0.014,0.160,0.000,0.539
0.003,0.011,0.146,0.000,0.537
0.002,0.011,0.163,0.000,0.534
0.002,0.012,0.173,0.000,0.530
0.062,0.015,0.182,0.000,0.527
0.719,0.013,0.191,0.000,0.523
0.817,0.013,0.336,0.000,0.521
0.483,0.018,0.378,0.000,0.539
0.250,0.015,0.332,0.000,0.537
0.102,0.014,0.331,0.000,0.581
0.044,0.014,0.310,0.000,0.490
0.021,0.009,0.330,0.000,0.449
0.012,0.012,0.212,0.000,0.421
0.008,0.013,0.129,0.000,0.398
0.006,0.011,0.130,0.000,0.395
0.005,0.010,0.122,0.000,0.382
0.005,0.011,0.107,0.000,0.378
0.005,0.010,0.105,0.000,0.372
0.004,0.012,0.112,0.000,0.364
0.003,0.014,0.101,0.000,0.328
0.003,0.014,0.105,0.000,0.180
0.003,0.013,0.111,0.000,0.092
0.003,0.012,0.107,0.000,0.059
0.002,0.017,0.100,0.000,0.037
0.002,0.016,0.090,0.000,0.026
0.002,0.015,0.096,0.000,0.017
0.002,0.014,0.091,0.000,0.012
0.002,0.011,0.104,0.000,0.008
0.012,0.015,0.179,0.000,0.007
0.020,0.017,0.340,0.000,0.030
0.013,0.015,0.391,0.000,0.040
0.010,0.013,0.389,0.000,0.032
0.007,0.017,0.362,0.000,0.039
0.005,0.013,0.324,0.000,0.032
0.003,0.016,0.349,0.000,0.027
0.002,0.015,0.412,0.000,0.026
0.001,0.013,0.384,0.000,0.027
0.001,0.011,0.350,0.000,0.027
0.005,0.014,0.378,0.000,0.027
0.035,0.016,0.367,0.000,0.021
0.044,0.016,0.340,0.000,0.018
0.027,0.014,0.274,0.000,0.017
0.015,0.011,0.299,0.000,0.018
0.009,0.013,0.311,0.000,0.016
0.005,0.015,0.290,0.000,0.015
0.003,0.012,0.270,0.000,0.018
0.002,0.012,0.313,0.000,0.016
0.001,0.012,0.293,0.000,0.021
0.001,0.012,0.306,0.000,0.019
0.002,0.017,0.295,0.000,0.026
0.020,0.013,0.333,0.000,0.210
0.045,0.014,0.348,0.000,0.429
0.034,0.011,0.319,0.000,0.238
0.026,0.018,0.303,0.000,0.156
0.017,0.035,0.320,0.000,0.089
0.012,0.020,0.301,0.000,0.043
0.008,0.013,0.280,0.000,0.026
0.005,0.013,0.309,0.000,0.016
0.004,0.011,0.305,0.000,0.022
0.003,0.010,0.306,0.010,0.027
0.004,0.011,0.258,0.194,0.027
0.020,0.013,0.275,0.901,0.038
0.033,0.013,0.290,0.745,0.185
0.018,0.014,0.288,0.594,0.236
0.011,0.012,0.256,0.592,0.804
0.005,0.011,0.269,0.502,0.897
0.003,0.012,0.277,0.470,0.835
0.002,0.013,0.275,0.409,0.746
0.001,0.015,0.268,0.274,0.696
0.001,0.012,0.278,0.218,0.685
0.001,0.015,0.337,0.100,0.669
0.002,0.019,0.320,0.034,0.652
0.011,0.019,0.290,0.011,0.636
0.017,0.018,0.315,0.017,0.621
0.024,0.014,0.285,0.015,0.608
0.017,0.016,0.258,0.014,0.597
0.009,0.021,0.249,0.009,0.591
0.006,0.019,0.268,0.005,0.584
0.003,0.017,0.291,0.001,0.578
0.002,0.021,0.249,0.000,0.573
0.001,0.015,0.260,0.000,0.568
0.001,0.016,0.276,0.003,0.564
0.001,0.019,0.291,0.092,0.561
0.004,0.014,0.254,0.786,0.559
0.011,0.015,0.263,0.844,0.557
0.011,0.015,0.260,0.622,0.555
0.007,0.014,0.267,0.622,0.552
0.003,0.014,0.248,0.528,0.550
0.002,0.014,0.235,0.484,0.547
0.002,0.015,0.270,0.427,0.544
0.001,0.014,0.260,0.305,0.541
0.001,0.014,0.212,0.236,0.537
0.001,0.014,0.209,0.125,0.534
0.002,0.013,0.208,0.043,0.530
0.019,0.016,0.204,0.012,0.510
0.071,0.015,0.185,0.017,0.397
0.070,0.011,0.216,0.015,0.496
0.041,0.011,0.240,0.015,0.614
0.021,0.018,0.223,0.010,0.569
0.010,0.034,0.208,0.006,0.529
0.006,0.017,0.219,0.001,0.500
0.004,0.015,0.240,0.000,0.483
0.003,0.015,0.207,0.000,0.469
0.003,0.015,0.214,0.000,0.454
0.068,0.015,0.221,0.000,0.439
0.720,0.023,0.234,0.000,0.366
0.838,0.018,0.227,0.000,0.219
0.560,0.019,0.209,0.000,0.128
0.375,0.010,0.239,0.000,0.068
0.233,0.011,0.238,0.000,0.040
0.168,0.010,0.212,0.000,0.035
0.136,0.015,0.183,0.000,0.032
0.113,0.018,0.213,0.000,0.022
0.092,0.014,0.226,0.000,0.018
0.080,0.016,0.180,0.000,0.016
0.068,0.017,0.179,0.000,0.011
0.063,0.014,0.196,0.000,0.008
0.063,0.015,0.193,0.000,0.007
0.064,0.016,0.163,0.000,0.005
0.051,0.015,0.158,0.000,0.004
0.039,0.017,0.173,0.000,0.003
0.030,0.020,0.173,0.000,0.002
0.022,0.020,0.174,0.000,0.002
0.018,0.018,0.146,0.000,0.002
0.015,0.017,0.180,0.000,0.002
0.013,0.024,0.180,0.000,0.002
0.010,0.021,0.164,0.000,0.002
0.006,0.016,0.152,0.000,0.007
0.010,0.017,0.165,0.000,0.011
0.017,0.017,0.171,0.000,0.011
0.015,0.021,0.132,0.000,0.018
0.013,0.020,0.152,0.000,0.018
0.008,0.012,0.176,0.000,0.011
0.005,0.013,0.147,0.000,0.008
0.003,0.013,0.134,0.000,0.010
0.002,0.013,0.145,0.000,0.010
0.002,0.016,0.150,0.000,0.006
0.002,0.012,0.129,0.006,0.007
0.003,0.015,0.131,0.090,0.011
0.025,0.016,0.135,0.261,0.084
0.037,0.012,0.138,0.119,0.382
0.040,0.011,0.144,0.037,0.186
0.023,0.009,0.114,0.014,0.090
0.016,0.015,0.141,0.003,0.060
0.011,0.018,0.135,0.001,0.029
0.007,0.013,0.129,0.000,0.016
0.005,0.015,0.117,0.000,0.018
0.003,0.019,0.140,0.000,0.015
0.001,0.017,0.143,0.014,0.015
0.002,0.016,0.122,0.227,0.025
0.016,0.013,0.117,0.871,0.140
0.024,0.015,0.136,0.715,0.272
0.017,0.011,0.138,0.601,0.550
0.009,0.012,0.112,0.584,0.793
0.005,0.013,0.097,0.490,0.849
0.003,0.017,0.100,0.453,0.750
0.002,0.016,0.097,0.400,0.598
0.002,0.012,0.095,0.263,0.600
0.001,0.013,0.081,0.203,0.664
0.001,0.014,0.080,0.087,0.654
0.003,0.017,0.051,0.029,0.561
0.013,0.014,0.038,0.012,0.539
0.018,0.012,0.025,0.017,0.596
0.024,0.016,0.017,0.015,0.613
0.017,0.018,0.016,0.013,0.548
0.009,0.018,0.021,0.008,0.498
0.005,0.024,0.021,0.004,0.532
0.003,0.019,0.019,0.001,0.570
0.002,0.017,0.023,0.000,0.540
0.001,0.018,0.019,0.000,0.470
0.001,0.018,0.017,0.000,0.482
0.002,0.021,0.018,0.000,0.531
0.021,0.056,0.017,0.000,0.528
0.035,0.091,0.015,0.000,0.462
0.022,0.014,0.013,0.000,0.451
0.011,0.018,0.012,0.000,0.492
0.006,0.022,0.012,0.000,0.508
0.004,0.016,0.014,0.000,0.464
0.003,0.023,0.015,0.000,0.427
0.002,0.014,0.015,0.000,0.452
0.002,0.017,0.013,0.000,0.484
0.008,0.018,0.013,0.000,0.464
0.146,0.017,0.013,0.000,0.408
0.850,0.017,0.022,0.000,0.421
0.721,0.021,0.155,0.000,0.434
0.419,0.014,0.362,0.000,0.239
0.205,0.014,0.292,0.000,0.636
0.080,0.015,0.273,0.000,0.822
0.035,0.016,0.284,0.000,0.651
0.017,0.018,0.261,0.000,0.596
0.011,0.020,0.157,0.000,0.539
0.007,0.023,0.091,0.000,0.536
0.006,0.014,0.035,0.000,0.519
0.005,0.016,0.019,0.000,0.498
0.005,0.017,0.020,0.000,0.494
0.004,0.014,0.020,0.000,0.465
0.004,0.017,0.020,0.000,0.348
0.003,0.014,0.016,0.000,0.257
0.003,0.014,0.017,0.000,0.151
0.003,0.012,0.016,0.000,0.089
0.003,0.016,0.016,0.000,0.063
0.002,0.014,0.019,0.000,0.037
0.002,0.016,0.018,0.000,0.017
0.002,0.015,0.017,0.000,0.016
0.002,0.015,0.017,0.045,0.014
0.008,0.018,0.033,0.552,0.011
0.032,0.013,0.194,0.888,0.008
0.023,0.016,0.294,0.664,0.010
0.015,0.014,0.268,0.637,0.008
0.007,0.011,0.263,0.537,0.005
0.004,0.014,0.259,0.493,0.007
0.002,0.011,0.261,0.438,0.005
0.002,0.012,0.267,0.335,0.005
0.001,0.013,0.251,0.245,0.004
0.001,0.015,0.247,0.150,0.004
0.001,0.014,0.270,0.051,0.004
0.009,0.017,0.248,0.015,0.013
0.037,0.014,0.226,0.015,0.021
0.040,0.012,0.251,0.015,0.019
0.022,0.017,0.247,0.015,0.018
0.013,0.042,0.239,0.011,0.018
0.009,0.027,0.244,0.007,0.017
0.005,0.024,0.232,0.002,0.015
0.003,0.021,0.233,0.000,0.016
0.002,0.020,0.242,0.000,0.016
0.001,0.013,0.230,0.000,0.018
0.001,0.018,0.236,0.000,0.020
0.009,0.020,0.236,0.000,0.019
0.090,0.018,0.215,0.000,0.038
0.163,0.020,0.215,0.000,0.285
0.089,0.015,0.234,0.000,0.311
0.039,0.014,0.219,0.000,0.171
0.017,0.017,0.202,0.000,0.078
0.009,0.018,0.212,0.000,0.043
0.005,0.021,0.212,0.000,0.027
0.004,0.017,0.221,0.000,0.015
0.003,0.017,0.224,0.000,0.017
0.008,0.017,0.218,0.021,0.018
0.084,0.018,0.232,0.303,0.057
0.286,0.013,0.232,0.904,0.217
0.199,0.015,0.196,0.705,0.342
0.153,0.011,0.227,0.614,0.877
0.144,0.010,0.255,0.576,0.873
0.114,0.013,0.254,0.492,0.735
0.088,0.014,0.263,0.432,0.790
0.065,0.010,0.264,0.387,0.780
0.045,0.015,0.223,0.256,0.712
0.038,0.016,0.217,0.188,0.618
0.035,0.014,0.210,0.075,0.653
0.036,0.014,0.212,0.025,0.720
0.060,0.016,0.228,0.012,0.698
0.063,0.015,0.222,0.017,0.601
0.032,0.012,0.210,0.015,0.597
0.015,0.014,0.215,0.013,0.667
0.010,0.014,0.225,0.008,0.679
0.006,0.014,0.243,0.003,0.600
0.003,0.015,0.244,0.001,0.562
0.002,0.018,0.219,0.000,0.612
0.002,0.017,0.201,0.000,0.650
0.002,0.014,0.219,0.009,0.603
0.011,0.012,0.277,0.171,0.536
0.116,0.013,0.212,0.826,0.563
0.241,0.011,0.186,0.745,0.614
0.229,0.015,0.211,0.596,0.599
0.165,0.012,0.315,0.592,0.522
0.119,0.013,0.304,0.501,0.527
0.088,0.011,0.409,0.468,0.578
0.069,0.014,0.576,0.406,0.588
0.052,0.015,0.581,0.273,0.526
0.043,0.012,0.522,0.215,0.500
0.035,0.011,0.492,0.099,0.539
0.035,0.013,0.522,0.033,0.567
0.042,0.015,0.503,0.011,0.521
0.052,0.015,0.471,0.017,0.385
0.052,0.012,0.492,0.015,0.564
0.042,0.014,0.468,0.014,0.719
0.034,0.016,0.386,0.009,0.765
0.025,0.018,0.237,0.004,0.678
0.019,0.018,0.215,0.001,0.567
0.016,0.015,0.237,0.000,0.555
0.013,0.014,0.252,0.000,0.610
0.018,0.013,0.221,0.000,0.611
0.151,0.014,0.242,0.000,0.524
0.848,0.024,0.403,0.000,0.483
0.728,0.044,0.395,0.000,0.482
0.419,0.014,0.344,0.000,0.366
0.207,0.017,0.375,0.000,0.275
0.081,0.019,0.412,0.000,0.236
0.037,0.017,0.432,0.000,0.221
0.018,0.013,0.412,0.000,0.157
0.011,0.013,0.383,0.000,0.110
0.007,0.014,0.293,0.000,0.097
0.006,0.018,0.259,0.000,0.079
0.005,0.013,0.245,0.000,0.065
0.005,0.017,0.245,0.000,0.061
0.004,0.016,0.246,0.000,0.058
0.004,0.015,0.236,0.000,0.064
0.003,0.017,0.239,0.000,0.048
0.003,0.014,0.232,0.000,0.055
0.003,0.015,0.231,0.000,0.064
0.003,0.014,0.221,0.000,0.048
0.003,0.015,0.196,0.000,0.035
0.002,0.016,0.190,0.000,0.027
0.002,0.013,0.184,0.000,0.033
0.002,0.015,0.214,0.000,0.037
0.004,0.018,0.195,0.000,0.027
0.015,0.021,0.248,0.000,0.024
0.019,0.022,0.324,0.000,0.025
0.013,0.021,0.315,0.000,0.023
0.009,0.016,0.331,0.000,0.021
0.006,0.014,0.422,0.000,0.019
0.004,0.019,0.460,0.000,0.020
0.003,0.021,0.404,0.000,0.019
0.002,0.018,0.342,0.000,0.020
0.001,0.016,0.323,0.000,0.023
0.001,0.015,0.361,0.000,0.018
0.007,0.020,0.392,0.000,0.048
0.033,0.016,0.362,0.000,0.357
0.040,0.014,0.350,0.000,0.345
0.038,0.014,0.381,0.000,0.193
0.022,0.017,0.373,0.000,0.126
0.015,0.017,0.352,0.000,0.074
0.010,0.017,0.369,0.000,0.035
0.006,0.016,0.362,0.000,0.021
0.004,0.019,0.287,0.000,0.017
0.003,0.021,0.182,0.000,0.023
0.001,0.021,0.180,0.037,0.029
0.004,0.017,0.343,0.447,0.030
0.016,0.018,0.463,0.968,0.087
0.021,0.014,0.480,0.689,0.153
0.011,0.009,0.514,0.625,0.606
0.008,0.009,0.388,0.561,0.758
0.005,0.012,0.305,0.494,0.716
0.004,0.009,0.290,0.428,0.625
0.002,0.008,0.286,0.368,0.581
0.002,0.014,0.254,0.252,0.573
0.001,0.013,0.271,0.175,0.564
0.001,0.012,0.320,0.066,0.558
0.004,0.010,0.401,0.021,0.554
0.019,0.012,0.410,0.008,0.549
0.021,0.019,0.398,0.007,0.545
0.023,0.030,0.410,0.002,0.540
0.014,0.015,0.379,0.001,0.536
0.007,0.014,0.363,0.000,0.532
0.004,0.012,0.337,0.000,0.528
0.003,0.014,0.350,0.000,0.526
0.002,0.012,0.383,0.000,0.523
0.001,0.016,0.380,0.000,0.521
0.001,0.018,0.406,0.000,0.518
0.004,0.012,0.411,0.000,0.515
0.025,0.009,0.366,0.000,0.511
0.029,0.009,0.315,0.000,0.508
0.019,0.014,0.301,0.000,0.504
0.010,0.010,0.283,0.000,0.501
0.006,0.013,0.253,0.000,0.496
0.004,0.010,0.246,0.000,0.492
0.003,0.010,0.238,0.000,0.488
0.002,0.012,0.226,0.000,0.483
0.002,0.010,0.196,0.000,0.477
0.022,0.010,0.200,0.000,0.472
0.288,0.013,0.208,0.000,0.466
0.910,0.011,0.268,0.000,0.457
0.653,0.009,0.419,0.000,0.400
0.361,0.011,0.406,0.000,0.313
0.170,0.010,0.387,0.000,0.372
0.067,0.012,0.371,0.000,0.459
0.030,0.015,0.317,0.000,0.431
0.016,0.014,0.286,0.000,0.387
0.010,0.016,0.276,0.000,0.372
0.007,0.020,0.272,0.000,0.352
0.006,0.013,0.264,0.000,0.346
0.005,0.011,0.265,0.000,0.335
0.005,0.016,0.262,0.000,0.326
0.004,0.014,0.251,0.000,0.319
0.004,0.014,0.240,0.000,0.312
0.003,0.017,0.242,0.000,0.266
0.003,0.009,0.227,0.000,0.230
0.003,0.012,0.205,0.000,0.128
0.002,0.012,0.180,0.000,0.057
0.002,0.013,0.179,0.000,0.031
0.002,0.011,0.193,0.000,0.016
0.002,0.012,0.205,0.004,0.008
0.002,0.013,0.200,0.110,0.004
0.005,0.015,0.218,0.789,0.003
0.016,0.012,0.279,0.833,0.003
0.015,0.010,0.362,0.619,0.002
0.009,0.012,0.403,0.618,0.002
0.006,0.015,0.422,0.526,0.002
0.004,0.015,0.379,0.482,0.002
0.002,0.013,0.399,0.424,0.002
0.001,0.010,0.367,0.303,0.002
0.001,0.015,0.379,0.234,0.002
0.000,0.017,0.379,0.123,0.002
0.000,0.016,0.313,0.042,0.003
0.001,0.020,0.354,0.010,0.014
0.001,0.013,0.365,0.008,0.055
0.002,0.012,0.326,0.004,0.349
0.002,0.012,0.332,0.002,0.239
0.001,0.011,0.305,0.001,0.124
0.001,0.011,0.331,0.000,0.070
0.001,0.014,0.303,0.000,0.038
0.001,0.014,0.296,0.000,0.022
0.001,0.012,0.285,0.000,0.014
0.001,0.012,0.318,0.000,0.017
0.001,0.011,0.266,0.000,0.022
0.006,0.013,0.250,0.000,0.023
0.035,0.016,0.241,0.000,0.040
0.042,0.010,0.234,0.000,0.229
0.031,0.010,0.238,0.000,0.246
0.022,0.014,0.208,0.000,0.155
0.015,0.018,0.237,0.000,0.113
0.010,0.049,0.237,0.000,0.070
0.006,0.024,0.233,0.000,0.053
0.005,0.016,0.225,0.000,0.027
0.003,0.013,0.242,0.000,0.020
0.003,0.012,0.229,0.049,0.020
0.009,0.015,0.212,0.538,0.018
0.032,0.041,0.199,0.955,0.003
0.025,0.023,0.210,0.682,0.001
0.015,0.009,0.208,0.633,0.001
0.007,0.015,0.214,0.544,0.001
0.004,0.015,0.188,0.495,0.001
0.002,0.013,0.228,0.434,0.001
0.002,0.011,0.225,0.348,0.001
0.001,0.009,0.221,0.247,0.001
0.001,0.014,0.228,0.161,0.001
0.001,0.013,0.231,0.058,0.001
0.005,0.011,0.216,0.018,0.001
0.015,0.010,0.182,0.014,0.000
0.021,0.010,0.188,0.016,0.001
0.022,0.012,0.192,0.015,0.001
0.013,0.014,0.188,0.011,0.000
0.007,0.016,0.171,0.007,0.001
0.004,0.015,0.173,0.003,0.000
0.003,0.012,0.183,0.000,0.000
0.002,0.010,0.173,0.000,0.000
0.001,0.013,0.155,0.000,0.000
0.001,0.029,0.172,0.030,0.000
0.002,0.019,0.172,0.364,0.002
0.007,0.013,0.179,0.963,0.025
0.012,0.012,0.149,0.705,0.092
0.009,0.016,0.181,0.614,0.290
0.005,0.017,0.194,0.576,0.729
0.003,0.015,0.175,0.490,0.613
0.002,0.018,0.164,0.431,0.515
0.002,0.019,0.184,0.385,0.471
0.001,0.027,0.216,0.255,0.435
0.001,0.058,0.196,0.187,0.413
0.001,0.021,0.206,0.074,0.394
0.006,0.018,0.192,0.025,0.377
0.043,0.015,0.166,0.013,0.355
0.080,0.018,0.145,0.017,0.282
0.056,0.020,0.138,0.015,0.266
0.031,0.019,0.153,0.013,0.276
0.015,0.019,0.158,0.008,0.151
0.008,0.014,0.156,0.003,0.115
0.004,0.018,0.144,0.001,0.109
0.003,0.018,0.164,0.000,0.101
0.002,0.013,0.166,0.000,0.091
0.025,0.015,0.159,0.000,0.088
0.292,0.014,0.158,0.000,0.083
0.918,0.013,0.162,0.000,0.073
0.699,0.016,0.251,0.000,0.061
0.464,0.015,0.206,0.000,0.099
0.298,0.016,0.193,0.000,0.090
0.198,0.016,0.195,0.000,0.057
0.152,0.021,0.190,0.000,0.055
0.126,0.015,0.175,0.000,0.045
0.100,0.019,0.184,0.000,0.053
0.086,0.017,0.182,0.000,0.053
0.073,0.017,0.171,0.000,0.047
0.065,0.016,0.164,0.000,0.042
0.063,0.013,0.140,0.000,0.041
0.065,0.018,0.123,0.000,0.041
0.058,0.016,0.100,0.000,0.039
0.044,0.021,0.082,0.000,0.038
0.035,0.022,0.093,0.000,0.038
0.026,0.017,0.100,0.000,0.037
0.019,0.018,0.091,0.000,0.035
0.017,0.020,0.083,0.000,0.033
0.014,0.023,0.097,0.000,0.033
0.012,0.016,0.098,0.000,0.032
0.008,0.016,0.087,0.000,0.029
0.006,0.019,0.078,0.000,0.027
0.014,0.025,0.091,0.000,0.029
0.016,0.020,0.093,0.000,0.034
0.015,0.016,0.084,0.000,0.061
0.011,0.012,0.079,0.000,0.106
0.006,0.018,0.095,0.000,0.132
0.004,0.032,0.096,0.000,0.103
0.003,0.021,0.083,0.000,0.077
0.002,0.025,0.078,0.000,0.078
0.002,0.023,0.087,0.000,0.091
0.002,0.019,0.082,0.000,0.094
0.010,0.021,0.070,0.000,0.125
0.035,0.022,0.070,0.000,0.398
0.040,0.023,0.083,0.000,0.289
0.033,0.018,0.083,0.000,0.226
0.020,0.020,0.071,0.000,0.181
0.013,0.017,0.075,0.000,0.135
0.009,0.018,0.085,0.000,0.092
0.006,0.018,0.082,0.000,0.067
0.004,0.016,0.069,0.000,0.076
0.002,0.018,0.072,0.000,0.080
0.001,0.021,0.078,0.056,0.079
0.007,0.015,0.073,0.560,0.066
0.023,0.012,0.064,0.882,0.056
0.021,0.012,0.071,0.663,0.087
0.014,0.012,0.080,0.634,0.194
0.007,0.016,0.074,0.535,0.657
0.004,0.016,0.063,0.491,0.703
0.003,0.017,0.072,0.435,0.589
0.002,0.016,0.075,0.333,0.555
0.001,0.015,0.068,0.243,0.528
0.001,0.016,0.056,0.147,0.520
0.001,0.017,0.068,0.051,0.512
0.007,0.017,0.073,0.015,0.493
0.016,0.020,0.066,0.015,0.417
0.022,0.018,0.060,0.015,0.314
0.022,0.015,0.072,0.015,0.226
0.013,0.011,0.075,0.011,0.148
0.007,0.018,0.064,0.007,0.130
0.004,0.021,0.057,0.002,0.127
0.002,0.017,0.067,0.000,0.126
0.002,0.013,0.067,0.000,0.128
0.001,0.014,0.059,0.000,0.128
0.001,0.009,0.056,0.000,0.128
0.007,0.014,0.068,0.000,0.131
0.032,0.014,0.068,0.000,0.137
0.029,0.016,0.059,0.000,0.177
0.017,0.014,0.057,0.000,0.259
0.008,0.017,0.065,0.000,0.190
0.005,0.013,0.064,0.000,0.156
0.004,0.013,0.054,0.000,0.131
0.003,0.012,0.053,0.000,0.134
0.002,0.009,0.063,0.000,0.127
0.002,0.011,0.061,0.000,0.115
0.046,0.014,0.053,0.000,0.125
0.468,0.016,0.076,0.000,0.121
0.901,0.018,0.247,0.000,0.114
0.575,0.032,0.427,0.000,0.149
0.305,0.021,0.431,0.000,0.299
0.136,0.019,0.377,0.000,0.603
0.053,0.012,0.347,0.000,0.672
0.024,0.012,0.380,0.000,0.510
0.014,0.014,0.362,0.000,0.474
0.009,0.013,0.343,0.000,0.452
0.006,0.015,0.369,0.000,0.441
0.006,0.014,0.348,0.000,0.429
0.005,0.011,0.341,0.000,0.413
0.005,0.015,0.340,0.000,0.396
0.004,0.013,0.333,0.000,0.385
0.004,0.014,0.327,0.000,0.377
0.003,0.014,0.334,0.000,0.368
0.003,0.011,0.312,0.000,0.360
0.003,0.010,0.307,0.000,0.352
0.002,0.014,0.336,0.000,0.339
0.002,0.012,0.309,0.000,0.325
0.002,0.011,0.291,0.000,0.319
0.002,0.011,0.325,0.012,0.310
0.004,0.009,0.305,0.188,0.302
0.019,0.010,0.290,0.825,0.293
0.033,0.009,0.309,0.737,0.282
0.018,0.009,0.272,0.595,0.269
0.011,0.009,0.291,0.588,0.260
0.005,0.010,0.296,0.501,0.253
0.003,0.013,0.250,0.467,0.244
0.002,0.011,0.293,0.403,0.237
0.001,0.012,0.288,0.272,0.228
0.001,0.015,0.244,0.213,0.208
0.001,0.012,0.281,0.097,0.150
0.003,0.014,0.265,0.033,0.071
0.023,0.012,0.256,0.011,0.062
0.043,0.013,0.279,0.017,0.135
0.032,0.010,0.238,0.015,0.242
0.016,0.010,0.255,0.014,0.643
0.011,0.013,0.276,0.009,0.705
0.006,0.014,0.231,0.004,0.759
0.004,0.014,0.245,0.001,0.778
0.002,0.013,0.258,0.000,0.642
0.002,0.013,0.250,0.000,0.556
0.001,0.018,0.249,0.000,0.586
0.003,0.018,0.247,0.000,0.678
0.034,0.013,0.238,0.000,0.666
0.140,0.011,0.237,0.000,0.631
0.136,0.013,0.230,0.000,0.722
0.060,0.017,0.220,0.000,0.625
0.027,0.013,0.230,0.000,0.631
0.012,0.018,0.236,0.000,0.579
0.006,0.015,0.212,0.000,0.530
0.004,0.012,0.222,0.000,0.579
0.003,0.015,0.263,0.000,0.614
0.003,0.014,0.283,0.001,0.569
0.024,0.014,0.238,0.076,0.506
0.190,0.019,0.251,0.643,0.528
0.275,0.014,0.240,0.852,0.573
0.166,0.014,0.259,0.644,0.468
0.150,0.012,0.245,0.630,0.355
0.134,0.010,0.231,0.533,0.669
0.099,0.012,0.271,0.483,0.716
0.078,0.013,0.233,0.431,0.628
0.054,0.015,0.209,0.318,0.754
0.042,0.018,0.243,0.238,0.562
0.036,0.021,0.246,0.134,0.582
0.035,0.019,0.288,0.046,0.684
0.042,0.020,0.331,0.013,0.529
0.068,0.014,0.242,0.016,0.599
0.048,0.015,0.220,0.015,0.647
0.021,0.017,0.213,0.015,0.502
0.012,0.016,0.180,0.010,0.614
0.008,0.017,0.187,0.006,0.604
0.004,0.016,0.192,0.002,0.488
0.003,0.015,0.180,0.000,0.611
0.002,0.014,0.221,0.000,0.560
0.002,0.018,0.383,0.000,0.482
0.004,0.022,0.390,0.049,0.603
0.042,0.028,0.309,0.478,0.522
0.189,0.034,0.276,0.905,0.488
0.247,0.033,0.242,0.683,0.591
0.196,0.046,0.276,0.633,0.491
0.139,0.019,0.270,0.544,0.505
0.103,0.022,0.283,0.494,0.576
0.078,0.017,0.307,0.432,0.466
0.061,0.014,0.313,0.346,0.519
0.047,0.015,0.324,0.245,0.553
0.040,0.020,0.366,0.159,0.449
0.034,0.021,0.344,0.057,0.530
0.038,0.027,0.350,0.018,0.522
0.047,0.023,0.359,0.014,0.396
0.055,0.029,0.323,0.016,0.424
0.047,0.037,0.338,0.015,0.372
0.039,0.024,0.357,0.011,0.469
0.030,0.015,0.317,0.007,0.418
0.021,0.015,0.332,0.002,0.426
0.018,0.014,0.321,0.000,0.379
0.015,0.020,0.286,0.000,0.371
0.012,0.019,0.241,0.000,0.369
0.056,0.015,0.212,0.029,0.360
0.468,0.014,0.236,0.323,0.350
0.882,0.011,0.380,0.897,0.345
0.528,0.014,0.386,0.704,0.340
0.276,0.013,0.348,0.613,0.329
0.121,0.016,0.330,0.574,0.321
0.048,0.018,0.286,0.489,0.316
0.022,0.018,0.269,0.430,0.307
0.013,0.021,0.278,0.382,0.296
0.008,0.015,0.231,0.254,0.292
0.006,0.025,0.224,0.185,0.285
0.005,0.031,0.237,0.073,0.274
0.004,0.017,0.207,0.024,0.270
0.003,0.016,0.217,0.004,0.264
0.003,0.018,0.223,0.001,0.255
0.003,0.014,0.197,0.000,0.248
0.002,0.012,0.202,0.000,0.244
0.002,0.015,0.199,0.000,0.236
0.002,0.016,0.190,0.000,0.229
0.002,0.013,0.209,0.000,0.226
0.002,0.013,0.202,0.000,0.219
0.002,0.016,0.195,0.000,0.211
0.001,0.018,0.211,0.000,0.208
0.001,0.014,0.210,0.000,0.203
0.001,0.019,0.219,0.000,0.196
0.001,0.011,0.344,0.000,0.192
0.001,0.013,0.606,0.000,0.188
0.001,0.014,0.869,0.000,0.182
0.001,0.016,0.665,0.000,0.176
0.001,0.015,0.551,0.000,0.175
0.001,0.013,0.585,0.000,0.169
0.001,0.013,0.728,0.000,0.164
0.001,0.011,0.833,0.000,0.162
0.000,0.011,0.653,0.000,0.157
0.002,0.012,0.611,0.000,0.152
0.017,0.023,0.573,0.000,0.149
0.037,0.020,0.546,0.000,0.147
0.043,0.012,0.503,0.000,0.142
0.030,0.011,0.391,0.000,0.138
0.019,0.011,0.334,0.000,0.137
0.013,0.019,0.304,0.000,0.132
0.008,0.012,0.306,0.000,0.128
0.005,0.012,0.301,0.000,0.127
0.003,0.011,0.283,0.000,0.123
0.002,0.015,0.274,0.003,0.120
0.002,0.011,0.495,0.108,0.117
0.008,0.012,0.493,0.717,0.097
0.020,0.010,0.331,0.810,0.083
0.017,0.013,0.290,0.619,0.144
0.010,0.010,0.248,0.615,0.241
0.007,0.011,0.239,0.524,0.646
0.005,0.010,0.248,0.480,0.930
0.003,0.010,0.253,0.420,0.832
0.002,0.013,0.358,0.301,0.751
0.001,0.013,0.360,0.230,0.707
0.001,0.014,0.338,0.121,0.681
0.002,0.012,0.430,0.041,0.677
0.011,0.014,0.461,0.010,0.674
0.021,0.013,0.486,0.008,0.670
0.023,0.010,0.432,0.004,0.665
0.019,0.011,0.426,0.002,0.660
0.010,0.012,0.399,0.001,0.655
0.006,0.013,0.405,0.000,0.651
0.003,0.010,0.391,0.000,0.646
0.002,0.014,0.395,0.000,0.640
0.001,0.015,0.375,0.000,0.636
0.001,0.016,0.373,0.000,0.631
0.002,0.015,0.369,0.000,0.626
0.011,0.023,0.360,0.000,0.621
0.032,0.018,0.370,0.000,0.614
0.023,0.016,0.327,0.000,0.608
0.014,0.017,0.319,0.000,0.601
0.008,0.013,0.315,0.000,0.594
0.005,0.012,0.294,0.000,0.586
0.003,0.015,0.310,0.000,0.577
0.003,0.016,0.287,0.000,0.569
0.002,0.017,0.290,0.000,0.560
0.002,0.016,0.278,0.000,0.550
0.080,0.020,0.280,0.000,0.540
0.651,0.023,0.278,0.000,0.531
0.839,0.035,0.387,0.000,0.528
0.501,0.028,0.423,0.000,0.533
0.262,0.019,0.363,0.000,0.528
0.110,0.017,0.338,0.000,0.479
0.046,0.026,0.327,0.000,0.378
0.022,0.028,0.335,0.000,0.337
0.013,0.031,0.316,0.000,0.318
0.008,0.025,0.250,0.000,0.320
0.006,0.029,0.260,0.000,0.317
0.005,0.025,0.269,0.000,0.309
0.005,0.022,0.253,0.000,0.305
0.005,0.020,0.255,0.000,0.292
0.004,0.021,0.249,0.000,0.270
0.004,0.025,0.240,0.000,0.168
0.003,0.026,0.233,0.000,0.085
0.003,0.018,0.226,0.000,0.033
0.003,0.017,0.227,0.000,0.013
0.002,0.019,0.217,0.000,0.006
0.002,0.015,0.212,0.000,0.004
0.002,0.023,0.204,0.000,0.003
0.002,0.018,0.207,0.000,0.003
0.003,0.021,0.202,0.000,0.002
0.011,0.027,0.246,0.000,0.005
0.020,0.032,0.370,0.000,0.026
0.014,0.060,0.395,0.000,0.041
0.010,0.021,0.361,0.000,0.032
0.007,0.019,0.384,0.000,0.038
0.005,0.017,0.355,0.000,0.033
0.003,0.014,0.339,0.000,0.027
0.002,0.028,0.318,0.000,0.026
0.001,0.040,0.326,0.000,0.027
0.001,0.021,0.358,0.000,0.026
0.005,0.017,0.321,0.000,0.027
0.032,0.015,0.296,0.000,0.020
0.044,0.015,0.267,0.000,0.018
0.028,0.014,0.270,0.000,0.017
0.015,0.020,0.346,0.000,0.018
0.010,0.015,0.399,0.000,0.017
0.005,0.018,0.364,0.000,0.015
0.003,0.019,0.356,0.000,0.018
0.002,0.017,0.365,0.000,0.016
0.001,0.018,0.376,0.000,0.021
0.001,0.016,0.370,0.000,0.019
0.003,0.017,0.330,0.000,0.029
0.018,0.015,0.339,0.000,0.179
0.044,0.013,0.370,0.000,0.433
0.035,0.018,0.342,0.000,0.244
0.027,0.020,0.309,0.000,0.159
0.017,0.016,0.297,0.000,0.088
0.012,0.017,0.292,0.000,0.045
0.008,0.017,0.248,0.000,0.027
0.005,0.018,0.226,0.000,0.017
0.004,0.017,0.233,0.000,0.022
0.003,0.019,0.256,0.010,0.026
0.004,0.018,0.234,0.178,0.026
0.018,0.019,0.271,0.846,0.011
0.033,0.021,0.275,0.775,0.006
0.018,0.016,0.266,0.599,0.047
0.011,0.021,0.236,0.601,0.158
0.005,0.028,0.251,0.514,0.471
0.003,0.017,0.266,0.477,0.761
0.002,0.024,0.246,0.408,0.714
0.001,0.017,0.243,0.286,0.659
0.001,0.017,0.231,0.222,0.624
0.001,0.016,0.273,0.108,0.601
0.002,0.018,0.255,0.036,0.596
0.010,0.019,0.215,0.011,0.595
0.017,0.022,0.219,0.017,0.591
0.023,0.020,0.218,0.015,0.586
0.018,0.017,0.223,0.014,0.581
0.010,0.020,0.200,0.009,0.576
0.006,0.018,0.172,0.005,0.571
0.003,0.020,0.210,0.001,0.566
0.002,0.019,0.184,0.000,0.559
0.001,0.019,0.188,0.000,0.553
0.001,0.017,0.174,0.001,0.546
0.001,0.022,0.193,0.099,0.539
0.004,0.015,0.179,0.721,0.532
0.010,0.015,0.193,0.877,0.524
0.011,0.021,0.187,0.644,0.516
0.007,0.020,0.200,0.629,0.507
0.004,0.020,0.184,0.532,0.499
0.002,0.020,0.182,0.482,0.490
0.002,0.022,0.226,0.429,0.480
0.001,0.018,0.201,0.316,0.471
0.001,0.021,0.194,0.236,0.462
0.001,0.016,0.200,0.133,0.452
0.002,0.016,0.211,0.045,0.444
0.018,0.020,0.209,0.013,0.440
0.067,0.016,0.170,0.016,0.442
0.072,0.022,0.194,0.015,0.421
0.043,0.021,0.204,0.015,0.586
0.022,0.017,0.192,0.010,0.711
0.011,0.020,0.177,0.006,0.566
0.006,0.016,0.168,0.002,0.510
0.004,0.016,0.191,0.000,0.485
0.003,0.017,0.171,0.000,0.461
0.003,0.018,0.162,0.000,0.453
0.085,0.018,0.139,0.000,0.439
0.653,0.022,0.171,0.000,0.433
0.860,0.020,0.158,0.000,0.420
0.574,0.021,0.134,0.000,0.338
0.384,0.022,0.162,0.000,0.210
0.239,0.023,0.157,0.000,0.095
0.170,0.021,0.156,0.000,0.046
0.137,0.025,0.137,0.000,0.024
0.115,0.026,0.155,0.000,0.012
0.093,0.027,0.161,0.000,0.006
0.081,0.018,0.132,0.000,0.004
0.068,0.020,0.131,0.000,0.004
0.063,0.024,0.137,0.000,0.004
0.063,0.021,0.150,0.000,0.003
0.064,0.019,0.135,0.000,0.003
0.051,0.018,0.132,0.000,0.003
0.039,0.019,0.142,0.000,0.002
0.030,0.022,0.141,0.000,0.002
0.022,0.024,0.138,0.000,0.002
0.018,0.025,0.116,0.000,0.002
0.016,0.021,0.139,0.000,0.002
0.013,0.021,0.135,0.000,0.002
0.010,0.022,0.136,0.000,0.002
0.007,0.023,0.125,0.000,0.006
0.009,0.019,0.138,0.000,0.011
0.017,0.028,0.158,0.000,0.011
0.015,0.025,0.130,0.000,0.017
0.013,0.018,0.147,0.000,0.018
0.009,0.019,0.155,0.000,0.011
0.005,0.019,0.137,0.000,0.008
0.003,0.013,0.133,0.000,0.010
0.002,0.017,0.123,0.000,0.010
0.002,0.019,0.140,0.000,0.005
0.001,0.021,0.135,0.007,0.007
0.004,0.022,0.143,0.080,0.010
0.023,0.023,0.133,0.251,0.076
0.037,0.021,0.135,0.130,0.360
0.039,0.017,0.134,0.043,0.194
0.024,0.021,0.114,0.015,0.094
0.016,0.024,0.120,0.004,0.063
0.011,0.021,0.132,0.001,0.030
0.007,0.021,0.130,0.000,0.018
0.005,0.028,0.109,0.000,0.017
0.003,0.029,0.161,0.000,0.015
0.002,0.019,0.230,0.014,0.015
0.002,0.017,0.160,0.205,0.015
0.015,0.018,0.186,0.821,0.033
0.024,0.014,0.384,0.730,0.187
0.018,0.020,0.318,0.594,0.294
0.010,0.015,0.247,0.585,0.679
0.005,0.015,0.276,0.499,0.839
0.003,0.015,0.497,0.466,0.897
0.002,0.016,0.414,0.399,0.860
0.002,0.017,0.342,0.271,0.691
0.001,0.018,0.328,0.210,0.633
0.001,0.016,0.341,0.095,0.692
0.003,0.018,0.400,0.032,0.747
0.012,0.018,0.379,0.011,0.691
0.018,0.021,0.369,0.017,0.604
0.024,0.015,0.352,0.015,0.633
0.017,0.017,0.330,0.013,0.701
0.009,0.023,0.314,0.008,0.687
0.005,0.024,0.306,0.004,0.595
0.003,0.025,0.307,0.001,0.587
0.002,0.019,0.319,0.000,0.653
0.001,0.016,0.335,0.000,0.673
0.001,0.015,0.336,0.000,0.605
0.003,0.016,0.328,0.000,0.560
0.019,0.018,0.326,0.000,0.604
0.035,0.017,0.320,0.000,0.647
0.023,0.018,0.307,0.000,0.610
0.012,0.020,0.297,0.000,0.540
0.006,0.021,0.300,0.000,0.561
0.004,0.022,0.300,0.000,0.615
0.003,0.019,0.303,0.000,0.607
0.002,0.014,0.301,0.000,0.534
0.002,0.016,0.292,0.000,0.529
0.006,0.016,0.287,0.000,0.579
0.142,0.018,0.287,0.000,0.595
0.797,0.024,0.310,0.000,0.545
0.741,0.021,0.367,0.000,0.524
0.436,0.019,0.315,0.000,0.609
0.216,0.021,0.310,0.000,0.690
0.086,0.017,0.301,0.000,0.612
0.037,0.022,0.256,0.000,0.540
0.018,0.022,0.236,0.000,0.519
0.011,0.020,0.239,0.000,0.494
0.008,0.016,0.249,0.000,0.487
0.006,0.013,0.273,0.000,0.459
0.006,0.014,0.294,0.000,0.460
0.005,0.017,0.306,0.000,0.437
0.005,0.017,0.339,0.000,0.380
0.004,0.024,0.344,0.000,0.322
0.003,0.024,0.344,0.000,0.210
0.003,0.022,0.346,0.000,0.136
0.003,0.017,0.344,0.000,0.098
0.003,0.020,0.335,0.000,0.061
0.002,0.023,0.309,0.000,0.046
0.002,0.019,0.297,0.000,0.031
0.002,0.017,0.291,0.000,0.014
0.002,0.012,0.280,0.059,0.010
0.008,0.014,0.281,0.493,0.013
0.030,0.016,0.316,0.896,0.012
0.025,0.013,0.419,0.678,0.007
0.015,0.018,0.394,0.629,0.008
0.007,0.035,0.354,0.542,0.007
0.004,0.023,0.400,0.493,0.006
0.003,0.021,0.433,0.431,0.006
0.002,0.021,0.461,0.344,0.005
0.001,0.025,0.465,0.244,0.004
0.001,0.022,0.439,0.157,0.004
0.001,0.028,0.446,0.056,0.005
0.009,0.056,0.445,0.018,0.011
0.035,0.029,0.427,0.015,0.020
0.041,0.020,0.456,0.016,0.020
0.023,0.014,0.457,0.015,0.020
0.014,0.016,0.458,0.011,0.018
0.009,0.018,0.467,0.007,0.017
0.005,0.014,0.417,0.002,0.015
0.003,0.011,0.409,0.000,0.016
0.002,0.020,0.389,0.000,0.016
0.001,0.019,0.387,0.000,0.018
0.001,0.021,0.365,0.000,0.019
0.011,0.015,0.344,0.000,0.018
0.082,0.017,0.378,0.000,0.046
0.160,0.015,0.360,0.000,0.249
0.095,0.016,0.333,0.000,0.336
0.042,0.021,0.348,0.000,0.179
0.018,0.018,0.348,0.000,0.080
0.009,0.017,0.361,0.000,0.043
0.005,0.022,0.354,0.000,0.028
0.004,0.018,0.355,0.000,0.017
0.003,0.023,0.370,0.000,0.016
0.008,0.028,0.356,0.024,0.015
0.077,0.020,0.371,0.272,0.024
0.272,0.016,0.362,0.866,0.106
0.210,0.014,0.336,0.713,0.303
0.154,0.019,0.322,0.603,0.631
0.144,0.016,0.290,0.579,0.785
0.117,0.020,0.282,0.488,0.824
0.089,0.014,0.278,0.450,0.761
0.067,0.015,0.249,0.391,0.604
0.046,0.020,0.249,0.260,0.583
0.039,0.016,0.257,0.196,0.643
0.035,0.016,0.235,0.083,0.661
0.037,0.017,0.244,0.028,0.586
0.056,0.017,0.244,0.012,0.534
0.064,0.017,0.219,0.017,0.572
0.034,0.019,0.219,0.015,0.607
0.015,0.016,0.202,0.013,0.569
0.010,0.015,0.211,0.008,0.499
0.006,0.021,0.211,0.004,0.512
0.004,0.021,0.185,0.001,0.561
0.002,0.016,0.195,0.000,0.553
0.002,0.018,0.207,0.000,0.484
0.002,0.019,0.187,0.008,0.474
0.013,0.016,0.186,0.161,0.517
0.106,0.019,0.196,0.777,0.532
0.235,0.017,0.183,0.770,0.484
0.231,0.013,0.182,0.603,0.447
0.168,0.013,0.173,0.601,0.475
0.121,0.013,0.196,0.513,0.505
0.090,0.017,0.189,0.475,0.480
0.070,0.020,0.186,0.405,0.425
0.053,0.025,0.185,0.284,0.439
0.043,0.021,0.177,0.220,0.477
0.036,0.018,0.166,0.107,0.472
0.035,0.021,0.157,0.035,0.417
0.042,0.021,0.155,0.011,0.382
0.051,0.017,0.171,0.017,0.357
0.053,0.017,0.167,0.015,0.427
0.043,0.016,0.148,0.014,0.983
0.035,0.019,0.158,0.009,0.849
0.026,0.018,0.153,0.005,0.667
0.019,0.015,0.149,0.001,0.647
0.016,0.010,0.153,0.000,0.702
0.013,0.016,0.150,0.000,0.689
0.016,0.022,0.145,0.000,0.594
0.148,0.034,0.141,0.000,0.549
0.795,0.050,0.135,0.000,0.611
0.750,0.019,0.153,0.000,0.571
0.429,0.018,0.149,0.000,0.255
0.218,0.016,0.134,0.000,0.169
0.088,0.014,0.150,0.000,0.134
0.039,0.013,0.155,0.000,0.117
0.019,0.016,0.144,0.000,0.114
0.012,0.019,0.141,0.000,0.094
0.008,0.017,0.153,0.000,0.072
0.006,0.014,0.139,0.000,0.060
0.005,0.017,0.153,0.000,0.048
0.004,0.026,0.149,0.000,0.035
0.004,0.024,0.144,0.000,0.028
0.004,0.015,0.143,0.000,0.037
0.003,0.013,0.139,0.000,0.039
0.003,0.016,0.135,0.000,0.043
0.003,0.015,0.146,0.000,0.048
0.003,0.016,0.145,0.000,0.033
0.003,0.016,0.131,0.000,0.023
0.002,0.016,0.148,0.000,0.029
0.002,0.013,0.142,0.000,0.033
0.002,0.014,0.126,0.000,0.033
0.004,0.014,0.135,0.000,0.022
0.014,0.018,0.141,0.000,0.025
0.019,0.016,0.147,0.000,0.022
0.013,0.017,0.148,0.000,0.020
0.010,0.023,0.122,0.000,0.020
0.006,0.019,0.143,0.000,0.019
0.004,0.019,0.136,0.000,0.018
0.003,0.017,0.118,0.000,0.018
0.002,0.013,0.128,0.000,0.020
0.001,0.018,0.142,0.000,0.023
0.001,0.017,0.146,0.000,0.018
0.007,0.015,0.156,0.000,0.056
0.031,0.013,0.165,0.000,0.317
0.039,0.016,0.189,0.000,0.364
0.039,0.015,0.238,0.000,0.202
0.023,0.019,0.218,0.000,0.133
0.015,0.022,0.196,0.000,0.077
0.010,0.022,0.244,0.000,0.036
0.006,0.019,0.237,0.000,0.022
0.004,0.021,0.218,0.000,0.017
0.003,0.025,0.271,0.000,0.023
0.001,0.024,0.277,0.044,0.029
0.003,0.021,0.279,0.399,0.033
0.015,0.019,0.271,0.949,0.087
0.021,0.016,0.318,0.694,0.191
0.012,0.020,0.309,0.610,0.422
0.008,0.022,0.284,0.570,0.731
0.006,0.019,0.305,0.488,0.705
0.004,0.018,0.302,0.430,0.668
0.002,0.022,0.270,0.378,0.641
0.002,0.019,0.284,0.252,0.615
0.001,0.021,0.265,0.181,0.612
0.001,0.020,0.289,0.072,0.610
0.004,0.018,0.309,0.024,0.607
0.017,0.016,0.305,0.008,0.603
0.021,0.020,0.378,0.007,0.599
0.023,0.024,0.505,0.002,0.593
0.014,0.021,0.513,0.001,0.587
0.007,0.018,0.477,0.000,0.582
0.004,0.016,0.491,0.000,0.575
0.003,0.018,0.499,0.000,0.568
0.002,0.020,0.466,0.000,0.560
0.001,0.015,0.468,0.000,0.552
0.001,0.017,0.435,0.000,0.545
0.004,0.016,0.421,0.000,0.536
0.023,0.017,0.392,0.000,0.527
0.030,0.023,0.341,0.000,0.518
0.019,0.016,0.256,0.000,0.510
0.011,0.019,0.231,0.000,0.501
0.006,0.018,0.217,0.000,0.495
0.004,0.033,0.229,0.000,0.489
0.003,0.048,0.229,0.000,0.485
0.002,0.022,0.222,0.000,0.481
0.002,0.019,0.215,0.000,0.477
0.023,0.019,0.207,0.000,0.474
0.258,0.014,0.208,0.000,0.470
0.880,0.016,0.236,0.000,0.466
0.664,0.017,0.272,0.000,0.440
0.377,0.019,0.252,0.000,0.362
0.181,0.021,0.276,0.000,0.371
0.071,0.022,0.231,0.000,0.496
0.032,0.017,0.215,0.000,0.438
0.016,0.018,0.202,0.000,0.406
0.010,0.018,0.191,0.000,0.387
0.007,0.020,0.189,0.000,0.379
0.006,0.019,0.192,0.000,0.370
0.005,0.017,0.196,0.000,0.364
0.005,0.019,0.209,0.000,0.357
0.004,0.024,0.221,0.000,0.353
0.004,0.023,0.231,0.000,0.339
0.003,0.022,0.245,0.000,0.253
0.003,0.017,0.250,0.000,0.114
0.003,0.021,0.250,0.000,0.034
0.002,0.027,0.246,0.000,0.015
0.002,0.020,0.246,0.000,0.007
0.002,0.021,0.245,0.000,0.005
0.002,0.026,0.244,0.002,0.004
0.002,0.020,0.245,0.115,0.004
0.005,0.020,0.261,0.726,0.003
0.015,0.021,0.308,0.866,0.003
0.015,0.016,0.422,0.641,0.003
0.009,0.018,0.449,0.624,0.003
0.006,0.018,0.429,0.530,0.002
0.004,0.017,0.440,0.482,0.002
0.002,0.018,0.396,0.427,0.002
0.002,0.019,0.381,0.315,0.002
0.001,0.018,0.325,0.234,0.002
0.000,0.019,0.345,0.131,0.002
0.001,0.017,0.359,0.044,0.003
0.001,0.016,0.335,0.012,0.013
0.002,0.018,0.311,0.008,0.063
0.002,0.019,0.360,0.005,0.322
0.002,0.017,0.351,0.002,0.255
0.001,0.013,0.293,0.001,0.131
0.001,0.014,0.310,0.000,0.076
0.001,0.029,0.291,0.000,0.040
0.001,0.036,0.326,0.000,0.023
0.001,0.020,0.293,0.000,0.014
0.001,0.019,0.262,0.000,0.016
0.001,0.019,0.312,0.000,0.022
0.007,0.017,0.289,0.000,0.023
0.032,0.022,0.263,0.000,0.046
0.043,0.029,0.257,0.000,0.204
0.031,0.022,0.283,0.000,0.257
0.022,0.020,0.283,0.000,0.164
0.015,0.012,0.248,0.000,0.114
0.010,0.013,0.244,0.000,0.070
0.007,0.013,0.242,0.000,0.055
0.005,0.020,0.275,0.000,0.028
0.003,0.019,0.244,0.000,0.019
0.003,0.018,0.219,0.060,0.020
0.009,0.018,0.268,0.484,0.019
0.030,0.018,0.254,0.953,0.022
0.027,0.014,0.252,0.689,0.076
0.015,0.015,0.214,0.622,0.252
0.008,0.017,0.241,0.557,0.536
0.004,0.016,0.236,0.490,0.421
0.002,0.016,0.218,0.425,0.364
0.002,0.021,0.206,0.361,0.344
0.001,0.019,0.227,0.247,0.329
0.001,0.019,0.235,0.168,0.314
0.001,0.020,0.209,0.063,0.299
0.005,0.026,0.209,0.021,0.285
0.014,0.022,0.226,0.014,0.271
0.020,0.016,0.239,0.016,0.260
0.022,0.018,0.234,0.015,0.247
0.014,0.019,0.192,0.012,0.235
0.007,0.021,0.200,0.007,0.222
0.005,0.018,0.220,0.003,0.210
0.003,0.013,0.212,0.000,0.201
0.002,0.013,0.192,0.000,0.191
0.001,0.013,0.194,0.000,0.181
0.001,0.015,0.218,0.033,0.173
0.002,0.015,0.200,0.327,0.162
0.007,0.013,0.184,0.928,0.155
0.012,0.015,0.192,0.714,0.148
0.010,0.015,0.209,0.603,0.141
0.005,0.010,0.197,0.578,0.135
0.003,0.010,0.171,0.487,0.128
0.002,0.009,0.186,0.449,0.121
0.002,0.015,0.191,0.388,0.116
0.001,0.016,0.179,0.259,0.111
0.001,0.014,0.148,0.194,0.106
0.001,0.017,0.143,0.083,0.101
0.006,0.017,0.164,0.028,0.100
0.039,0.017,0.170,0.012,0.105
0.079,0.015,0.150,0.017,0.151
0.058,0.014,0.138,0.015,0.508
0.032,0.015,0.146,0.013,0.612
0.016,0.011,0.150,0.008,0.475
0.008,0.014,0.150,0.004,0.438
0.005,0.016,0.152,0.001,0.412
0.003,0.019,0.175,0.000,0.408
0.003,0.015,0.160,0.000,0.401
0.025,0.012,0.137,0.000,0.389
0.263,0.013,0.173,0.000,0.381
0.886,0.014,0.177,0.000,0.377
0.705,0.016,0.161,0.000,0.369
0.477,0.013,0.140,0.000,0.357
0.309,0.012,0.137,0.000,0.351
0.203,0.016,0.160,0.000,0.348
0.154,0.017,0.175,0.000,0.341
0.127,0.020,0.147,0.000,0.332
0.101,0.021,0.188,0.000,0.331
0.087,0.017,0.168,0.000,0.332
0.074,0.015,0.164,0.000,0.320
0.065,0.015,0.159,0.000,0.309
0.063,0.015,0.148,0.000,0.305
0.064,0.025,0.116,0.000,0.299
0.059,0.067,0.106,0.000,0.290
0.045,0.060,0.095,0.000,0.284
0.035,0.013,0.103,0.000,0.278
0.026,0.017,0.116,0.000,0.270
0.019,0.017,0.096,0.000,0.259
0.017,0.017,0.092,0.000,0.251
0.015,0.020,0.107,0.000,0.246
0.012,0.014,0.100,0.000,0.239
0.008,0.017,0.096,0.000,0.231
0.006,0.017,0.085,0.000,0.235
0.013,0.017,0.093,0.000,0.225
0.016,0.017,0.098,0.000,0.377
0.015,0.020,0.086,0.000,0.716
0.011,0.012,0.086,0.000,0.640
0.007,0.016,0.098,0.000,0.588
0.004,0.017,0.097,0.000,0.550
0.003,0.018,0.080,0.000,0.531
0.002,0.019,0.094,0.000,0.519
0.002,0.024,0.104,0.000,0.518
0.002,0.023,0.087,0.000,0.509
0.010,0.015,0.083,0.000,0.523
0.034,0.020,0.084,0.000,0.628
0.039,0.018,0.093,0.000,0.608
0.034,0.018,0.086,0.000,0.588
0.020,0.019,0.075,0.000,0.535
0.014,0.017,0.082,0.000,0.494
0.009,0.017,0.093,0.000,0.481
0.006,0.016,0.120,0.000,0.469
0.004,0.019,0.171,0.000,0.468
0.002,0.018,0.159,0.000,0.458
0.001,0.022,0.142,0.068,0.458
0.006,0.017,0.191,0.503,0.439
0.022,0.021,0.143,0.890,0.339
0.021,0.021,0.150,0.676,0.352
0.014,0.018,0.129,0.626,0.860
0.007,0.021,0.171,0.540,0.809
0.004,0.017,0.140,0.491,0.456
0.003,0.017,0.167,0.429,0.309
0.002,0.021,0.145,0.342,0.614
0.001,0.016,0.152,0.242,0.650
0.001,0.017,0.148,0.154,0.572
0.002,0.022,0.145,0.055,0.535
0.006,0.022,0.197,0.018,0.506
0.016,0.021,0.174,0.015,0.496
0.021,0.023,0.203,0.016,0.488
0.022,0.018,0.216,0.015,0.478
0.013,0.017,0.220,0.011,0.476
0.007,0.029,0.218,0.007,0.470
0.004,0.057,0.210,0.002,0.470
0.002,0.028,0.214,0.000,0.464
0.002,0.032,0.208,0.000,0.466
0.001,0.029,0.187,0.000,0.463
0.001,0.023,0.193,0.000,0.463
0.007,0.019,0.203,0.000,0.460
0.030,0.026,0.186,0.000,0.457
0.030,0.026,0.174,0.000,0.457
0.017,0.023,0.177,0.000,0.453
0.009,0.026,0.169,0.000,0.453
0.005,0.020,0.181,0.000,0.447
0.004,0.022,0.154,0.000,0.445
0.003,0.025,0.159,0.000,0.439
0.002,0.026,0.170,0.000,0.438
0.002,0.027,0.131,0.000,0.433
0.052,0.024,0.135,0.000,0.429
0.417,0.024,0.127,0.000,0.425
0.896,0.026,0.273,0.000,0.427
0.587,0.025,0.471,0.000,0.474
0.319,0.020,0.454,0.000,0.675
0.146,0.021,0.419,0.000,0.729
0.056,0.017,0.376,0.000,0.679
0.026,0.017,0.403,0.000,0.521
0.014,0.023,0.388,0.000,0.421
0.009,0.019,0.360,0.000,0.436
0.007,0.016,0.375,0.000,0.414
0.006,0.022,0.381,0.000,0.399
0.005,0.020,0.359,0.000,0.390
0.005,0.019,0.350,0.000,0.378
0.004,0.017,0.360,0.000,0.322
0.004,0.020,0.350,0.000,0.189
0.003,0.019,0.360,0.000,0.098
0.003,0.016,0.343,0.000,0.060
0.003,0.017,0.329,0.000,0.035
0.002,0.019,0.360,0.000,0.019
0.002,0.017,0.338,0.000,0.011
0.002,0.021,0.324,0.000,0.008
0.002,0.022,0.352,0.010,0.006
0.004,0.021,0.317,0.177,0.005
0.017,0.016,0.323,0.778,0.005
0.033,0.014,0.333,0.761,0.004
0.018,0.015,0.299,0.601,0.003
0.011,0.015,0.316,0.598,0.003
0.005,0.022,0.317,0.513,0.002
0.003,0.017,0.291,0.474,0.002
0.002,0.018,0.311,0.402,0.002
0.002,0.019,0.309,0.283,0.002
0.001,0.021,0.271,0.217,0.002
0.001,0.021,0.293,0.105,0.002
0.003,0.017,0.289,0.035,0.011
0.021,0.017,0.267,0.012,0.046
0.041,0.021,0.285,0.017,0.122
0.034,0.021,0.266,0.015,0.266
0.017,0.022,0.262,0.014,0.610
0.011,0.018,0.287,0.009,0.882
0.007,0.022,0.250,0.005,0.925
0.004,0.025,0.256,0.001,0.783
0.002,0.029,0.266,0.000,0.625
0.002,0.026,0.240,0.000,0.643
0.001,0.021,0.254,0.000,0.733
0.003,0.020,0.246,0.000,0.714
0.032,0.019,0.241,0.000,0.610
0.131,0.024,0.241,0.000,0.625
0.141,0.045,0.234,0.000,0.724
0.064,0.052,0.237,0.000,0.430
0.029,0.021,0.240,0.000,0.159
0.013,0.027,0.231,0.000,0.107
0.007,0.027,0.219,0.000,0.085
0.004,0.021,0.218,0.000,0.061
0.003,0.018,0.236,0.000,0.044
0.003,0.017,0.207,0.000,0.049
0.027,0.021,0.207,0.088,0.066
0.173,0.023,0.230,0.585,0.101
0.277,0.019,0.202,0.871,0.199
0.170,0.020,0.218,0.665,0.433
0.150,0.018,0.215,0.629,0.797
0.135,0.017,0.187,0.533,0.752
0.101,0.019,0.232,0.488,0.614
0.079,0.016,0.204,0.429,0.745
0.056,0.018,0.182,0.328,0.612
0.043,0.017,0.221,0.237,0.577
0.037,0.019,0.195,0.141,0.704
0.035,0.018,0.188,0.048,0.583
0.041,0.015,0.205,0.015,0.592
0.067,0.019,0.177,0.015,0.681
0.050,0.022,0.180,0.015,0.550
0.022,0.027,0.183,0.015,0.610
0.012,0.024,0.167,0.011,0.649
0.008,0.022,0.174,0.006,0.527
0.004,0.019,0.178,0.002,0.620
0.003,0.018,0.161,0.000,0.612
0.002,0.024,0.166,0.000,0.510
0.002,0.025,0.169,0.000,0.622
0.004,0.020,0.154,0.056,0.575
0.040,0.020,0.168,0.430,0.506
0.178,0.020,0.166,0.897,0.618
0.245,0.021,0.153,0.690,0.542
0.201,0.018,0.171,0.622,0.513
0.143,0.015,0.165,0.557,0.605
0.105,0.016,0.153,0.489,0.514
0.079,0.019,0.168,0.424,0.524
0.062,0.020,0.160,0.359,0.586
0.048,0.017,0.153,0.246,0.490
0.040,0.020,0.164,0.166,0.536
0.035,0.023,0.151,0.062,0.558
0.038,0.026,0.151,0.021,0.443
0.046,0.021,0.161,0.014,0.465
0.054,0.020,0.146,0.016,0.389
0.048,0.022,0.149,0.015,0.735
0.039,0.016,0.157,0.012,0.798
0.030,0.012,0.143,0.007,0.606
0.022,0.013,0.145,0.003,0.563
0.018,0.015,0.150,0.000,0.551
0.015,0.012,0.137,0.000,0.535
0.012,0.012,0.144,0.000,0.522
0.062,0.017,0.139,0.000,0.509
0.418,0.015,0.127,0.000,0.505
0.877,0.013,0.141,0.000,0.498
0.541,0.012,0.141,0.000,0.484
0.289,0.016,0.134,0.000,0.481
0.131,0.029,0.142,0.000,0.477
0.051,0.032,0.136,0.000,0.466
0.024,0.018,0.134,0.000,0.461
0.013,0.015,0.140,0.000,0.459
0.008,0.013,0.132,0.000,0.452
0.006,0.015,0.139,0.000,0.444
0.005,0.014,0.142,0.000,0.444
0.004,0.019,0.159,0.000,0.438
0.004,0.020,0.280,0.000,0.428
0.003,0.011,0.322,0.000,0.428
0.003,0.010,0.361,0.000,0.425
0.002,0.011,0.306,0.000,0.417
0.001,0.015,0.292,0.000,0.413
0.000,0.013,0.285,0.000,0.411
0.000,0.013,0.305,0.000,0.404
0.000,0.011,0.301,0.000,0.396
0.000,0.012,0.270,0.000,0.395
0.000,0.013,0.301,0.000,0.387
0.000,0.011,0.313,0.000,0.377
0.000,0.012,0.281,0.000,0.371
0.000,0.014,0.280,0.000,0.333
0.000,0.012,0.278,0.000,0.255
0.000,0.010,0.271,0.000,0.230
0.000,0.013,0.295,0.000,0.257
0.000,0.011,0.279,0.000,0.252
0.000,0.015,0.262,0.000,0.230
0.000,0.016,0.297,0.000,0.220
0.000,0.016,0.303,0.000,0.215
0.000,0.021,0.277,0.000,0.210
0.000,0.021,0.328,0.000,0.205
0.000,0.014,0.349,0.000,0.202
0.000,0.014,0.294,0.000,0.199
0.001,0.018,0.317,0.000,0.194
0.008,0.016,0.287,0.000,0.192
0.018,0.019,0.313,0.000,0.189
0.013,0.017,0.329,0.000,0.185
0.008,0.011,0.323,0.000,0.182
0.005,0.014,0.358,0.000,0.179
0.003,0.013,0.370,0.000,0.177
0.002,0.013,0.366,0.001,0.174
0.002,0.013,0.335,0.113,0.172
0.008,0.013,0.266,0.660,0.168
0.019,0.013,0.176,0.833,0.141
0.017,0.014,0.166,0.640,0.191
0.010,0.012,0.128,0.622,0.341
0.007,0.010,0.109,0.529,0.870
0.005,0.013,0.102,0.480,0.913
0.003,0.016,0.101,0.424,0.862
0.002,0.015,0.099,0.313,0.787
0.001,0.012,0.098,0.231,0.739
0.001,0.012,0.097,0.128,0.732
0.002,0.015,0.113,0.043,0.717
0.010,0.018,0.181,0.011,0.699
0.021,0.019,0.175,0.008,0.683
0.023,0.018,0.159,0.005,0.669
0.020,0.013,0.130,0.002,0.655
0.010,0.014,0.103,0.001,0.641
0.006,0.012,0.090,0.000,0.630
0.004,0.011,0.088,0.000,0.620
0.002,0.012,0.087,0.000,0.613
0.001,0.015,0.085,0.000,0.607
0.001,0.015,0.085,0.000,0.602
0.001,0.012,0.086,0.000,0.598
0.001,0.012,0.107,0.000,0.595
0.000,0.012,0.149,0.000,0.591
0.000,0.015,0.114,0.000,0.588
0.000,0.015,0.087,0.000,0.585
0.000,0.009,0.067,0.000,0.583
0.000,0.011,0.063,0.000,0.582
0.000,0.017,0.061,0.000,0.581
0.000,0.029,0.060,0.000,0.580
0.000,0.050,0.060,0.000,0.578
0.000,0.019,0.060,0.000,0.576
0.093,0.016,0.071,0.000,0.574
0.588,0.013,0.159,0.000,0.572
0.854,0.013,0.400,0.000,0.572
0.519,0.024,0.380,0.000,0.572
0.275,0.047,0.378,0.000,0.550
0.118,0.017,0.374,0.000,0.559
0.049,0.013,0.348,0.000,0.487
0.023,0.016,0.321,0.000,0.435
0.013,0.016,0.357,0.000,0.416
0.009,0.014,0.342,0.000,0.397
0.006,0.012,0.307,0.000,0.390
0.005,0.011,0.324,0.000,0.379
0.005,0.015,0.320,0.000,0.376
0.005,0.013,0.327,0.000,0.368
0.004,0.011,0.300,0.000,0.361
0.003,0.011,0.310,0.000,0.332
0.003,0.012,0.330,0.000,0.215
0.003,0.013,0.306,0.000,0.141
0.003,0.017,0.297,0.000,0.090
0.002,0.018,0.294,0.000,0.062
0.002,0.016,0.318,0.000,0.043
0.002,0.013,0.283,0.000,0.029
0.002,0.011,0.286,0.000,0.019
0.003,0.020,0.282,0.000,0.012
0.010,0.030,0.306,0.000,0.010
0.019,0.017,0.282,0.000,0.025
0.014,0.013,0.248,0.000,0.043
0.011,0.015,0.295,0.000,0.034
0.007,0.019,0.274,0.000,0.037
0.005,0.019,0.269,0.000,0.034
0.003,0.017,0.245,0.000,0.028
0.002,0.021,0.271,0.000,0.026
0.001,0.019,0.269,0.000,0.027
0.001,0.038,0.246,0.000,0.026
0.006,0.048,0.238,0.000,0.026
0.030,0.016,0.258,0.000,0.020
0.044,0.016,0.258,0.000,0.019
0.029,0.014,0.237,0.000,0.017
0.016,0.015,0.240,0.000,0.018
0.010,0.018,0.243,0.000,0.017
0.005,0.017,0.241,0.000,0.015
0.003,0.016,0.229,0.000,0.018
0.002,0.012,0.219,0.000,0.016
0.001,0.016,0.252,0.000,0.020
0.001,0.015,0.234,0.000,0.020
0.003,0.012,0.214,0.000,0.028
0.017,0.013,0.235,0.000,0.158
0.043,0.012,0.228,0.000,0.427
0.036,0.013,0.237,0.000,0.249
0.027,0.015,0.201,0.000,0.158
0.018,0.013,0.220,0.000,0.088
0.013,0.014,0.228,0.000,0.048
0.008,0.016,0.217,0.000,0.028
0.006,0.019,0.199,0.000,0.017
0.004,0.015,0.216,0.000,0.021
0.003,0.016,0.227,0.007,0.025
0.004,0.016,0.207,0.171,0.026
0.017,0.017,0.200,0.793,0.038
0.033,0.013,0.205,0.810,0.139
0.019,0.013,0.223,0.619,0.287
0.012,0.016,0.210,0.610,0.739
0.006,0.013,0.179,0.524,0.878
0.003,0.020,0.220,0.479,0.790
0.002,0.020,0.196,0.414,0.701
0.001,0.014,0.202,0.298,0.657
0.001,0.018,0.187,0.224,0.643
0.001,0.021,0.199,0.116,0.638
0.002,0.022,0.215,0.039,0.633
0.009,0.014,0.183,0.012,0.629
0.017,0.019,0.192,0.017,0.624
0.023,0.022,0.195,0.015,0.621
0.018,0.024,0.208,0.014,0.618
0.010,0.017,0.178,0.009,0.616
0.006,0.014,0.196,0.005,0.613
0.003,0.015,0.196,0.001,0.610
0.002,0.021,0.197,0.000,0.608
0.001,0.029,0.187,0.000,0.604
0.001,0.020,0.172,0.000,0.601
0.001,0.024,0.210,0.110,0.598
0.004,0.050,0.187,0.659,0.595
0.010,0.216,0.179,0.902,0.591
0.011,0.376,0.189,0.666,0.587
0.008,0.201,0.192,0.628,0.582
0.004,0.121,0.193,0.533,0.578
0.002,0.086,0.170,0.487,0.572
0.002,0.064,0.180,0.428,0.567
0.001,0.060,0.193,0.326,0.561
0.001,0.057,0.183,0.236,0.555
0.001,0.048,0.167,0.140,0.548
0.001,0.046,0.184,0.048,0.540
0.001,0.048,0.187,0.015,0.494
0.000,0.062,0.170,0.015,0.351
0.000,0.135,0.170,0.015,0.438
0.000,0.270,0.168,0.015,0.571
0.000,0.196,0.189,0.011,0.539
0.000,0.160,0.172,0.006,0.504
0.000,0.148,0.161,0.002,0.493
0.000,0.129,0.188,0.000,0.478
0.000,0.119,0.202,0.000,0.471
0.000,0.110,0.228,0.000,0.464
0.000,0.102,0.271,0.000,0.456
0.000,0.099,0.351,0.000,0.414
0.000,0.093,0.450,0.000,0.302
0.000,0.087,0.470,0.000,0.242
0.000,0.086,0.475,0.000,0.124
0.000,0.079,0.484,0.000,0.078
0.000,0.076,0.477,0.000,0.059
0.000,0.072,0.449,0.000,0.054
0.000,0.073,0.452,0.000,0.036
0.000,0.071,0.449,0.000,0.029
0.000,0.061,0.415,0.000,0.024
0.000,0.062,0.396,0.000,0.018
0.000,0.059,0.431,0.000,0.014
0.000,0.062,0.497,0.000,0.011
0.000,0.076,0.418,0.000,0.007
0.000,0.140,0.368,0.000,0.004
0.000,0.194,0.379,0.000,0.004
0.000,0.131,0.391,0.000,0.003
0.000,0.106,0.365,0.000,0.003
0.000,0.088,0.332,0.000,0.002
0.000,0.077,0.334,0.000,0.002
0.000,0.068,0.338,0.000,0.002
0.000,0.061,0.350,0.000,0.002
0.034,0.059,0.339,0.000,0.006
0.195,0.054,0.325,0.000,0.011
0.268,0.052,0.384,0.000,0.011
0.165,0.055,0.371,0.000,0.017
0.149,0.062,0.399,0.000,0.018
0.132,0.056,0.388,0.000,0.012
0.098,0.058,0.361,0.000,0.008
0.077,0.048,0.342,0.000,0.010
0.053,0.047,0.345,0.000,0.010
0.042,0.044,0.319,0.000,0.005
0.036,0.044,0.305,0.006,0.007
0.035,0.069,0.253,0.074,0.008
0.044,0.190,0.189,0.239,0.079
0.067,0.262,0.234,0.143,0.337
0.047,0.197,0.202,0.048,0.209
0.021,0.146,0.213,0.016,0.102
0.012,0.115,0.209,0.004,0.066
0.008,0.095,0.218,0.001,0.032
0.004,0.085,0.226,0.000,0.019
0.003,0.074,0.224,0.000,0.017
0.002,0.062,0.230,0.000,0.015
0.002,0.053,0.235,0.011,0.015
0.003,0.048,0.255,0.193,0.017
0.013,0.045,0.253,0.775,0.053
0.024,0.036,0.237,0.754,0.231
0.018,0.029,0.259,0.600,0.505
0.010,0.032,0.255,0.595,0.945
0.005,0.033,0.225,0.511,0.931
0.003,0.034,0.183,0.473,0.741
0.002,0.039,0.182,0.399,0.691
0.002,0.038,0.193,0.282,0.742
0.001,0.032,0.184,0.214,0.754
0.001,0.036,0.168,0.103,0.670
0.003,0.036,0.171,0.034,0.618
0.011,0.089,0.185,0.012,0.675
0.018,0.306,0.184,0.017,0.721
0.023,0.315,0.202,0.015,0.670
0.018,0.170,0.179,0.014,0.591
0.010,0.128,0.185,0.009,0.618
0.006,0.102,0.144,0.005,0.680
0.003,0.082,0.108,0.001,0.666
0.002,0.068,0.120,0.000,0.583
0.001,0.065,0.111,0.000,0.578
0.001,0.068,0.099,0.000,0.637
0.003,0.067,0.113,0.000,0.654
0.017,0.065,0.109,0.000,0.590
0.034,0.061,0.107,0.000,0.550
0.024,0.062,0.095,0.000,0.591
0.013,0.056,0.108,0.000,0.630
0.007,0.047,0.105,0.000,0.594
0.005,0.042,0.101,0.000,0.529
0.003,0.043,0.092,0.000,0.551
0.002,0.047,0.102,0.000,0.600
0.002,0.045,0.107,0.000,0.590
0.004,0.046,0.088,0.000,0.523
0.147,0.045,0.098,0.000,0.522
0.738,0.041,0.116,0.000,0.566
0.768,0.055,0.281,0.000,0.530
0.453,0.160,0.577,0.000,0.325
0.227,0.255,0.555,0.000,0.532
0.093,0.186,0.509,0.000,0.775
0.039,0.154,0.468,0.000,0.701
0.019,0.131,0.487,0.000,0.624
0.012,0.114,0.482,0.000,0.580
0.008,0.103,0.459,0.000,0.567
0.006,0.106,0.499,0.000,0.549
0.006,0.093,0.483,0.000,0.519
0.005,0.079,0.433,0.000,0.513
0.005,0.078,0.466,0.000,0.481
0.004,0.069,0.460,0.000,0.360
0.003,0.067,0.424,0.000,0.201
0.003,0.053,0.443,0.000,0.097
0.003,0.052,0.433,0.000,0.061
0.003,0.043,0.417,0.000,0.043
0.003,0.041,0.432,0.000,0.026
0.002,0.035,0.415,0.000,0.022
0.002,0.037,0.410,0.000,0.016
0.002,0.042,0.424,0.064,0.010
0.008,0.047,0.401,0.446,0.009
0.028,0.103,0.399,0.889,0.010
0.026,0.252,0.426,0.684,0.008
0.015,0.239,0.399,0.619,0.007
0.008,0.178,0.384,0.555,0.007
0.004,0.144,0.394,0.488,0.006
0.003,0.124,0.384,0.424,0.005
0.002,0.111,0.384,0.356,0.005
0.001,0.099,0.380,0.245,0.005
0.001,0.087,0.358,0.163,0.004
0.001,0.087,0.369,0.061,0.005
0.008,0.082,0.365,0.021,0.011
0.033,0.072,0.337,0.014,0.021
0.041,0.075,0.360,0.016,0.018
0.025,0.072,0.355,0.015,0.018
0.014,0.073,0.326,0.012,0.017
0.009,0.070,0.352,0.007,0.017
0.005,0.057,0.359,0.003,0.016
0.003,0.046,0.329,0.000,0.016
0.002,0.045,0.337,0.000,0.017
0.001,0.040,0.327,0.000,0.018
0.001,0.043,0.315,0.000,0.018
0.011,0.040,0.337,0.000,0.018
0.075,0.043,0.314,0.000,0.047
0.156,0.065,0.295,0.000,0.221
0.101,0.075,0.319,0.000,0.353
0.044,0.065,0.304,0.000,0.183
0.019,0.059,0.282,0.000,0.082
0.010,0.062,0.308,0.000,0.044
0.005,0.062,0.290,0.000,0.029
0.004,0.059,0.274,0.000,0.018
0.003,0.058,0.293,0.000,0.016
0.007,0.058,0.290,0.021,0.016
0.073,0.072,0.283,0.249,0.038
0.256,0.063,0.282,0.819,0.145
0.221,0.047,0.265,0.726,0.328
0.155,0.042,0.273,0.596,0.769
0.144,0.038,0.279,0.581,0.793
0.120,0.031,0.252,0.498,0.789
0.090,0.032,0.258,0.462,0.812
0.068,0.040,0.263,0.391,0.692
0.047,0.037,0.243,0.268,0.598
0.039,0.036,0.247,0.203,0.599
0.035,0.034,0.254,0.091,0.661
0.037,0.036,0.233,0.030,0.647
0.054,0.055,0.237,0.012,0.560
0.064,0.146,0.235,0.017,0.532
0.036,0.201,0.230,0.015,0.581
0.016,0.140,0.246,0.013,0.597
0.010,0.107,0.229,0.008,0.538
0.006,0.083,0.211,0.004,0.483
0.004,0.069,0.238,0.001,0.514
0.002,0.056,0.231,0.000,0.547
0.002,0.048,0.208,0.000,0.515
0.002,0.042,0.225,0.005,0.450
0.014,0.035,0.218,0.158,0.460
0.097,0.037,0.207,0.726,0.500
0.228,0.038,0.218,0.797,0.491
0.233,0.046,0.215,0.623,0.435
0.172,0.035,0.205,0.610,0.419
0.123,0.032,0.209,0.522,0.455
0.092,0.031,0.199,0.477,0.463
0.071,0.032,0.208,0.411,0.424
0.054,0.041,0.219,0.297,0.387
0.044,0.033,0.196,0.222,0.413
0.037,0.031,0.196,0.114,0.436
0.035,0.030,0.210,0.038,0.411
0.042,0.039,0.199,0.012,0.358
0.050,0.052,0.196,0.017,0.359
0.053,0.095,0.201,0.015,0.488
0.043,0.086,0.188,0.014,0.783
0.035,0.071,0.194,0.009,0.755
0.027,0.055,0.192,0.005,0.614
0.019,0.052,0.186,0.001,0.579
0.016,0.046,0.193,0.000,0.620
0.013,0.042,0.183,0.000,0.627
0.013,0.043,0.170,0.000,0.558
0.155,0.045,0.194,0.000,0.509
0.738,0.042,0.190,0.000,0.531
0.776,0.037,0.169,0.000,0.507
0.446,0.037,0.181,0.000,0.347
0.229,0.032,0.182,0.000,0.255
0.095,0.029,0.173,0.000,0.269
0.041,0.030,0.180,0.000,0.219
0.020,0.033,0.175,0.000,0.147
0.012,0.030,0.166,0.000,0.123
0.008,0.024,0.175,0.000,0.101
0.006,0.028,0.166,0.000,0.077
0.005,0.030,0.167,0.000,0.067
0.005,0.059,0.174,0.000,0.063
0.005,0.149,0.157,0.000,0.058
0.004,0.163,0.156,0.000,0.061
0.003,0.115,0.171,0.000,0.052
0.003,0.092,0.161,0.000,0.055
0.003,0.086,0.156,0.000,0.064
0.003,0.073,0.161,0.000,0.050
0.003,0.070,0.153,0.000,0.038
0.002,0.065,0.159,0.000,0.029
0.002,0.064,0.159,0.000,0.033
0.002,0.063,0.148,0.000,0.036
0.004,0.053,0.151,0.000,0.029
0.013,0.054,0.150,0.000,0.023
0.019,0.051,0.141,0.000,0.025
0.013,0.054,0.154,0.000,0.024
0.010,0.041,0.150,0.000,0.021
0.007,0.031,0.133,0.000,0.019
0.004,0.028,0.146,0.000,0.019
0.003,0.035,0.147,0.000,0.020
0.002,0.036,0.138,0.000,0.019
0.001,0.037,0.144,0.000,0.022
0.001,0.034,0.139,0.000,0.019
0.007,0.060,0.133,0.000,0.062
0.029,0.142,0.144,0.000,0.283
0.039,0.173,0.138,0.000,0.382
0.039,0.144,0.133,0.000,0.215
0.024,0.107,0.138,0.000,0.139
0.016,0.088,0.129,0.000,0.079
0.010,0.086,0.130,0.000,0.038
0.007,0.078,0.140,0.000,0.024
0.004,0.075,0.131,0.000,0.017
0.003,0.078,0.124,0.000,0.024
0.001,0.075,0.134,0.043,0.028
0.003,0.073,0.130,0.363,0.035
0.014,0.074,0.132,0.916,0.075
0.021,0.075,0.133,0.701,0.163
0.013,0.071,0.125,0.600,0.464
0.009,0.063,0.128,0.572,0.638
0.006,0.065,0.131,0.485,0.595
0.004,0.049,0.125,0.447,0.537
0.002,0.048,0.130,0.382,0.511
0.002,0.047,0.127,0.257,0.497
0.001,0.051,0.115,0.188,0.494
0.001,0.061,0.127,0.080,0.493
0.004,0.060,0.129,0.026,0.490
0.016,0.049,0.117,0.008,0.487
0.021,0.046,0.121,0.007,0.484
0.023,0.044,0.122,0.003,0.480
0.015,0.040,0.118,0.001,0.475
0.008,0.040,0.126,0.000,0.471
0.005,0.040,0.122,0.000,0.466
0.003,0.035,0.117,0.000,0.461
0.002,0.036,0.123,0.000,0.456
0.001,0.034,0.119,0.000,0.451
0.001,0.033,0.119,0.000,0.446
0.004,0.030,0.126,0.000,0.440
0.021,0.030,0.117,0.000,0.434
0.030,0.031,0.110,0.000,0.428
0.020,0.031,0.123,0.000,0.421
0.011,0.030,0.119,0.000,0.414
0.006,0.033,0.115,0.000,0.407
0.004,0.031,0.118,0.000,0.400
0.003,0.027,0.113,0.000,0.392
0.002,0.027,0.115,0.000,0.384
0.002,0.029,0.119,0.000,0.376
0.018,0.027,0.113,0.000,0.368
0.241,0.026,0.119,0.000,0.360
0.838,0.028,0.182,0.000,0.347
0.686,0.026,0.410,0.000,0.309
0.393,0.024,0.546,0.000,0.278
0.191,0.024,0.531,0.000,0.320
0.076,0.023,0.502,0.000,0.383
0.034,0.027,0.449,0.000,0.352
0.017,0.029,0.481,0.000,0.324
0.011,0.024,0.452,0.000,0.306
0.007,0.029,0.443,0.000,0.293
0.006,0.022,0.420,0.000,0.287
0.005,0.021,0.452,0.000,0.281
0.005,0.022,0.436,0.000,0.273
0.004,0.021,0.394,0.000,0.269
0.004,0.023,0.431,0.000,0.256
0.003,0.024,0.406,0.000,0.206
0.003,0.020,0.412,0.000,0.111
0.003,0.023,0.387,0.000,0.057
0.003,0.023,0.385,0.000,0.020
0.002,0.023,0.419,0.000,0.009
0.002,0.024,0.374,0.000,0.004
0.002,0.024,0.369,0.000,0.004
0.002,0.024,0.382,0.124,0.003
0.005,0.024,0.391,0.668,0.003
0.015,0.024,0.368,0.892,0.002
0.016,0.019,0.348,0.661,0.002
0.010,0.022,0.360,0.624,0.002
0.006,0.024,0.367,0.531,0.002
0.004,0.022,0.349,0.486,0.002
0.002,0.023,0.321,0.425,0.002
0.002,0.024,0.360,0.324,0.002
0.001,0.024,0.346,0.234,0.002
0.000,0.022,0.326,0.137,0.001
0.001,0.023,0.330,0.047,0.003
0.001,0.017,0.321,0.014,0.012
0.002,0.020,0.337,0.008,0.072
0.002,0.020,0.308,0.005,0.293
0.002,0.018,0.303,0.002,0.272
0.002,0.023,0.333,0.001,0.140
0.001,0.019,0.311,0.000,0.080
0.001,0.018,0.302,0.000,0.041
0.001,0.020,0.303,0.000,0.023
0.001,0.016,0.307,0.000,0.014
0.001,0.015,0.304,0.000,0.016
0.001,0.019,0.284,0.000,0.022
0.007,0.019,0.290,0.000,0.022
0.030,0.019,0.303,0.000,0.048
0.043,0.022,0.298,0.000,0.181
0.031,0.020,0.257,0.000,0.266
0.023,0.020,0.298,0.000,0.172
0.015,0.020,0.277,0.000,0.113
0.011,0.022,0.282,0.000,0.071
0.007,0.020,0.262,0.000,0.057
0.005,0.024,0.265,0.000,0.029
0.003,0.025,0.291,0.000,0.019
0.003,0.022,0.254,0.062,0.020
0.009,0.017,0.251,0.441,0.017
0.027,0.019,0.262,0.934,0.006
0.028,0.019,0.271,0.693,0.001
0.015,0.015,0.243,0.610,0.001
0.008,0.015,0.246,0.566,0.001
0.004,0.014,0.244,0.484,0.001
0.003,0.016,0.256,0.428,0.001
0.002,0.018,0.237,0.370,0.001
0.001,0.019,0.214,0.248,0.001
0.001,0.019,0.256,0.174,0.001
0.001,0.018,0.236,0.069,0.001
0.004,0.018,0.225,0.024,0.001
0.014,0.019,0.232,0.013,0.001
0.019,0.018,0.229,0.017,0.001
0.023,0.017,0.238,0.015,0.001
0.014,0.023,0.207,0.012,0.001
0.008,0.018,0.216,0.007,0.001
0.005,0.018,0.230,0.003,0.000
0.003,0.019,0.227,0.001,0.000
0.002,0.016,0.198,0.000,0.001
0.001,0.013,0.225,0.000,0.001
0.001,0.014,0.224,0.029,0.000
0.002,0.016,0.209,0.299,0.002
0.006,0.017,0.202,0.883,0.020
0.012,0.014,0.194,0.730,0.079
0.010,0.014,0.225,0.596,0.247
0.006,0.014,0.198,0.580,0.668
0.003,0.012,0.187,0.497,0.650
0.002,0.014,0.204,0.461,0.522
0.002,0.016,0.206,0.388,0.472
0.001,0.014,0.190,0.267,0.433
0.001,0.017,0.180,0.201,0.412
0.001,0.022,0.190,0.090,0.392
0.006,0.019,0.199,0.030,0.375
0.037,0.013,0.183,0.012,0.351
0.076,0.014,0.167,0.017,0.288
0.060,0.013,0.192,0.015,0.255
0.034,0.012,0.192,0.013,0.285
0.016,0.017,0.168,0.008,0.159
0.009,0.012,0.174,0.004,0.117
0.005,0.013,0.181,0.001,0.107
0.003,0.013,0.184,0.000,0.101
0.003,0.013,0.171,0.000,0.092
0.019,0.014,0.157,0.000,0.087
0.246,0.013,0.187,0.000,0.083
0.844,0.012,0.172,0.000,0.074
0.725,0.014,0.158,0.000,0.060
0.489,0.013,0.165,0.000,0.092
0.319,0.015,0.176,0.000,0.093
0.208,0.010,0.175,0.000,0.058
0.156,0.014,0.153,0.000,0.056
0.128,0.017,0.159,0.000,0.046
0.103,0.018,0.165,0.000,0.050
0.088,0.018,0.165,0.000,0.054
0.075,0.013,0.142,0.000,0.047
0.066,0.011,0.158,0.000,0.042
0.063,0.011,0.168,0.000,0.041
0.064,0.012,0.148,0.000,0.041
0.060,0.013,0.153,0.000,0.040
0.046,0.013,0.143,0.000,0.038
0.036,0.014,0.166,0.000,0.038
0.027,0.017,0.146,0.000,0.037
0.020,0.018,0.135,0.000,0.034
0.017,0.016,0.149,0.000,0.033
0.015,0.015,0.149,0.000,0.033
0.012,0.011,0.143,0.000,0.032
0.009,0.014,0.126,0.000,0.029
0.006,0.015,0.151,0.000,0.027
0.013,0.016,0.140,0.000,0.028
0.017,0.019,0.144,0.000,0.032
0.015,0.016,0.126,0.000,0.058
0.011,0.016,0.143,0.000,0.100
0.007,0.016,0.145,0.000,0.131
0.004,0.014,0.123,0.000,0.106
0.003,0.018,0.133,0.000,0.081
0.002,0.018,0.136,0.000,0.077
0.002,0.015,0.140,0.000,0.087
0.002,0.012,0.130,0.000,0.093
0.009,0.010,0.126,0.000,0.141
0.032,0.012,0.140,0.000,0.330
0.038,0.014,0.132,0.000,0.336
0.035,0.016,0.126,0.000,0.255
0.021,0.019,0.122,0.000,0.175
0.014,0.019,0.137,0.000,0.135
0.009,0.016,0.126,0.000,0.095
0.006,0.013,0.121,0.000,0.073
0.004,0.016,0.122,0.000,0.075
0.002,0.018,0.128,0.000,0.077
0.001,0.013,0.126,0.071,0.079
0.006,0.012,0.112,0.459,0.068
0.020,0.009,0.121,0.883,0.064
0.021,0.010,0.129,0.682,0.097
0.015,0.011,0.114,0.617,0.203
0.007,0.010,0.110,0.553,0.593
0.004,0.017,0.114,0.486,0.698
0.003,0.026,0.121,0.422,0.571
0.002,0.016,0.117,0.353,0.519
0.001,0.015,0.105,0.243,0.488
0.001,0.016,0.120,0.161,0.481
0.001,0.018,0.120,0.060,0.468
0.004,0.017,0.115,0.020,0.450
0.006,0.027,0.101,0.014,0.385
0.001,0.037,0.119,0.016,0.296
0.000,0.019,0.115,0.015,0.219
0.000,0.012,0.110,0.012,0.158
0.000,0.011,0.107,0.007,0.131
0.000,0.013,0.112,0.003,0.127
0.000,0.012,0.123,0.000,0.126
0.000,0.009,0.107,0.000,0.128
0.000,0.009,0.140,0.000,0.128
0.000,0.014,0.166,0.000,0.128
0.039,0.013,0.223,0.000,0.130
0.199,0.013,0.216,0.000,0.136
0.264,0.010,0.225,0.000,0.169
0.165,0.011,0.257,0.000,0.249
0.149,0.009,0.349,0.000,0.201
0.131,0.011,0.357,0.000,0.159
0.097,0.013,0.311,0.000,0.135
0.076,0.011,0.294,0.000,0.133
0.053,0.011,0.277,0.000,0.128
0.042,0.012,0.304,0.000,0.117
0.036,0.011,0.368,0.000,0.125
0.035,0.015,0.570,0.000,0.121
0.045,0.017,0.572,0.000,0.122
0.066,0.010,0.563,0.000,0.167
0.046,0.009,0.681,0.000,0.274
0.020,0.010,0.738,0.000,0.605
0.012,0.013,0.663,0.000,0.705
0.008,0.012,0.598,0.000,0.532
0.004,0.012,0.590,0.000,0.475
0.003,0.010,0.587,0.000,0.447
0.002,0.012,0.583,0.000,0.435
0.002,0.013,0.575,0.000,0.424
0.002,0.010,0.550,0.000,0.413
0.003,0.011,0.541,0.000,0.401
0.004,0.011,0.541,0.000,0.388
0.004,0.011,0.546,0.000,0.375
0.003,0.011,0.528,0.000,0.365
0.003,0.012,0.555,0.000,0.357
0.003,0.010,0.599,0.000,0.352
0.003,0.012,0.565,0.000,0.342
0.002,0.014,0.576,0.000,0.331
0.002,0.014,0.604,0.000,0.318
0.002,0.012,0.559,0.006,0.307
0.004,0.013,0.546,0.174,0.300
0.016,0.012,0.556,0.730,0.292
0.032,0.011,0.533,0.788,0.284
0.019,0.012,0.522,0.620,0.274
0.012,0.011,0.490,0.606,0.263
0.006,0.009,0.478,0.521,0.252
0.003,0.009,0.505,0.476,0.244
0.002,0.011,0.476,0.409,0.238
0.002,0.013,0.434,0.295,0.235
0.001,0.016,0.446,0.220,0.222
0.001,0.018,0.405,0.113,0.153
0.003,0.015,0.399,0.038,0.078
0.019,0.014,0.377,0.012,0.070
0.040,0.014,0.383,0.017,0.169
0.034,0.015,0.410,0.015,0.325
0.018,0.012,0.375,0.014,0.583
0.012,0.013,0.395,0.009,0.746
0.007,0.013,0.412,0.005,0.805
0.004,0.014,0.372,0.001,0.732
0.002,0.014,0.373,0.000,0.583
0.002,0.010,0.367,0.000,0.573
0.001,0.009,0.352,0.000,0.648
0.003,0.013,0.368,0.000,0.673
0.031,0.020,0.341,0.000,0.593
0.123,0.034,0.322,0.000,0.609
0.143,0.031,0.327,0.000,0.766
0.068,0.015,0.296,0.000,0.650
0.030,0.014,0.285,0.000,0.582
0.014,0.011,0.307,0.000,0.522
0.007,0.011,0.284,0.000,0.562
0.004,0.011,0.277,0.000,0.611
0.003,0.013,0.278,0.000,0.576
0.003,0.015,0.252,0.000,0.504
0.028,0.013,0.250,0.094,0.513
0.159,0.012,0.231,0.535,0.562
0.276,0.015,0.219,0.878,0.558
0.174,0.020,0.223,0.677,0.456
0.151,0.014,0.205,0.622,0.450
0.135,0.009,0.214,0.538,0.656
0.103,0.010,0.239,0.488,0.668
0.080,0.012,0.223,0.424,0.725
0.058,0.011,0.207,0.335,0.687
0.043,0.013,0.226,0.237,0.538
0.037,0.013,0.214,0.148,0.650
0.034,0.012,0.205,0.052,0.605
0.041,0.010,0.202,0.018,0.522
0.065,0.011,0.190,0.015,0.648
0.052,0.012,0.193,0.016,0.569
0.024,0.013,0.206,0.015,0.532
0.013,0.013,0.201,0.011,0.637
0.008,0.014,0.204,0.007,0.539
0.005,0.016,0.219,0.002,0.546
0.003,0.013,0.211,0.000,0.617
0.002,0.013,0.206,0.000,0.512
0.002,0.010,0.217,0.000,0.557
0.003,0.010,0.202,0.054,0.590
0.039,0.013,0.197,0.395,0.491
0.168,0.011,0.211,0.876,0.566
0.243,0.009,0.207,0.693,0.563
0.205,0.008,0.205,0.610,0.479
0.147,0.009,0.203,0.565,0.571
0.107,0.009,0.195,0.483,0.532
0.081,0.011,0.204,0.427,0.476
0.063,0.012,0.187,0.368,0.565
0.049,0.012,0.157,0.247,0.503
0.041,0.011,0.174,0.172,0.478
0.035,0.013,0.160,0.068,0.551
0.037,0.014,0.148,0.023,0.474
0.046,0.013,0.167,0.013,0.443
0.053,0.011,0.161,0.017,0.396
0.048,0.010,0.152,0.015,0.386
0.039,0.011,0.160,0.012,0.525
0.031,0.013,0.156,0.007,0.488
0.023,0.013,0.159,0.003,0.446
0.018,0.011,0.165,0.000,0.427
0.015,0.012,0.152,0.000,0.405
0.013,0.012,0.158,0.000,0.399
0.057,0.012,0.169,0.000,0.393
0.379,0.012,0.165,0.000,0.386
0.860,0.011,0.165,0.000,0.375
0.560,0.010,0.175,0.000,0.370
0.299,0.010,0.168,0.000,0.364
0.138,0.012,0.165,0.000,0.354
0.053,0.015,0.173,0.000,0.345
0.025,0.011,0.164,0.000,0.340
0.013,0.010,0.161,0.000,0.332
0.008,0.010,0.160,0.000,0.322
0.006,0.012,0.157,0.000,0.319
0.005,0.012,0.161,0.000,0.312
0.004,0.010,0.154,0.000,0.301
0.004,0.011,0.133,0.000,0.297
0.003,0.011,0.144,0.000,0.291
0.003,0.012,0.147,0.000,0.282
0.003,0.016,0.134,0.000,0.275
0.002,0.011,0.144,0.000,0.270
0.002,0.013,0.143,0.000,0.262
0.002,0.016,0.130,0.000,0.254
0.002,0.029,0.143,0.000,0.250
0.002,0.031,0.138,0.000,0.243
0.001,0.015,0.129,0.006,0.234
0.001,0.015,0.139,0.178,0.231
0.001,0.014,0.145,0.731,0.225
0.001,0.011,0.253,0.788,0.217
0.001,0.012,0.513,0.621,0.212
0.001,0.013,0.576,0.605,0.208
0.001,0.015,0.496,0.520,0.201
0.001,0.017,0.469,0.475,0.195
0.001,0.016,0.431,0.407,0.192
0.000,0.013,0.411,0.295,0.187
0.000,0.015,0.418,0.219,0.180
0.000,0.015,0.394,0.112,0.177
0.000,0.017,0.384,0.037,0.172
0.000,0.015,0.377,0.012,0.167
0.000,0.016,0.356,0.017,0.163
0.000,0.017,0.376,0.015,0.160
0.000,0.020,0.349,0.014,0.155
0.000,0.019,0.352,0.009,0.150
0.000,0.017,0.348,0.005,0.148
0.000,0.016,0.336,0.001,0.143
0.000,0.018,0.341,0.000,0.139
0.000,0.021,0.328,0.000,0.137
0.000,0.015,0.332,0.000,0.133
0.016,0.018,0.328,0.000,0.130
0.078,0.052,0.314,0.000,0.123
0.102,0.159,0.301,0.000,0.119
0.070,0.179,0.315,0.000,0.164
0.043,0.100,0.300,0.000,0.255
0.025,0.086,0.289,0.000,0.504
0.015,0.085,0.301,0.000,0.812
0.009,0.078,0.275,0.000,0.764
0.007,0.070,0.287,0.000,0.724
0.006,0.067,0.276,0.000,0.687
0.005,0.064,0.272,0.000,0.660
0.005,0.083,0.277,0.000,0.655
0.015,0.153,0.260,0.000,0.653
0.035,0.182,0.262,0.000,0.650
0.027,0.159,0.258,0.000,0.645
0.019,0.125,0.254,0.000,0.640
0.010,0.105,0.252,0.000,0.634
0.006,0.101,0.253,0.000,0.628
0.004,0.101,0.242,0.000,0.620
0.003,0.095,0.243,0.000,0.613
0.002,0.093,0.243,0.000,0.605
0.003,0.098,0.229,0.000,0.597
0.006,0.188,0.252,0.000,0.589
0.024,0.438,0.304,0.000,0.580
0.043,0.445,0.444,0.000,0.570
0.030,0.390,0.423,0.000,0.561
0.018,0.362,0.409,0.000,0.551
0.009,0.362,0.407,0.000,0.541
0.006,0.337,0.391,0.000,0.531
0.004,0.322,0.396,0.000,0.522
0.003,0.313,0.383,0.000,0.514
0.002,0.301,0.366,0.000,0.508
0.002,0.297,0.368,0.000,0.502
0.094,0.297,0.361,0.000,0.497
0.525,0.330,0.407,0.000,0.493
0.855,0.575,0.480,0.000,0.493
0.531,0.878,0.500,0.000,0.503
0.291,0.673,0.492,0.000,0.522
0.129,0.610,0.530,0.000,0.544
0.054,0.588,0.503,0.000,0.469
0.028,0.553,0.444,0.000,0.389
0.016,0.536,0.501,0.000,0.369
0.010,0.508,0.528,0.000,0.362
0.008,0.489,0.522,0.000,0.351
0.009,0.464,0.478,0.000,0.337
0.018,0.455,0.376,0.000,0.326
0.030,0.441,0.353,0.000,0.317
0.021,0.431,0.322,0.000,0.287
0.013,0.411,0.323,0.000,0.187
0.007,0.392,0.333,0.000,0.103
0.005,0.385,0.348,0.000,0.055
0.004,0.377,0.324,0.000,0.028
0.003,0.370,0.330,0.000,0.016
0.003,0.352,0.408,0.000,0.008
0.002,0.340,0.447,0.000,0.004
0.002,0.332,0.497,0.000,0.003
0.006,0.324,0.471,0.000,0.003
0.025,0.393,0.437,0.000,0.005
0.033,0.565,0.385,0.000,0.021
0.017,0.537,0.322,0.000,0.042
0.011,0.440,0.316,0.000,0.033
0.007,0.393,0.294,0.000,0.036
0.005,0.357,0.310,0.000,0.034
0.003,0.335,0.332,0.000,0.028
0.002,0.310,0.294,0.000,0.026
0.001,0.307,0.302,0.000,0.026
0.003,0.302,0.279,0.000,0.026
0.035,0.288,0.304,0.000,0.026
0.113,0.284,0.317,0.000,0.020
0.109,0.309,0.324,0.000,0.019
0.076,0.388,0.331,0.000,0.016
0.044,0.369,0.343,0.000,0.018
0.026,0.322,0.352,0.000,0.018
0.013,0.300,0.363,0.000,0.015
0.008,0.283,0.340,0.000,0.018
0.006,0.269,0.322,0.000,0.017
0.005,0.260,0.310,0.000,0.020
0.005,0.261,0.319,0.000,0.020
0.008,0.238,0.330,0.000,0.023
0.025,0.239,0.303,0.000,0.147
0.049,0.354,0.287,0.000,0.412
0.039,0.630,0.302,0.000,0.254
0.027,0.515,0.293,0.000,0.158
0.018,0.412,0.260,0.000,0.091
0.013,0.349,0.270,0.000,0.051
0.009,0.351,0.241,0.000,0.029
0.006,0.329,0.259,0.000,0.018
0.005,0.323,0.246,0.000,0.020
0.004,0.310,0.266,0.003,0.025
0.009,0.307,0.275,0.171,0.026
0.032,0.300,0.262,0.739,0.014
0.042,0.281,0.236,0.839,0.007
0.027,0.268,0.270,0.640,0.043
0.014,0.275,0.259,0.616,0.142
0.007,0.295,0.259,0.527,0.388
0.004,0.268,0.239,0.479,0.748
0.003,0.252,0.244,0.418,0.751
0.002,0.256,0.267,0.309,0.694
0.002,0.255,0.231,0.226,0.651
0.001,0.266,0.219,0.123,0.622
0.003,0.263,0.225,0.041,0.615
0.011,0.253,0.234,0.014,0.609
0.023,0.265,0.223,0.016,0.600
0.023,0.342,0.198,0.015,0.592
0.018,0.397,0.193,0.014,0.584
0.011,0.320,0.209,0.010,0.574
0.006,0.280,0.192,0.005,0.565
0.004,0.259,0.179,0.001,0.555
0.002,0.252,0.166,0.000,0.545
0.001,0.245,0.187,0.000,0.534
0.001,0.237,0.169,0.000,0.524
0.003,0.239,0.168,0.116,0.513
0.012,0.235,0.161,0.606,0.503
0.021,0.221,0.175,0.915,0.493
0.020,0.211,0.167,0.678,0.484
0.011,0.251,0.177,0.622,0.477
0.006,0.228,0.183,0.539,0.471
0.004,0.208,0.176,0.487,0.465
0.003,0.181,0.166,0.423,0.461
0.002,0.186,0.171,0.334,0.457
0.001,0.184,0.191,0.236,0.453
0.001,0.193,0.164,0.146,0.449
0.007,0.191,0.174,0.052,0.446
0.036,0.183,0.171,0.018,0.447
0.066,0.258,0.193,0.015,0.467
0.065,0.554,0.171,0.016,0.499
0.050,0.693,0.163,0.015,0.534
0.038,0.449,0.182,0.011,0.574
0.029,0.392,0.182,0.006,0.500
0.022,0.396,0.177,0.002,0.463
0.018,0.350,0.154,0.000,0.441
0.015,0.335,0.164,0.000,0.428
0.013,0.323,0.162,0.000,0.415
0.020,0.302,0.157,0.000,0.408
0.073,0.289,0.142,0.000,0.403
0.129,0.285,0.161,0.000,0.390
0.080,0.276,0.149,0.000,0.320
0.059,0.262,0.131,0.000,0.185
0.038,0.254,0.124,0.000,0.070
0.023,0.245,0.138,0.000,0.036
0.013,0.242,0.139,0.000,0.021
0.009,0.251,0.134,0.000,0.011
0.007,0.262,0.127,0.000,0.007
0.006,0.231,0.136,0.000,0.004
0.005,0.231,0.132,0.000,0.004
0.011,0.232,0.125,0.000,0.003
0.036,0.257,0.120,0.000,0.003
0.046,0.305,0.136,0.000,0.003
0.039,0.265,0.136,0.000,0.002
0.023,0.244,0.125,0.000,0.002
0.016,0.217,0.121,0.000,0.002
0.011,0.209,0.132,0.000,0.002
0.007,0.191,0.131,0.000,0.002
0.005,0.189,0.127,0.000,0.002
0.003,0.185,0.125,0.000,0.002
0.003,0.183,0.145,0.000,0.002
0.013,0.177,0.123,0.000,0.006
0.035,0.186,0.115,0.000,0.011
0.035,0.248,0.115,0.000,0.011
0.023,0.292,0.122,0.000,0.016
0.011,0.246,0.129,0.000,0.018
0.006,0.209,0.107,0.000,0.012
0.004,0.191,0.130,0.000,0.008
0.003,0.181,0.143,0.000,0.010
0.002,0.180,0.147,0.000,0.010
0.001,0.170,0.117,0.000,0.006
0.003,0.150,0.120,0.004,0.007
0.026,0.151,0.127,0.071,0.008
0.090,0.192,0.123,0.226,0.086
0.109,0.356,0.125,0.157,0.309
0.080,0.495,0.121,0.052,0.225
0.061,0.343,0.133,0.017,0.112
0.045,0.296,0.104,0.005,0.067
0.031,0.252,0.113,0.001,0.033
0.022,0.231,0.130,0.000,0.020
0.018,0.220,0.122,0.000,0.016
0.015,0.210,0.135,0.000,0.016
0.012,0.206,0.169,0.006,0.015
0.035,0.210,0.176,0.188,0.014
0.109,0.223,0.197,0.730,0.020
0.103,0.296,0.316,0.780,0.091
0.072,0.293,0.311,0.619,0.298
0.047,0.218,0.231,0.603,0.589
0.029,0.201,0.291,0.520,0.880
0.015,0.211,0.526,0.475,0.928
0.010,0.209,0.489,0.406,0.778
0.008,0.211,0.418,0.294,0.650
0.006,0.212,0.376,0.217,0.680
0.005,0.214,0.392,0.111,0.736
0.007,0.225,0.455,0.037,0.690
0.024,0.302,0.480,0.013,0.598
0.049,0.405,0.461,0.017,0.609
0.042,0.411,0.428,0.015,0.676
0.030,0.354,0.396,0.014,0.671
0.019,0.311,0.380,0.009,0.590
0.013,0.304,0.380,0.005,0.563
0.009,0.291,0.387,0.001,0.618
0.006,0.287,0.399,0.000,0.643
0.005,0.257,0.412,0.000,0.586
0.003,0.251,0.398,0.000,0.530
0.008,0.293,0.388,0.000,0.565
0.027,0.437,0.394,0.000,0.608
0.038,0.405,0.382,0.000,0.578
0.028,0.388,0.389,0.000,0.509
0.016,0.319,0.369,0.000,0.521
0.008,0.285,0.372,0.000,0.570
0.005,0.261,0.371,0.000,0.568
0.003,0.259,0.373,0.000,0.507
0.003,0.240,0.363,0.000,0.488
0.002,0.243,0.358,0.000,0.530
0.002,0.231,0.346,0.000,0.548
0.003,0.231,0.346,0.000,0.506
0.014,0.240,0.352,0.000,0.468
0.033,0.408,0.521,0.000,0.519
0.028,0.643,0.742,0.000,0.616
0.021,0.551,0.661,0.000,0.738
0.012,0.470,0.647,0.000,0.703
0.006,0.458,0.606,0.000,0.569
0.004,0.441,0.582,0.000,0.541
0.002,0.423,0.575,0.000,0.508
0.002,0.411,0.539,0.000,0.499
0.001,0.392,0.520,0.000,0.477
0.005,0.401,0.489,0.000,0.470
0.020,0.379,0.471,0.000,0.450
0.029,0.379,0.457,0.000,0.386
0.019,0.347,0.466,0.000,0.268
0.010,0.354,0.503,0.000,0.153
0.006,0.342,0.460,0.000,0.058
0.005,0.356,0.445,0.000,0.031
0.004,0.335,0.463,0.000,0.026
0.003,0.332,0.436,0.000,0.017
0.002,0.302,0.441,0.000,0.012
0.002,0.306,0.451,0.000,0.012
0.002,0.297,0.451,0.061,0.011
0.011,0.306,0.484,0.412,0.010
0.038,0.364,0.476,0.869,0.009
0.035,0.510,0.502,0.686,0.008
0.017,0.402,0.503,0.608,0.007
0.008,0.366,0.449,0.562,0.007
0.004,0.344,0.457,0.482,0.006
0.003,0.340,0.440,0.427,0.006
0.002,0.335,0.444,0.365,0.005
0.001,0.340,0.422,0.246,0.005
0.001,0.354,0.400,0.169,0.004
0.006,0.333,0.424,0.067,0.005
0.040,0.331,0.408,0.023,0.010
0.093,0.331,0.384,0.013,0.018
0.085,0.366,0.393,0.017,0.019
0.060,0.423,0.360,0.015,0.019
0.034,0.404,0.367,0.012,0.019
0.019,0.355,0.369,0.007,0.018
0.009,0.339,0.384,0.003,0.016
0.006,0.311,0.402,0.000,0.016
0.004,0.318,0.380,0.000,0.016
0.003,0.301,0.397,0.000,0.017
0.002,0.294,0.384,0.000,0.018
0.013,0.282,0.386,0.000,0.019
0.077,0.298,0.397,0.000,0.045
0.156,0.368,0.373,0.000,0.199
0.108,0.542,0.377,0.000,0.359
0.046,0.508,0.377,0.000,0.183
0.021,0.479,0.354,0.000,0.084
0.010,0.449,0.370,0.000,0.047
0.005,0.418,0.357,0.000,0.031
0.004,0.382,0.323,0.000,0.019
0.003,0.365,0.323,0.000,0.015
0.006,0.360,0.313,0.015,0.016
0.071,0.358,0.322,0.237,0.032
0.243,0.353,0.302,0.779,0.107
0.234,0.331,0.306,0.747,0.235
0.158,0.311,0.298,0.603,0.510
0.145,0.286,0.279,0.590,0.838
0.122,0.286,0.285,0.510,0.869
0.091,0.291,0.268,0.469,0.724
0.069,0.298,0.256,0.391,0.642
0.048,0.295,0.261,0.279,0.687
0.040,0.291,0.253,0.207,0.722
0.035,0.287,0.264,0.098,0.661
0.038,0.285,0.275,0.032,0.589
0.054,0.300,0.282,0.012,0.622
0.069,0.351,0.308,0.017,0.680
0.040,0.386,0.284,0.015,0.654
0.017,0.435,0.280,0.013,0.573
0.011,0.411,0.312,0.008,0.575
0.006,0.370,0.304,0.004,0.636
0.004,0.351,0.311,0.001,0.644
0.003,0.340,0.303,0.000,0.577
0.002,0.321,0.276,0.000,0.544
0.002,0.305,0.268,0.002,0.591
0.016,0.290,0.289,0.158,0.623
0.097,0.288,0.272,0.679,0.581
0.223,0.276,0.251,0.821,0.523
0.235,0.264,0.255,0.644,0.548
0.175,0.278,0.267,0.616,0.596
0.125,0.261,0.306,0.526,0.579
0.094,0.242,0.408,0.477,0.514
0.072,0.228,0.567,0.415,0.516
0.056,0.223,0.633,0.307,0.562
0.044,0.228,0.542,0.224,0.570
0.037,0.234,0.505,0.121,0.519
0.038,0.232,0.508,0.041,0.490
0.058,0.226,0.518,0.014,0.478
0.077,0.290,0.501,0.016,0.375
0.065,0.451,0.491,0.015,0.454
0.048,0.416,0.463,0.014,0.919
0.036,0.310,0.396,0.010,0.788
0.028,0.278,0.276,0.005,0.681
0.020,0.247,0.248,0.001,0.728
0.017,0.257,0.230,0.000,0.711
0.015,0.239,0.239,0.000,0.623
0.012,0.244,0.249,0.000,0.565
0.025,0.222,0.259,0.000,0.616
0.082,0.229,0.331,0.000,0.647
0.108,0.218,0.355,0.000,0.544
0.070,0.226,0.332,0.000,0.333
0.049,0.220,0.369,0.000,0.228
0.033,0.211,0.398,0.000,0.178
0.018,0.201,0.427,0.000,0.161
0.010,0.202,0.431,0.000,0.132
0.007,0.194,0.382,0.000,0.102
0.006,0.182,0.338,0.000,0.082
0.004,0.181,0.303,0.000,0.071
0.004,0.176,0.276,0.000,0.057
0.014,0.186,0.278,0.000,0.041
0.042,0.212,0.273,0.000,0.036
0.043,0.263,0.261,0.000,0.040
0.036,0.278,0.273,0.000,0.035
0.021,0.248,0.255,0.000,0.038
0.014,0.195,0.228,0.000,0.045
0.010,0.188,0.233,0.000,0.037
0.006,0.184,0.211,0.000,0.027
0.004,0.184,0.196,0.000,0.023
0.003,0.174,0.223,0.000,0.027
0.009,0.188,0.306,0.000,0.028
0.045,0.169,0.377,0.000,0.024
0.086,0.183,0.433,0.000,0.019
0.069,0.222,0.436,0.000,0.019
0.050,0.258,0.423,0.000,0.018
0.028,0.222,0.449,0.000,0.018
0.014,0.210,0.520,0.000,0.016
0.007,0.180,0.582,0.000,0.016
0.005,0.187,0.548,0.000,0.018
0.003,0.176,0.532,0.000,0.017
0.002,0.158,0.440,0.000,0.020
0.002,0.150,0.434,0.000,0.018
0.027,0.148,0.492,0.000,0.059
0.101,0.185,0.471,0.000,0.256
0.097,0.299,0.497,0.000,0.393
0.069,0.347,0.540,0.000,0.223
0.047,0.300,0.500,0.000,0.144
0.029,0.275,0.463,0.000,0.080
0.018,0.269,0.445,0.000,0.040
0.011,0.260,0.421,0.000,0.024
0.006,0.246,0.378,0.000,0.017
0.004,0.226,0.359,0.000,0.023
0.007,0.216,0.415,0.035,0.028
0.048,0.210,0.508,0.336,0.032
0.124,0.241,0.629,0.875,0.080
0.096,0.286,0.738,0.716,0.201
0.066,0.251,0.757,0.594,0.407
0.040,0.211,0.626,0.573,0.785
0.024,0.198,0.534,0.496,0.790
0.013,0.198,0.549,0.459,0.762
0.009,0.200,0.519,0.382,0.704
0.007,0.201,0.514,0.264,0.667
0.006,0.198,0.531,0.195,0.661
0.006,0.196,0.485,0.087,0.651
0.011,0.214,0.488,0.028,0.639
0.028,0.292,0.500,0.008,0.627
0.035,0.299,0.440,0.007,0.616
0.026,0.228,0.409,0.003,0.605
0.017,0.203,0.401,0.001,0.593
0.009,0.196,0.335,0.000,0.583
0.006,0.192,0.336,0.000,0.571
0.004,0.185,0.354,0.000,0.561
0.003,0.175,0.358,0.000,0.553
0.003,0.169,0.410,0.000,0.545
0.003,0.195,0.424,0.000,0.539
0.011,0.370,0.409,0.000,0.534
0.034,0.584,0.384,0.000,0.529
0.039,0.468,0.337,0.000,0.525
0.026,0.420,0.303,0.000,0.522
0.014,0.419,0.274,0.000,0.518
0.008,0.408,0.249,0.000,0.514
0.006,0.395,0.279,0.000,0.511
0.004,0.380,0.340,0.000,0.508
0.003,0.361,0.406,0.000,0.506
0.002,0.355,0.515,0.000,0.504
0.011,0.349,0.650,0.000,0.501
0.232,0.339,0.627,0.000,0.499
0.793,0.424,0.592,0.000,0.496
0.718,0.738,0.487,0.000,0.488
0.412,0.823,0.453,0.000,0.459
0.207,0.605,0.458,0.000,0.461
0.086,0.553,0.373,0.000,0.560
0.041,0.564,0.354,0.000,0.526
0.022,0.537,0.342,0.000,0.468
0.014,0.532,0.397,0.000,0.446
0.010,0.503,0.427,0.000,0.428
0.008,0.472,0.393,0.000,0.412
0.011,0.464,0.370,0.000,0.405
0.026,0.458,0.398,0.000,0.394
0.026,0.442,0.387,0.000,0.388
0.016,0.424,0.406,0.000,0.386
0.008,0.419,0.454,0.000,0.354
0.006,0.405,0.452,0.000,0.230
0.004,0.393,0.461,0.000,0.100
0.004,0.371,0.462,0.000,0.044
0.003,0.358,0.480,0.000,0.024
0.003,0.351,0.480,0.000,0.013
0.002,0.349,0.437,0.000,0.008
0.003,0.342,0.471,0.127,0.005
0.012,0.361,0.470,0.618,0.003
0.031,0.471,0.451,0.905,0.003
0.023,0.540,0.425,0.672,0.003
0.010,0.421,0.461,0.618,0.003
0.006,0.351,0.437,0.536,0.002
0.004,0.325,0.423,0.486,0.002
0.002,0.325,0.379,0.420,0.002
0.002,0.318,0.350,0.332,0.002
0.001,0.307,0.371,0.234,0.002
0.000,0.307,0.335,0.143,0.002
0.013,0.307,0.334,0.051,0.004
0.066,0.292,0.330,0.016,0.010
0.105,0.295,0.331,0.008,0.075
0.068,0.357,0.354,0.005,0.269
0.047,0.401,0.316,0.002,0.290
0.028,0.341,0.340,0.001,0.151
0.015,0.284,0.346,0.000,0.086
0.008,0.278,0.324,0.000,0.043
0.006,0.274,0.320,0.000,0.024
0.005,0.268,0.327,0.000,0.015
0.004,0.267,0.346,0.000,0.016
0.004,0.249,0.327,0.000,0.021
0.012,0.242,0.328,0.000,0.022
0.041,0.288,0.320,0.000,0.046
0.049,0.459,0.344,0.000,0.166
0.033,0.542,0.323,0.000,0.274
0.024,0.437,0.281,0.000,0.178
0.016,0.370,0.320,0.000,0.112
0.011,0.362,0.313,0.000,0.074
0.008,0.334,0.299,0.000,0.058
0.005,0.314,0.288,0.000,0.030
0.004,0.313,0.283,0.000,0.020
0.005,0.309,0.303,0.055,0.020
0.019,0.303,0.280,0.408,0.019
0.041,0.292,0.266,0.904,0.026
0.037,0.269,0.271,0.698,0.078
0.020,0.254,0.285,0.601,0.250
0.010,0.246,0.249,0.567,0.569
0.006,0.246,0.238,0.483,0.512
0.004,0.245,0.248,0.444,0.412
0.002,0.242,0.233,0.374,0.381
0.002,0.244,0.237,0.253,0.355
0.001,0.247,0.203,0.181,0.336
0.001,0.247,0.225,0.076,0.319
0.008,0.239,0.225,0.026,0.303
0.026,0.240,0.196,0.013,0.288
0.031,0.272,0.190,0.017,0.273
0.024,0.330,0.163,0.015,0.258
0.015,0.304,0.181,0.012,0.246
0.008,0.268,0.176,0.008,0.235
0.005,0.264,0.157,0.003,0.222
0.003,0.250,0.159,0.001,0.211
0.002,0.240,0.161,0.000,0.199
0.001,0.236,0.158,0.000,0.188
0.002,0.235,0.145,0.021,0.180
0.011,0.222,0.144,0.283,0.170
0.028,0.216,0.152,0.842,0.162
0.024,0.201,0.156,0.755,0.153
0.017,0.204,0.160,0.604,0.145
0.008,0.213,0.192,0.589,0.139
0.004,0.212,0.194,0.509,0.132
0.003,0.198,0.214,0.467,0.125
0.002,0.180,0.260,0.389,0.120
0.002,0.173,0.309,0.278,0.113
0.001,0.166,0.354,0.205,0.109
0.002,0.175,0.389,0.097,0.104
0.017,0.168,0.418,0.032,0.105
0.059,0.190,0.326,0.012,0.112
0.077,0.413,0.302,0.017,0.175
0.061,0.772,0.285,0.015,0.468
0.045,0.604,0.288,0.013,0.664
0.034,0.492,0.263,0.008,0.500
0.026,0.441,0.235,0.004,0.447
0.019,0.393,0.219,0.001,0.425
0.017,0.367,0.200,0.000,0.405
0.014,0.361,0.179,0.000,0.392
0.012,0.352,0.173,0.000,0.385
0.037,0.340,0.196,0.000,0.380
0.108,0.330,0.267,0.000,0.369
0.098,0.313,0.291,0.000,0.360
0.065,0.300,0.265,0.000,0.356
0.044,0.284,0.393,0.000,0.350
0.029,0.282,0.461,0.000,0.340
0.016,0.272,0.444,0.000,0.333
0.010,0.263,0.353,0.000,0.331
0.008,0.260,0.340,0.000,0.326
0.006,0.256,0.403,0.000,0.322
0.005,0.247,0.490,0.000,0.317
0.006,0.238,0.461,0.000,0.310
0.021,0.282,0.461,0.000,0.300
0.047,0.455,0.459,0.000,0.290
0.042,0.507,0.415,0.000,0.286
0.032,0.390,0.401,0.000,0.279
0.020,0.321,0.396,0.000,0.270
0.014,0.289,0.425,0.000,0.262
0.009,0.270,0.413,0.000,0.257
0.007,0.258,0.392,0.000,0.248
0.005,0.239,0.358,0.000,0.238
0.004,0.232,0.304,0.000,0.232
0.007,0.222,0.283,0.000,0.230
0.024,0.215,0.282,0.000,0.227
0.036,0.230,0.310,0.000,0.210
0.028,0.292,0.272,0.000,0.342
0.017,0.304,0.216,0.000,0.678
0.008,0.271,0.175,0.000,0.663
0.005,0.240,0.168,0.000,0.586
0.004,0.223,0.159,0.000,0.559
0.003,0.212,0.152,0.000,0.531
0.002,0.197,0.172,0.000,0.524
0.001,0.190,0.162,0.000,0.514
0.004,0.180,0.153,0.000,0.512
0.042,0.183,0.145,0.000,0.525
0.117,0.343,0.149,0.000,0.608
0.088,0.775,0.162,0.000,0.645
0.066,0.745,0.147,0.000,0.591
0.043,0.561,0.137,0.000,0.529
0.026,0.514,0.146,0.000,0.501
0.016,0.500,0.160,0.000,0.490
0.010,0.501,0.157,0.000,0.471
0.006,0.463,0.206,0.000,0.468
0.004,0.454,0.247,0.000,0.459
0.012,0.434,0.225,0.066,0.459
0.058,0.430,0.227,0.427,0.437
0.106,0.433,0.216,0.863,0.346
0.078,0.430,0.219,0.683,0.375
0.055,0.358,0.218,0.607,0.843
0.032,0.307,0.199,0.560,0.861
0.017,0.293,0.183,0.480,0.513
0.009,0.267,0.171,0.426,0.316
0.007,0.277,0.196,0.362,0.506
0.005,0.265,0.178,0.245,0.615
0.004,0.280,0.184,0.167,0.533
0.004,0.271,0.176,0.065,0.498
0.011,0.305,0.179,0.023,0.471
0.030,0.373,0.199,0.013,0.462
0.031,0.372,0.231,0.017,0.456
0.024,0.324,0.263,0.015,0.453
0.015,0.293,0.258,0.012,0.452
0.008,0.271,0.250,0.007,0.455
0.005,0.276,0.241,0.003,0.454
0.003,0.260,0.246,0.000,0.454
0.002,0.245,0.252,0.000,0.454
0.002,0.229,0.251,0.000,0.455
0.003,0.238,0.238,0.000,0.456
0.017,0.322,0.228,0.000,0.454
0.042,0.426,0.214,0.000,0.454
0.039,0.398,0.225,0.000,0.451
0.022,0.395,0.225,0.000,0.452
0.011,0.293,0.222,0.000,0.450
0.007,0.285,0.211,0.000,0.448
0.005,0.279,0.199,0.000,0.443
0.003,0.256,0.194,0.000,0.439
0.003,0.255,0.208,0.000,0.434
0.002,0.247,0.199,0.000,0.430
0.040,0.245,0.173,0.000,0.425
0.350,0.240,0.167,0.000,0.420
0.859,0.365,0.225,0.000,0.424
0.647,0.704,0.443,0.000,0.455
0.366,0.709,0.482,0.000,0.555
0.177,0.480,0.435,0.000,0.669
0.079,0.454,0.459,0.000,0.642
0.042,0.446,0.433,0.000,0.505
0.025,0.443,0.419,0.000,0.415
0.017,0.414,0.423,0.000,0.434
0.014,0.419,0.399,0.000,0.411
0.014,0.388,0.384,0.000,0.390
0.019,0.397,0.395,0.000,0.381
0.030,0.368,0.374,0.000,0.371
0.023,0.372,0.365,0.000,0.321
0.014,0.346,0.353,0.000,0.196
0.007,0.344,0.331,0.000,0.105
0.005,0.330,0.349,0.000,0.064
0.004,0.329,0.341,0.000,0.039
0.003,0.318,0.313,0.000,0.022
0.002,0.306,0.336,0.000,0.012
0.002,0.296,0.323,0.000,0.008
0.002,0.280,0.302,0.002,0.007
0.005,0.278,0.323,0.173,0.006
0.023,0.304,0.308,0.686,0.005
0.042,0.415,0.281,0.812,0.004
0.024,0.411,0.294,0.641,0.003
0.012,0.336,0.279,0.612,0.003
0.006,0.275,0.267,0.524,0.003
0.003,0.248,0.292,0.476,0.002
0.002,0.245,0.283,0.413,0.002
0.001,0.247,0.286,0.305,0.002
0.001,0.241,0.312,0.221,0.002
0.001,0.260,0.300,0.119,0.002
0.021,0.240,0.298,0.040,0.010
0.088,0.238,0.307,0.014,0.035
0.116,0.220,0.282,0.016,0.123
0.084,0.237,0.282,0.015,0.359
0.050,0.220,0.295,0.014,0.571
0.031,0.222,0.280,0.010,0.891
0.017,0.211,0.277,0.005,0.844
0.009,0.208,0.273,0.001,0.694
0.007,0.190,0.261,0.000,0.644
0.005,0.189,0.275,0.000,0.689
0.004,0.180,0.269,0.000,0.706
0.005,0.180,0.245,0.000,0.618
0.034,0.182,0.256,0.000,0.574
0.123,0.263,0.253,0.000,0.649
0.147,0.512,0.233,0.000,0.668
0.073,0.546,0.230,0.000,0.341
0.032,0.416,0.217,0.000,0.215
0.015,0.346,0.192,0.000,0.165
0.008,0.346,0.204,0.000,0.182
0.005,0.303,0.208,0.000,0.154
0.004,0.306,0.196,0.000,0.110
0.003,0.289,0.209,0.000,0.095
0.028,0.276,0.198,0.091,0.080
0.150,0.267,0.192,0.497,0.091
0.273,0.258,0.216,0.872,0.146
0.181,0.227,0.202,0.681,0.369
0.151,0.227,0.199,0.615,0.814
0.135,0.217,0.221,0.549,0.773
0.105,0.211,0.212,0.482,0.767
0.082,0.204,0.221,0.419,0.761
0.059,0.203,0.248,0.346,0.604
0.043,0.198,0.241,0.239,0.695
0.037,0.201,0.257,0.154,0.685
0.034,0.198,0.292,0.057,0.587
0.045,0.193,0.321,0.020,0.696
0.073,0.187,0.302,0.014,0.641
0.059,0.189,0.266,0.016,0.576
0.027,0.233,0.240,0.015,0.684
0.013,0.288,0.239,0.011,0.603
0.009,0.248,0.234,0.007,0.574
0.005,0.207,0.210,0.002,0.665
0.003,0.206,0.215,0.000,0.572
0.002,0.194,0.216,0.000,0.580
0.002,0.195,0.200,0.000,0.641
0.004,0.186,0.206,0.047,0.549
0.045,0.188,0.203,0.368,0.590
0.164,0.176,0.188,0.844,0.615
0.243,0.175,0.188,0.697,0.532
0.210,0.182,0.184,0.602,0.597
0.150,0.189,0.185,0.566,0.587
0.109,0.167,0.219,0.482,0.520
0.082,0.157,0.208,0.443,0.599
0.064,0.149,0.216,0.371,0.560
0.049,0.146,0.262,0.252,0.516
0.041,0.146,0.298,0.179,0.595
0.035,0.145,0.323,0.075,0.533
0.039,0.138,0.345,0.025,0.493
0.056,0.170,0.338,0.013,0.487
0.064,0.393,0.329,0.017,0.414
0.051,0.655,0.327,0.015,0.681
0.040,0.425,0.306,0.012,0.800
0.032,0.361,0.293,0.008,0.622
0.023,0.325,0.282,0.003,0.568
0.018,0.321,0.264,0.001,0.555
0.015,0.291,0.266,0.000,0.533
0.013,0.281,0.259,0.000,0.526
0.048,0.268,0.223,0.000,0.514
0.372,0.271,0.206,0.000,0.503
0.889,0.271,0.189,0.000,0.499
0.621,0.263,0.172,0.000,0.490
0.351,0.252,0.187,0.000,0.478
0.179,0.241,0.201,0.000,0.477
0.079,0.242,0.172,0.000,0.471
0.042,0.228,0.176,0.000,0.461
0.024,0.230,0.168,0.000,0.458
0.017,0.210,0.164,0.000,0.455
0.014,0.217,0.175,0.000,0.447
0.010,0.202,0.160,0.000,0.441
0.011,0.211,0.154,0.000,0.440
0.021,0.217,0.173,0.000,0.433
0.025,0.306,0.164,0.000,0.425
0.011,0.335,0.152,0.000,0.425
0.004,0.306,0.160,0.000,0.420
0.003,0.242,0.158,0.000,0.412
0.003,0.233,0.150,0.000,0.409
0.002,0.210,0.156,0.000,0.406
0.002,0.211,0.153,0.000,0.398
0.002,0.192,0.150,0.000,0.392
0.002,0.195,0.160,0.000,0.390
0.020,0.183,0.157,0.000,0.381
0.066,0.181,0.178,0.000,0.369
0.068,0.206,0.302,0.000,0.337
0.047,0.280,0.537,0.000,0.265
0.029,0.273,0.735,0.000,0.233
0.017,0.228,0.679,0.000,0.250
0.007,0.192,0.537,0.000,0.256
0.004,0.182,0.584,0.000,0.232
0.003,0.182,0.726,0.000,0.223
0.002,0.170,0.933,0.000,0.216
0.001,0.169,0.725,0.000,0.210
0.009,0.149,0.617,0.000,0.206
0.060,0.150,0.560,0.000,0.203
0.120,0.279,0.495,0.000,0.199
0.079,0.590,0.477,0.000,0.195
0.061,0.522,0.416,0.000,0.192
0.038,0.405,0.369,0.000,0.189
0.023,0.357,0.335,0.000,0.185
0.014,0.337,0.358,0.000,0.182
0.008,0.317,0.387,0.000,0.180
0.005,0.309,0.373,0.000,0.177
0.003,0.291,0.371,0.000,0.174
0.021,0.284,0.340,0.120,0.172
0.088,0.285,0.390,0.566,0.156
0.119,0.303,0.449,0.859,0.139
0.076,0.303,0.391,0.671,0.193
0.051,0.239,0.357,0.615,0.360
0.032,0.217,0.376,0.535,0.816
0.017,0.214,0.449,0.484,0.932
0.010,0.203,0.449,0.418,0.842
0.008,0.197,0.444,0.329,0.749
0.006,0.197,0.439,0.231,0.698
0.006,0.195,0.448,0.141,0.687
0.007,0.196,0.481,0.050,0.674
0.016,0.241,0.428,0.016,0.664
0.034,0.315,0.416,0.008,0.658
0.029,0.273,0.406,0.005,0.652
0.020,0.226,0.408,0.002,0.647
0.011,0.198,0.391,0.001,0.643
0.007,0.192,0.395,0.000,0.639
0.005,0.189,0.378,0.000,0.636
0.003,0.175,0.379,0.000,0.634
0.003,0.166,0.363,0.000,0.631
0.003,0.160,0.355,0.000,0.630
0.005,0.238,0.346,0.000,0.629
0.021,0.505,0.342,0.000,0.626
0.039,0.629,0.342,0.000,0.623
0.031,0.483,0.334,0.000,0.621
0.019,0.446,0.329,0.000,0.619
0.010,0.434,0.310,0.000,0.617
0.006,0.430,0.293,0.000,0.614
0.004,0.417,0.287,0.000,0.610
0.003,0.399,0.283,0.000,0.606
0.003,0.377,0.281,0.000,0.602
0.002,0.364,0.266,0.000,0.597
0.088,0.362,0.268,0.000,0.592
0.487,0.374,0.342,0.000,0.587
0.859,0.520,0.503,0.000,0.583
0.566,0.766,0.500,0.000,0.567
0.318,0.641,0.512,0.000,0.529
0.147,0.537,0.475,0.000,0.523
0.066,0.543,0.449,0.000,0.469
0.038,0.543,0.451,0.000,0.421
0.023,0.521,0.471,0.000,0.393
0.015,0.504,0.431,0.000,0.381
0.012,0.474,0.412,0.000,0.364
0.012,0.456,0.410,0.000,0.355
0.020,0.444,0.465,0.000,0.349
0.031,0.437,0.497,0.000,0.344
0.022,0.431,0.490,0.000,0.336
0.014,0.423,0.481,0.000,0.300
0.007,0.406,0.476,0.000,0.196
0.006,0.389,0.475,0.000,0.114
0.004,0.370,0.467,0.000,0.067
0.003,0.351,0.433,0.000,0.043
0.003,0.349,0.445,0.000,0.028
0.002,0.346,0.449,0.000,0.019
0.002,0.336,0.415,0.000,0.012
0.006,0.330,0.392,0.000,0.008
0.022,0.391,0.374,0.000,0.008
0.032,0.537,0.348,0.000,0.022
0.018,0.504,0.361,0.000,0.042
0.011,0.409,0.391,0.000,0.033
0.007,0.383,0.383,0.000,0.035
0.005,0.363,0.358,0.000,0.034
0.003,0.350,0.355,0.000,0.028
0.002,0.323,0.369,0.000,0.026
0.001,0.311,0.342,0.000,0.026
0.002,0.305,0.360,0.000,0.026
0.030,0.299,0.359,0.000,0.026
0.097,0.293,0.400,0.000,0.021
0.104,0.319,0.391,0.000,0.019
0.074,0.378,0.357,0.000,0.017
0.043,0.351,0.313,0.000,0.018
0.025,0.313,0.330,0.000,0.018
0.013,0.296,0.341,0.000,0.015
0.008,0.287,0.319,0.000,0.018
0.006,0.270,0.299,0.000,0.017
0.004,0.257,0.331,0.000,0.020
0.003,0.253,0.320,0.000,0.020
0.006,0.241,0.316,0.000,0.019
0.024,0.245,0.288,0.000,0.144
0.050,0.359,0.253,0.000,0.394
0.040,0.558,0.236,0.000,0.265
0.028,0.468,0.200,0.000,0.160
0.019,0.378,0.221,0.000,0.097
0.013,0.335,0.221,0.000,0.054
0.009,0.322,0.214,0.000,0.029
0.006,0.313,0.201,0.000,0.019
0.004,0.312,0.211,0.000,0.020
0.003,0.307,0.220,0.000,0.025
0.009,0.304,0.210,0.173,0.026
0.031,0.289,0.199,0.695,0.055
0.042,0.274,0.200,0.865,0.167
0.028,0.257,0.228,0.659,0.325
0.015,0.251,0.208,0.615,0.648
0.007,0.245,0.195,0.528,0.862
0.004,0.244,0.211,0.483,0.784
0.003,0.241,0.202,0.417,0.724
0.002,0.244,0.204,0.317,0.686
0.001,0.249,0.183,0.226,0.662
0.001,0.247,0.209,0.129,0.660
0.003,0.247,0.212,0.043,0.657
0.015,0.241,0.187,0.015,0.650
0.032,0.261,0.190,0.015,0.644
0.027,0.338,0.200,0.015,0.639
0.019,0.357,0.205,0.014,0.633
0.011,0.295,0.186,0.010,0.628
0.006,0.283,0.189,0.006,0.622
0.004,0.271,0.192,0.002,0.615
0.002,0.257,0.204,0.000,0.609
0.001,0.243,0.182,0.000,0.602
0.001,0.239,0.186,0.000,0.595
0.008,0.235,0.206,0.113,0.588
0.034,0.222,0.182,0.566,0.580
0.051,0.209,0.181,0.913,0.572
0.040,0.212,0.176,0.682,0.564
0.027,0.244,0.192,0.615,0.555
0.014,0.225,0.193,0.549,0.545
0.007,0.210,0.182,0.481,0.536
0.004,0.186,0.190,0.418,0.526
0.003,0.184,0.201,0.344,0.516
0.002,0.182,0.182,0.238,0.507
0.002,0.189,0.175,0.152,0.497
0.007,0.188,0.186,0.056,0.490
0.036,0.181,0.183,0.020,0.453
0.072,0.262,0.180,0.014,0.380
0.069,0.568,0.168,0.016,0.465
0.052,0.697,0.180,0.015,0.643
0.039,0.441,0.200,0.011,0.643
0.030,0.386,0.179,0.007,0.577
0.022,0.382,0.174,0.002,0.567
0.018,0.358,0.189,0.000,0.547
0.015,0.353,0.214,0.000,0.537
0.013,0.330,0.212,0.000,0.525
0.018,0.308,0.238,0.000,0.514
0.056,0.304,0.326,0.000,0.453
0.100,0.289,0.406,0.000,0.287
0.071,0.276,0.450,0.000,0.184
0.055,0.272,0.475,0.000,0.126
0.035,0.262,0.481,0.000,0.060
0.020,0.251,0.472,0.000,0.034
0.011,0.241,0.460,0.000,0.022
0.008,0.232,0.448,0.000,0.016
0.006,0.230,0.452,0.000,0.012
0.004,0.225,0.437,0.000,0.008
0.003,0.213,0.403,0.000,0.006
0.010,0.218,0.407,0.000,0.005
0.034,0.256,0.458,0.000,0.004
0.047,0.323,0.425,0.000,0.003
0.039,0.310,0.399,0.000,0.003
0.024,0.251,0.393,0.000,0.002
0.016,0.239,0.407,0.000,0.002
0.012,0.210,0.389,0.000,0.002
0.008,0.198,0.356,0.000,0.002
0.005,0.191,0.349,0.000,0.002
0.004,0.183,0.354,0.000,0.002
0.003,0.183,0.340,0.000,0.002
0.013,0.179,0.313,0.000,0.005
0.033,0.187,0.334,0.000,0.010
0.034,0.252,0.366,0.000,0.011
0.023,0.322,0.384,0.000,0.016
0.012,0.267,0.395,0.000,0.019
0.007,0.219,0.388,0.000,0.012
0.004,0.208,0.353,0.000,0.008
0.003,0.202,0.337,0.000,0.010
0.002,0.196,0.343,0.000,0.010
0.002,0.182,0.319,0.000,0.006
0.002,0.168,0.299,0.002,0.007
0.025,0.160,0.253,0.069,0.007
0.091,0.178,0.204,0.214,0.090
0.121,0.324,0.231,0.169,0.288
0.085,0.525,0.218,0.057,0.251
0.066,0.419,0.210,0.019,0.122
0.047,0.327,0.213,0.005,0.068
0.032,0.282,0.220,0.001,0.034
0.023,0.260,0.230,0.000,0.020
0.018,0.233,0.228,0.000,0.016
0.015,0.227,0.223,0.000,0.016
0.012,0.224,0.229,0.002,0.015
0.029,0.222,0.262,0.186,0.020
0.077,0.232,0.251,0.689,0.063
0.083,0.294,0.246,0.804,0.169
0.062,0.320,0.262,0.640,0.405
0.041,0.249,0.258,0.609,0.822
0.026,0.216,0.233,0.523,0.802
0.013,0.221,0.182,0.475,0.714
0.008,0.216,0.165,0.410,0.756
0.006,0.225,0.180,0.304,0.740
0.004,0.223,0.190,0.219,0.663
0.003,0.232,0.177,0.117,0.600
0.005,0.238,0.168,0.039,0.645
0.020,0.326,0.177,0.014,0.693
0.046,0.457,0.192,0.016,0.652
0.041,0.483,0.198,0.015,0.576
0.031,0.404,0.184,0.014,0.591
0.019,0.360,0.178,0.010,0.652
0.013,0.332,0.145,0.005,0.645
0.009,0.324,0.108,0.001,0.575
0.006,0.316,0.119,0.000,0.555
0.004,0.277,0.106,0.000,0.606
0.002,0.265,0.109,0.000,0.629
0.007,0.292,0.144,0.000,0.579
0.024,0.401,0.202,0.000,0.530
0.036,0.457,0.206,0.000,0.563
0.029,0.485,0.149,0.000,0.605
0.017,0.397,0.136,0.000,0.577
0.008,0.311,0.152,0.000,0.515
0.005,0.293,0.213,0.000,0.528
0.003,0.277,0.212,0.000,0.574
0.002,0.256,0.200,0.000,0.572
0.002,0.247,0.171,0.000,0.517
0.001,0.234,0.201,0.000,0.501
0.003,0.240,0.306,0.000,0.539
0.057,0.257,0.375,0.000,0.557
0.165,0.434,0.447,0.000,0.481
0.123,0.687,0.679,0.000,0.351
0.058,0.599,0.914,0.000,0.448
0.039,0.486,0.897,0.000,0.683
0.029,0.478,0.772,0.000,0.660
0.021,0.458,0.745,0.000,0.568
0.015,0.438,0.711,0.000,0.545
0.011,0.428,0.670,0.000,0.519
0.010,0.418,0.671,0.000,0.512
0.011,0.417,0.645,0.000,0.493
0.022,0.402,0.636,0.000,0.484
0.030,0.391,0.679,0.000,0.451
0.020,0.361,0.647,0.000,0.372
0.012,0.363,0.597,0.000,0.264
0.007,0.350,0.631,0.000,0.165
0.005,0.350,0.612,0.000,0.071
0.004,0.333,0.579,0.000,0.044
0.003,0.333,0.601,0.000,0.031
0.002,0.309,0.611,0.000,0.017
0.002,0.310,0.635,0.000,0.012
0.002,0.295,0.663,0.051,0.013
0.012,0.302,0.650,0.386,0.012
0.037,0.374,0.670,0.839,0.009
0.037,0.485,0.655,0.690,0.009
0.017,0.370,0.600,0.600,0.008
0.009,0.357,0.628,0.563,0.007
0.004,0.340,0.638,0.482,0.006
0.003,0.333,0.598,0.443,0.006
0.002,0.331,0.583,0.368,0.005
0.001,0.336,0.581,0.251,0.005
0.001,0.343,0.570,0.177,0.004
0.006,0.328,0.562,0.074,0.005
0.049,0.321,0.532,0.025,0.010
0.119,0.325,0.502,0.013,0.020
0.103,0.385,0.462,0.017,0.019
0.071,0.449,0.459,0.015,0.019
0.041,0.414,0.465,0.012,0.018
0.024,0.353,0.458,0.007,0.017
0.012,0.332,0.468,0.003,0.017
0.008,0.297,0.430,0.001,0.016
0.006,0.292,0.405,0.000,0.016
0.005,0.283,0.437,0.000,0.017
0.004,0.280,0.410,0.000,0.018
0.013,0.265,0.378,0.000,0.019
0.073,0.275,0.399,0.000,0.038
0.151,0.360,0.399,0.000,0.187
0.113,0.519,0.403,0.000,0.357
0.050,0.490,0.411,0.000,0.183
0.023,0.439,0.382,0.000,0.088
0.011,0.397,0.373,0.000,0.050
0.006,0.377,0.341,0.000,0.033
0.004,0.358,0.312,0.000,0.020
0.004,0.344,0.325,0.000,0.015
0.005,0.336,0.308,0.008,0.016
0.070,0.335,0.303,0.230,0.045
0.230,0.333,0.316,0.742,0.148
0.242,0.309,0.300,0.772,0.339
0.161,0.289,0.297,0.623,0.653
0.146,0.279,0.305,0.599,0.837
0.124,0.277,0.284,0.518,0.883
0.092,0.282,0.282,0.472,0.801
0.071,0.280,0.285,0.398,0.650
0.049,0.277,0.272,0.290,0.646
0.040,0.285,0.284,0.210,0.714
0.036,0.283,0.276,0.105,0.723
0.037,0.278,0.251,0.035,0.646
0.055,0.286,0.260,0.013,0.604
0.072,0.322,0.274,0.016,0.657
0.042,0.357,0.265,0.015,0.695
0.018,0.409,0.268,0.013,0.645
0.011,0.401,0.257,0.009,0.577
0.007,0.351,0.249,0.005,0.604
0.004,0.338,0.265,0.001,0.659
0.003,0.328,0.255,0.000,0.641
0.002,0.310,0.248,0.000,0.571
0.002,0.292,0.259,0.000,0.568
0.015,0.282,0.240,0.158,0.620
0.091,0.269,0.231,0.638,0.632
0.215,0.256,0.259,0.838,0.576
0.235,0.245,0.250,0.663,0.540
0.178,0.253,0.228,0.615,0.577
0.128,0.244,0.235,0.527,0.611
0.095,0.237,0.240,0.481,0.574
0.073,0.223,0.242,0.415,0.517
0.057,0.220,0.241,0.315,0.542
0.045,0.225,0.227,0.224,0.585
0.038,0.236,0.235,0.127,0.572
0.038,0.236,0.248,0.043,0.517
0.056,0.229,0.234,0.015,0.513
0.075,0.350,0.233,0.015,0.473
0.066,0.674,0.240,0.015,0.500
0.049,0.693,0.238,0.014,0.845
0.037,0.455,0.244,0.010,0.718
0.028,0.444,0.230,0.006,0.633
0.021,0.420,0.211,0.002,0.659
0.017,0.391,0.225,0.000,0.663
0.015,0.389,0.230,0.000,0.602
0.013,0.372,0.218,0.000,0.546
0.029,0.373,0.230,0.000,0.567
0.091,0.351,0.232,0.000,0.591
0.116,0.354,0.208,0.000,0.494
0.066,0.338,0.197,0.000,0.297
0.048,0.338,0.200,0.000,0.204
0.032,0.319,0.168,0.000,0.167
0.019,0.336,0.183,0.000,0.144
0.012,0.311,0.178,0.000,0.122
0.009,0.315,0.165,0.000,0.095
0.007,0.290,0.176,0.000,0.073
0.006,0.300,0.174,0.000,0.062
0.005,0.296,0.175,0.000,0.051
0.016,0.299,0.166,0.000,0.038
0.040,0.315,0.159,0.000,0.033
0.045,0.417,0.160,0.000,0.041
0.037,0.467,0.172,0.000,0.041
0.022,0.401,0.159,0.000,0.030
0.015,0.344,0.153,0.000,0.041
0.011,0.327,0.165,0.000,0.038
0.007,0.307,0.169,0.000,0.032
0.005,0.301,0.189,0.000,0.026
0.004,0.292,0.184,0.000,0.024
0.005,0.283,0.144,0.000,0.027
0.017,0.273,0.157,0.000,0.027
0.035,0.271,0.174,0.000,0.019
0.032,0.318,0.170,0.000,0.018
0.020,0.371,0.159,0.000,0.018
0.010,0.337,0.134,0.000,0.019
0.006,0.278,0.126,0.000,0.016
0.004,0.275,0.162,0.000,0.016
0.003,0.259,0.176,0.000,0.018
0.002,0.264,0.171,0.000,0.017
0.001,0.252,0.157,0.000,0.021
0.001,0.254,0.135,0.000,0.018
0.026,0.239,0.132,0.000,0.052
0.087,0.270,0.163,0.000,0.238
0.095,0.358,0.214,0.000,0.397
0.067,0.441,0.228,0.000,0.229
0.046,0.384,0.225,0.000,0.145
0.029,0.375,0.209,0.000,0.080
0.018,0.363,0.174,0.000,0.042
0.011,0.348,0.196,0.000,0.025
0.006,0.331,0.230,0.000,0.018
0.004,0.318,0.253,0.000,0.023
0.005,0.305,0.286,0.024,0.027
0.049,0.300,0.268,0.319,0.036
0.127,0.312,0.243,0.839,0.075
0.105,0.318,0.356,0.740,0.175
0.070,0.285,0.405,0.602,0.412
0.044,0.229,0.366,0.583,0.665
0.026,0.221,0.521,0.507,0.662
0.014,0.220,0.756,0.465,0.613
0.010,0.220,0.615,0.383,0.579
0.008,0.217,0.518,0.275,0.556
0.007,0.215,0.521,0.200,0.550
0.007,0.216,0.523,0.094,0.546
0.012,0.237,0.537,0.030,0.541
0.027,0.287,0.535,0.008,0.536
0.036,0.294,0.556,0.007,0.531
0.027,0.251,0.601,0.003,0.524
0.018,0.222,0.511,0.001,0.517
0.010,0.216,0.491,0.000,0.510
0.006,0.205,0.482,0.000,0.502
0.004,0.203,0.495,0.000,0.494
0.003,0.191,0.490,0.000,0.486
0.003,0.183,0.461,0.000,0.477
0.003,0.197,0.452,0.000,0.469
0.011,0.321,0.440,0.000,0.460
0.032,0.472,0.450,0.000,0.450
0.040,0.414,0.491,0.000,0.441
0.026,0.380,0.504,0.000,0.431
0.015,0.358,0.497,0.000,0.422
0.008,0.349,0.473,0.000,0.414
0.006,0.324,0.460,0.000,0.407
0.004,0.308,0.465,0.000,0.401
0.003,0.299,0.467,0.000,0.395
0.002,0.296,0.459,0.000,0.391
0.006,0.301,0.412,0.000,0.386
0.231,0.301,0.393,0.000,0.383
0.762,0.396,0.436,0.000,0.376
0.765,0.689,0.553,0.000,0.354
0.445,0.734,0.592,0.000,0.300
0.228,0.544,0.582,0.000,0.297
0.102,0.536,0.528,0.000,0.431
0.052,0.558,0.461,0.000,0.421
0.030,0.553,0.496,0.000,0.385
0.019,0.486,0.460,0.000,0.367
0.014,0.467,0.451,0.000,0.348
0.012,0.442,0.420,0.000,0.337
0.015,0.419,0.436,0.000,0.328
0.027,0.415,0.455,0.000,0.320
0.028,0.400,0.418,0.000,0.314
0.018,0.385,0.450,0.000,0.305
0.010,0.375,0.471,0.000,0.247
0.006,0.363,0.513,0.000,0.142
0.005,0.349,0.489,0.000,0.079
0.004,0.338,0.481,0.000,0.039
0.003,0.328,0.485,0.000,0.020
0.003,0.318,0.461,0.000,0.011
0.002,0.313,0.445,0.000,0.006
0.003,0.305,0.474,0.123,0.003
0.012,0.343,0.479,0.581,0.002
0.030,0.469,0.500,0.903,0.002
0.024,0.524,0.514,0.676,0.002
0.011,0.427,0.516,0.611,0.002
0.007,0.358,0.485,0.547,0.002
0.004,0.328,0.432,0.480,0.001
0.002,0.290,0.412,0.417,0.001
0.002,0.294,0.445,0.342,0.001
0.001,0.291,0.455,0.236,0.001
0.000,0.290,0.424,0.149,0.001
0.010,0.279,0.410,0.055,0.003
0.051,0.272,0.400,0.018,0.010
0.084,0.281,0.398,0.008,0.073
0.060,0.337,0.363,0.006,0.249
0.043,0.366,0.347,0.002,0.303
0.025,0.314,0.376,0.001,0.160
0.012,0.296,0.410,0.000,0.088
0.006,0.277,0.397,0.000,0.043
0.005,0.263,0.400,0.000,0.025
0.004,0.252,0.403,0.000,0.016
0.003,0.244,0.417,0.000,0.016
0.002,0.236,0.385,0.000,0.021
0.011,0.230,0.390,0.000,0.022
0.038,0.262,0.367,0.000,0.041
0.050,0.397,0.353,0.000,0.154
0.034,0.484,0.362,0.000,0.275
0.024,0.391,0.362,0.000,0.180
0.016,0.327,0.348,0.000,0.111
0.011,0.314,0.339,0.000,0.078
0.007,0.289,0.315,0.000,0.058
0.005,0.279,0.322,0.000,0.031
0.004,0.286,0.295,0.000,0.020
0.004,0.280,0.264,0.043,0.020
0.017,0.271,0.245,0.383,0.017
0.039,0.266,0.240,0.868,0.008
0.037,0.249,0.262,0.710,0.001
0.020,0.226,0.245,0.596,0.001
0.011,0.220,0.248,0.569,0.001
0.006,0.222,0.249,0.494,0.001
0.003,0.223,0.263,0.456,0.001
0.002,0.221,0.228,0.374,0.001
0.002,0.222,0.234,0.261,0.001
0.001,0.227,0.254,0.188,0.001
0.001,0.229,0.235,0.083,0.001
0.007,0.228,0.237,0.027,0.000
0.025,0.228,0.220,0.013,0.000
0.032,0.272,0.231,0.017,0.000
0.024,0.351,0.237,0.015,0.000
0.015,0.318,0.216,0.013,0.000
0.008,0.284,0.218,0.008,0.000
0.005,0.264,0.235,0.004,0.000
0.003,0.247,0.222,0.001,0.000
0.002,0.234,0.209,0.000,0.000
0.001,0.230,0.211,0.000,0.000
0.002,0.225,0.211,0.011,0.000
0.010,0.218,0.236,0.272,0.002
0.026,0.197,0.215,0.805,0.025
0.024,0.188,0.209,0.785,0.081
0.017,0.192,0.223,0.624,0.232
0.008,0.202,0.200,0.598,0.553
0.005,0.191,0.191,0.517,0.615
0.003,0.177,0.200,0.471,0.487
0.002,0.167,0.203,0.396,0.446
0.002,0.161,0.196,0.289,0.417
0.001,0.165,0.178,0.209,0.401
0.002,0.167,0.191,0.104,0.386
0.016,0.163,0.197,0.034,0.373
0.055,0.165,0.179,0.013,0.352
0.074,0.356,0.175,0.016,0.298
0.061,0.756,0.193,0.015,0.271
0.045,0.712,0.200,0.013,0.285
0.035,0.483,0.180,0.009,0.174
0.026,0.462,0.175,0.005,0.119
0.020,0.448,0.181,0.001,0.108
0.017,0.415,0.219,0.000,0.103
0.014,0.390,0.236,0.000,0.093
0.012,0.369,0.240,0.000,0.087
0.040,0.356,0.301,0.000,0.085
0.110,0.346,0.337,0.000,0.074
0.109,0.332,0.356,0.000,0.063
0.067,0.316,0.363,0.000,0.088
0.046,0.303,0.346,0.000,0.094
0.031,0.295,0.297,0.000,0.062
0.018,0.291,0.312,0.000,0.057
0.012,0.283,0.325,0.000,0.047
0.008,0.270,0.300,0.000,0.049
0.007,0.263,0.263,0.000,0.055
0.005,0.260,0.253,0.000,0.048
0.006,0.254,0.240,0.000,0.043
0.020,0.281,0.195,0.000,0.042
0.044,0.399,0.191,0.000,0.042
0.042,0.493,0.213,0.000,0.040
0.033,0.401,0.204,0.000,0.038
0.020,0.326,0.206,0.000,0.038
0.014,0.290,0.203,0.000,0.037
0.010,0.278,0.191,0.000,0.035
0.007,0.257,0.169,0.000,0.034
0.005,0.248,0.174,0.000,0.033
0.003,0.239,0.144,0.000,0.032
0.006,0.231,0.133,0.000,0.030
0.023,0.212,0.145,0.000,0.029
0.036,0.220,0.159,0.000,0.028
0.029,0.263,0.243,0.000,0.032
0.017,0.286,0.323,0.000,0.055
0.008,0.270,0.339,0.000,0.096
0.005,0.242,0.356,0.000,0.127
0.003,0.218,0.387,0.000,0.109
0.002,0.208,0.407,0.000,0.085
0.002,0.197,0.350,0.000,0.076
0.002,0.184,0.323,0.000,0.087
0.002,0.181,0.303,0.000,0.094
0.031,0.175,0.295,0.000,0.133
0.086,0.290,0.308,0.000,0.285
0.076,0.610,0.315,0.000,0.381
0.057,0.672,0.310,0.000,0.259
0.037,0.512,0.297,0.000,0.167
0.023,0.462,0.246,0.000,0.139
0.015,0.448,0.154,0.000,0.103
0.009,0.445,0.137,0.000,0.079
0.005,0.410,0.134,0.000,0.073
0.003,0.397,0.154,0.000,0.077
0.012,0.386,0.193,0.055,0.080
0.065,0.387,0.254,0.402,0.069
0.123,0.422,0.270,0.834,0.060
0.092,0.448,0.267,0.686,0.085
0.066,0.344,0.259,0.599,0.236
0.042,0.279,0.355,0.560,0.592
0.026,0.268,0.389,0.481,0.781
0.017,0.265,0.374,0.442,0.658
0.014,0.264,0.308,0.365,0.590
0.012,0.259,0.282,0.250,0.552
0.010,0.262,0.286,0.174,0.535
0.010,0.255,0.389,0.072,0.521
0.016,0.296,0.567,0.025,0.499
0.031,0.360,0.600,0.013,0.437
0.033,0.361,0.552,0.017,0.333
0.026,0.311,0.447,0.015,0.244
0.017,0.292,0.399,0.012,0.169
0.010,0.258,0.377,0.007,0.132
0.007,0.266,0.391,0.003,0.128
0.005,0.252,0.385,0.001,0.126
0.004,0.241,0.376,0.000,0.128
0.005,0.218,0.364,0.000,0.128
0.006,0.242,0.363,0.000,0.128
0.018,0.289,0.369,0.000,0.130
0.040,0.358,0.367,0.000,0.134
0.040,0.388,0.360,0.000,0.166
0.024,0.379,0.341,0.000,0.236
0.012,0.311,0.344,0.000,0.212
0.008,0.283,0.370,0.000,0.163
0.005,0.267,0.399,0.000,0.138
0.004,0.261,0.425,0.000,0.133
0.003,0.258,0.416,0.000,0.128
0.003,0.259,0.390,0.000,0.119
0.028,0.257,0.366,0.000,0.123
0.334,0.257,0.381,0.000,0.121
0.822,0.419,0.391,0.000,0.128
0.650,0.748,0.425,0.000,0.174
0.366,0.715,0.573,0.000,0.299
0.176,0.545,0.682,0.000,0.570
0.073,0.520,0.702,0.000,0.667
0.034,0.474,0.660,0.000,0.546
0.019,0.448,0.585,0.000,0.488
0.012,0.410,0.595,0.000,0.458
0.009,0.406,0.593,0.000,0.438
0.008,0.393,0.520,0.000,0.426
0.014,0.391,0.488,0.000,0.415
0.027,0.379,0.468,0.000,0.403
0.023,0.378,0.463,0.000,0.394
0.013,0.354,0.449,0.000,0.382
0.007,0.347,0.438,0.000,0.368
0.005,0.334,0.461,0.000,0.357
0.004,0.324,0.427,0.000,0.350
0.003,0.314,0.421,0.000,0.343
0.003,0.308,0.448,0.000,0.334
0.002,0.299,0.434,0.000,0.325
0.002,0.286,0.431,0.000,0.312
0.004,0.286,0.422,0.171,0.300
0.022,0.333,0.413,0.647,0.291
0.041,0.468,0.411,0.830,0.284
0.025,0.463,0.366,0.659,0.275
0.013,0.360,0.335,0.611,0.266
0.006,0.297,0.358,0.526,0.256
0.003,0.290,0.345,0.480,0.244
0.002,0.261,0.337,0.413,0.235
0.002,0.252,0.351,0.313,0.232
0.001,0.250,0.343,0.222,0.213
0.001,0.246,0.342,0.125,0.137
0.020,0.235,0.330,0.042,0.058
0.079,0.235,0.320,0.015,0.048
0.112,0.249,0.328,0.015,0.094
0.083,0.301,0.304,0.015,0.218
0.051,0.311,0.294,0.014,0.498
0.031,0.288,0.321,0.010,0.822
0.017,0.249,0.306,0.005,0.834
0.009,0.229,0.284,0.002,0.693
0.007,0.215,0.295,0.000,0.631
0.005,0.209,0.290,0.000,0.665
0.004,0.200,0.280,0.000,0.687
0.004,0.200,0.278,0.000,0.633
0.034,0.193,0.252,0.000,0.585
0.118,0.283,0.239,0.000,0.682
0.148,0.528,0.230,0.000,0.783
0.077,0.552,0.215,0.000,0.639
0.034,0.469,0.230,0.000,0.549
0.016,0.452,0.234,0.000,0.563
0.009,0.424,0.221,0.000,0.627
0.006,0.399,0.223,0.000,0.609
0.004,0.386,0.237,0.000,0.544
0.003,0.356,0.225,0.000,0.535
0.024,0.352,0.219,0.081,0.575
0.144,0.352,0.220,0.468,0.591
0.269,0.336,0.206,0.854,0.545
0.189,0.309,0.212,0.681,0.497
0.152,0.288,0.216,0.606,0.539
0.136,0.273,0.217,0.555,0.651
0.108,0.268,0.228,0.477,0.708
0.084,0.272,0.228,0.423,0.787
0.062,0.268,0.217,0.354,0.665
0.044,0.268,0.234,0.241,0.628
0.038,0.270,0.219,0.160,0.701
0.035,0.263,0.197,0.062,0.604
0.044,0.257,0.210,0.022,0.639
0.068,0.251,0.204,0.014,0.686
0.062,0.242,0.195,0.016,0.582
0.030,0.259,0.201,0.015,0.644
0.015,0.293,0.185,0.012,0.647
0.011,0.275,0.182,0.007,0.559
0.011,0.250,0.191,0.003,0.640
0.011,0.246,0.177,0.000,0.608
0.007,0.237,0.179,0.000,0.543
0.005,0.238,0.182,0.000,0.629
0.006,0.229,0.166,0.035,0.571
0.044,0.221,0.175,0.347,0.536
0.158,0.206,0.186,0.809,0.612
0.242,0.190,0.176,0.706,0.540
0.214,0.200,0.176,0.597,0.535
0.154,0.211,0.184,0.568,0.592
0.112,0.191,0.182,0.493,0.518
0.086,0.177,0.183,0.455,0.541
0.070,0.166,0.182,0.371,0.574
0.053,0.168,0.175,0.260,0.502
0.043,0.175,0.178,0.186,0.549
0.036,0.182,0.175,0.082,0.553
0.041,0.178,0.165,0.027,0.491
0.060,0.208,0.172,0.013,0.509
0.072,0.486,0.160,0.017,0.406
0.057,0.862,0.145,0.015,0.396
0.043,0.686,0.158,0.012,0.543
0.036,0.509,0.157,0.008,0.525
0.036,0.417,0.146,0.004,0.443
0.040,0.384,0.152,0.001,0.437
0.029,0.355,0.152,0.000,0.412
0.021,0.349,0.158,0.000,0.407
0.041,0.333,0.162,0.008,0.398
0.369,0.340,0.145,0.249,0.392
0.874,0.314,0.148,0.745,0.386
0.649,0.309,0.153,0.767,0.377
0.366,0.286,0.149,0.624,0.372
0.192,0.273,0.153,0.596,0.367
0.092,0.257,0.154,0.516,0.357
0.063,0.260,0.144,0.470,0.351
0.055,0.260,0.146,0.394,0.347
0.043,0.264,0.148,0.288,0.339
0.035,0.262,0.141,0.207,0.331
0.030,0.259,0.146,0.103,0.327
0.033,0.252,0.144,0.033,0.320
0.041,0.311,0.136,0.007,0.310
0.041,0.479,0.143,0.001,0.306
0.030,0.500,0.142,0.001,0.300
0.024,0.391,0.130,0.000,0.292
0.023,0.315,0.138,0.000,0.286
0.021,0.292,0.136,0.000,0.281
0.021,0.272,0.130,0.000,0.273
0.021,0.266,0.140,0.000,0.266
0.019,0.234,0.138,0.000,0.263
0.019,0.238,0.126,0.000,0.256
0.024,0.231,0.126,0.000,0.249
0.035,0.227,0.131,0.000,0.245
0.034,0.244,0.241,0.000,0.240
0.025,0.299,0.490,0.000,0.233
0.020,0.289,0.584,0.000,0.228
0.018,0.264,0.516,0.000,0.224
0.017,0.225,0.472,0.000,0.218
0.016,0.212,0.423,0.000,0.212
0.015,0.203,0.432,0.000,0.210
0.015,0.196,0.464,0.000,0.204
0.014,0.186,0.450,0.000,0.198
0.019,0.176,0.466,0.000,0.195
0.055,0.178,0.447,0.000,0.191
0.098,0.380,0.440,0.000,0.185
0.077,0.788,0.425,0.000,0.182
0.060,0.737,0.415,0.000,0.179
0.042,0.567,0.450,0.000,0.173
0.029,0.521,0.423,0.000,0.169
0.022,0.515,0.402,0.000,0.167
0.017,0.475,0.396,0.000,0.162
0.014,0.459,0.354,0.000,0.158
0.012,0.438,0.348,0.000,0.156
0.012,0.451,0.371,0.111,0.150
0.014,0.391,0.338,0.534,0.129
0.021,0.145,0.268,0.856,0.090
0.021,0.015,0.237,0.675,0.081
0.014,0.014,0.198,0.609,0.161
0.007,0.012,0.180,0.544,0.448
0.004,0.013,0.179,0.477,0.851
0.003,0.014,0.172,0.414,0.868
0.002,0.013,0.166,0.338,0.806
0.001,0.012,0.164,0.234,0.742
0.001,0.013,0.160,0.146,0.709
0.002,0.011,0.157,0.054,0.699
0.007,0.012,0.155,0.017,0.687
0.016,0.014,0.153,0.008,0.674
0.021,0.013,0.154,0.005,0.662
0.021,0.014,0.163,0.002,0.649
0.013,0.015,0.152,0.001,0.637
0.007,0.012,0.113,0.000,0.625
0.004,0.009,0.090,0.000,0.612
0.002,0.010,0.083,0.000,0.600
0.002,0.011,0.078,0.000,0.588
0.001,0.014,0.076,0.000,0.577
0.001,0.016,0.075,0.000,0.569
0.010,0.016,0.076,0.000,0.562
0.029,0.012,0.079,0.000,0.556
0.029,0.012,0.071,0.000,0.551
0.017,0.012,0.052,0.000,0.546
0.009,0.015,0.173,0.000,0.542
0.005,0.013,0.401,0.000,0.538
0.004,0.016,0.428,0.000,0.534
0.003,0.017,0.398,0.000,0.530
0.002,0.013,0.393,0.000,0.526
0.002,0.012,0.324,0.000,0.522
0.076,0.014,0.182,0.000,0.519
0.464,0.017,0.061,0.000,0.517
0.846,0.015,0.019,0.000,0.518
0.569,0.012,0.005,0.000,0.530
0.310,0.013,0.003,0.000,0.559
0.141,0.011,0.002,0.000,0.572
0.055,0.013,0.002,0.000,0.493
0.026,0.013,0.002,0.000,0.388
0.014,0.015,0.003,0.000,0.371
0.009,0.016,0.009,0.000,0.356
0.007,0.015,0.016,0.000,0.349
0.006,0.012,0.013,0.000,0.347
0.005,0.012,0.008,0.000,0.334
0.005,0.011,0.004,0.000,0.328
0.004,0.009,0.005,0.000,0.298
0.004,0.011,0.032,0.000,0.206
0.003,0.014,0.116,0.000,0.107
0.003,0.016,0.231,0.000,0.042
0.003,0.020,0.303,0.000,0.015
0.002,0.027,0.284,0.000,0.006
0.002,0.025,0.255,0.000,0.004
0.002,0.020,0.256,0.000,0.003
0.002,0.016,0.266,0.000,0.003
0.005,0.014,0.268,0.000,0.002
0.019,0.016,0.243,0.000,0.004
0.030,0.015,0.238,0.000,0.020
0.018,0.019,0.253,0.000,0.040
0.011,0.016,0.258,0.000,0.033
0.005,0.014,0.228,0.000,0.035
0.003,0.017,0.238,0.000,0.034
0.002,0.015,0.244,0.000,0.028
0.002,0.016,0.237,0.000,0.026
0.001,0.015,0.224,0.000,0.025
0.001,0.015,0.217,0.000,0.026
0.001,0.012,0.241,0.000,0.026
0.000,0.016,0.227,0.000,0.021
0.000,0.014,0.208,0.000,0.019
0.000,0.014,0.221,0.000,0.017
0.000,0.015,0.229,0.000,0.018
0.000,0.011,0.217,0.000,0.018
0.000,0.011,0.206,0.000,0.016
0.000,0.012,0.215,0.000,0.017
0.000,0.014,0.221,0.000,0.017
0.000,0.013,0.207,0.000,0.020
0.000,0.015,0.191,0.000,0.019
0.000,0.018,0.208,0.000,0.017
0.000,0.016,0.216,0.000,0.149
0.000,0.016,0.188,0.000,0.375
0.000,0.022,0.195,0.000,0.280
0.000,0.019,0.199,0.000,0.165
0.000,0.019,0.210,0.000,0.104
0.000,0.017,0.188,0.000,0.058
0.000,0.019,0.176,0.000,0.029
0.000,0.015,0.199,0.000,0.019
0.000,0.015,0.193,0.000,0.019
0.000,0.019,0.178,0.000,0.025
0.000,0.022,0.178,0.168,0.027
0.000,0.021,0.195,0.657,0.016
0.000,0.021,0.188,0.876,0.014
0.000,0.020,0.178,0.667,0.072
0.000,0.028,0.183,0.610,0.153
0.000,0.028,0.197,0.532,0.362
0.000,0.021,0.187,0.481,0.737
0.000,0.021,0.167,0.414,0.779
0.000,0.024,0.174,0.323,0.737
0.000,0.028,0.196,0.227,0.668
0.000,0.027,0.184,0.134,0.635
0.000,0.031,0.090,0.047,0.626
0.000,0.029,0.031,0.017,0.615
0.000,0.021,0.013,0.015,0.604
0.000,0.024,0.117,0.016,0.593
0.000,0.023,0.403,0.014,0.581
0.000,0.026,0.545,0.010,0.569
0.000,0.031,0.491,0.006,0.558
0.000,0.030,0.448,0.002,0.549
0.000,0.026,0.350,0.000,0.541
0.000,0.024,0.176,0.000,0.534
0.000,0.021,0.076,0.000,0.528
0.000,0.022,0.025,0.102,0.523
0.000,0.025,0.006,0.536,0.519
0.000,0.026,0.004,0.897,0.515
0.000,0.029,0.003,0.681,0.511
0.000,0.030,0.002,0.606,0.507
0.000,0.029,0.004,0.555,0.503
0.000,0.027,0.025,0.476,0.500
0.000,0.022,0.058,0.423,0.497
0.000,0.023,0.052,0.351,0.495
0.000,0.023,0.046,0.240,0.492
0.000,0.025,0.031,0.158,0.489
0.004,0.023,0.014,0.061,0.486
0.023,0.022,0.007,0.022,0.483
0.047,0.021,0.004,0.014,0.482
0.053,0.020,0.027,0.016,0.466
0.047,0.025,0.133,0.015,0.475
0.038,0.031,0.277,0.012,0.542
0.030,0.038,0.332,0.007,0.509
0.022,0.044,0.333,0.003,0.456
0.018,0.047,0.320,0.000,0.439
0.015,0.051,0.296,0.000,0.424
0.012,0.034,0.304,0.000,0.417
0.083,0.029,0.313,0.000,0.411
0.469,0.023,0.295,0.000,0.405
0.848,0.018,0.286,0.000,0.391
0.573,0.018,0.292,0.000,0.343
0.308,0.022,0.294,0.000,0.229
0.143,0.025,0.289,0.000,0.114
0.058,0.028,0.262,0.000,0.056
0.027,0.028,0.289,0.000,0.029
0.015,0.034,0.288,0.000,0.016
0.009,0.039,0.261,0.000,0.008
0.007,0.027,0.253,0.000,0.005
0.005,0.016,0.265,0.000,0.004
0.004,0.016,0.274,0.000,0.003
0.005,0.016,0.257,0.000,0.003
0.004,0.023,0.249,0.000,0.003
0.004,0.025,0.266,0.000,0.003
0.003,0.020,0.274,0.000,0.003
0.003,0.017,0.243,0.000,0.002
0.003,0.016,0.241,0.000,0.002
0.003,0.019,0.261,0.000,0.002
0.002,0.020,0.249,0.000,0.002
0.002,0.023,0.237,0.000,0.002
0.002,0.026,0.230,0.000,0.002
0.003,0.026,0.243,0.000,0.005
0.009,0.027,0.245,0.000,0.010
0.018,0.022,0.213,0.000,0.011
0.016,0.031,0.231,0.000,0.015
0.011,0.037,0.237,0.000,0.018
0.008,0.024,0.230,0.000,0.012
0.005,0.022,0.212,0.000,0.009
0.004,0.021,0.218,0.000,0.009
0.002,0.017,0.223,0.000,0.010
0.001,0.014,0.215,0.000,0.007
0.001,0.017,0.201,0.001,0.007
0.004,0.019,0.214,0.067,0.007
0.018,0.016,0.244,0.203,0.088
0.038,0.016,0.221,0.179,0.270
0.040,0.018,0.208,0.062,0.271
0.030,0.020,0.219,0.020,0.129
0.019,0.018,0.220,0.005,0.068
0.013,0.019,0.214,0.001,0.036
0.008,0.016,0.194,0.000,0.021
0.005,0.015,0.205,0.000,0.016
0.003,0.017,0.203,0.000,0.016
0.002,0.019,0.177,0.000,0.015
0.002,0.019,0.180,0.182,0.014
0.009,0.016,0.249,0.654,0.021
0.019,0.016,0.359,0.821,0.078
0.017,0.014,0.337,0.657,0.225
0.010,0.012,0.237,0.608,0.549
0.007,0.014,0.281,0.525,0.937
0.005,0.023,0.448,0.479,0.881
0.003,0.024,0.432,0.410,0.725
0.002,0.013,0.342,0.311,0.718
0.001,0.013,0.315,0.220,0.757
0.001,0.016,0.336,0.122,0.730
0.003,0.022,0.402,0.041,0.644
0.011,0.018,0.424,0.015,0.634
0.021,0.015,0.426,0.015,0.699
0.022,0.015,0.382,0.015,0.711
0.019,0.016,0.349,0.014,0.642
0.010,0.015,0.335,0.010,0.597
0.006,0.013,0.306,0.005,0.643
0.003,0.013,0.306,0.002,0.683
0.002,0.016,0.323,0.000,0.638
0.001,0.015,0.339,0.000,0.573
0.001,0.014,0.338,0.000,0.597
0.002,0.013,0.325,0.000,0.650
0.013,0.012,0.320,0.000,0.636
0.029,0.015,0.385,0.000,0.570
0.023,0.015,0.520,0.000,0.562
0.015,0.016,0.556,0.000,0.611
0.008,0.015,0.533,0.000,0.624
0.005,0.015,0.501,0.000,0.572
0.003,0.014,0.512,0.000,0.535
0.003,0.011,0.485,0.000,0.570
0.002,0.011,0.461,0.000,0.603
0.002,0.012,0.457,0.000,0.568
0.146,0.013,0.429,0.000,0.515
0.597,0.011,0.445,0.000,0.540
0.823,0.013,0.470,0.000,0.591
0.509,0.015,0.456,0.000,0.648
0.266,0.014,0.461,0.000,0.731
0.116,0.015,0.457,0.000,0.713
0.047,0.021,0.434,0.000,0.631
0.023,0.020,0.432,0.000,0.569
0.013,0.015,0.421,0.000,0.517
0.009,0.015,0.434,0.000,0.503
0.006,0.012,0.460,0.000,0.490
0.005,0.011,0.507,0.000,0.466
0.004,0.013,0.556,0.000,0.468
0.005,0.013,0.571,0.000,0.388
0.004,0.013,0.572,0.000,0.242
0.003,0.013,0.547,0.000,0.139
0.003,0.015,0.547,0.000,0.081
0.003,0.021,0.557,0.000,0.042
0.003,0.026,0.514,0.000,0.026
0.003,0.021,0.495,0.000,0.021
0.002,0.016,0.523,0.000,0.013
0.002,0.015,0.502,0.000,0.011
0.002,0.019,0.477,0.038,0.012
0.003,0.022,0.463,0.365,0.009
0.011,0.022,0.433,0.806,0.008
0.016,0.020,0.401,0.698,0.008
0.012,0.019,0.375,0.596,0.006
0.008,0.019,0.375,0.565,0.006
0.005,0.016,0.383,0.493,0.006
0.003,0.014,0.427,0.454,0.005
0.002,0.016,0.440,0.369,0.005
0.001,0.020,0.432,0.260,0.004
0.001,0.020,0.452,0.183,0.003
0.001,0.014,0.432,0.080,0.004
0.007,0.014,0.416,0.026,0.009
0.028,0.014,0.435,0.013,0.018
0.040,0.014,0.424,0.017,0.019
0.028,0.017,0.423,0.015,0.019
0.015,0.016,0.417,0.012,0.019
0.010,0.017,0.401,0.008,0.018
0.006,0.022,0.389,0.003,0.017
0.003,0.034,0.355,0.001,0.015
0.002,0.046,0.360,0.000,0.016
0.002,0.027,0.349,0.000,0.017
0.001,0.019,0.328,0.000,0.018
0.008,0.017,0.332,0.000,0.019
0.063,0.015,0.331,0.000,0.029
0.142,0.028,0.340,0.000,0.180
0.116,0.038,0.322,0.000,0.344
0.052,0.026,0.304,0.000,0.184
0.023,0.018,0.326,0.000,0.094
0.011,0.017,0.325,0.000,0.053
0.006,0.017,0.320,0.000,0.034
0.004,0.018,0.337,0.000,0.020
0.003,0.021,0.333,0.000,0.014
0.003,0.019,0.344,0.002,0.016
0.066,0.019,0.334,0.223,0.023
0.217,0.021,0.320,0.708,0.085
0.245,0.019,0.308,0.795,0.211
0.162,0.018,0.270,0.643,0.502
0.147,0.015,0.261,0.605,0.894
0.125,0.016,0.254,0.520,0.842
0.094,0.015,0.234,0.473,0.713
0.072,0.014,0.232,0.403,0.720
0.051,0.018,0.221,0.299,0.734
0.041,0.020,0.211,0.213,0.683
0.036,0.018,0.216,0.111,0.598
0.036,0.019,0.201,0.037,0.608
0.050,0.021,0.191,0.014,0.665
0.064,0.022,0.190,0.016,0.651
0.041,0.021,0.171,0.015,0.574
0.019,0.022,0.172,0.014,0.549
0.011,0.024,0.178,0.009,0.597
0.007,0.025,0.168,0.005,0.613
0.004,0.024,0.170,0.001,0.559
0.003,0.021,0.169,0.000,0.508
0.002,0.032,0.165,0.000,0.538
0.002,0.034,0.173,0.000,0.575
0.002,0.023,0.169,0.151,0.545
0.004,0.028,0.160,0.604,0.486
0.010,0.024,0.166,0.845,0.494
0.011,0.019,0.157,0.672,0.536
0.007,0.017,0.153,0.610,0.531
0.004,0.018,0.158,0.532,0.478
0.002,0.019,0.156,0.480,0.458
0.002,0.023,0.151,0.412,0.492
0.001,0.021,0.142,0.321,0.507
0.001,0.018,0.147,0.225,0.467
0.001,0.022,0.145,0.132,0.428
0.002,0.020,0.134,0.046,0.451
0.022,0.020,0.137,0.017,0.443
0.063,0.020,0.138,0.015,0.328
0.071,0.019,0.136,0.016,0.398
0.043,0.018,0.140,0.014,0.707
0.023,0.020,0.141,0.010,0.748
0.011,0.015,0.135,0.006,0.754
0.006,0.017,0.133,0.002,0.716
0.004,0.022,0.132,0.000,0.619
0.003,0.023,0.135,0.000,0.559
0.003,0.021,0.130,0.000,0.597
0.149,0.021,0.122,0.000,0.634
0.604,0.022,0.125,0.000,0.577
0.849,0.019,0.133,0.000,0.468
0.583,0.018,0.135,0.000,0.332
0.381,0.015,0.130,0.000,0.160
0.243,0.014,0.132,0.000,0.110
0.172,0.016,0.145,0.000,0.087
0.139,0.014,0.145,0.000,0.081
0.114,0.017,0.133,0.000,0.065
0.093,0.016,0.138,0.000,0.050
0.080,0.013,0.144,0.000,0.047
0.068,0.014,0.136,0.000,0.042
0.063,0.013,0.133,0.000,0.037
0.063,0.011,0.139,0.000,0.038
0.062,0.011,0.132,0.000,0.044
0.052,0.013,0.126,0.000,0.045
0.039,0.013,0.126,0.000,0.049
0.030,0.014,0.122,0.000,0.055
0.023,0.013,0.130,0.000,0.045
0.018,0.014,0.130,0.000,0.032
0.015,0.014,0.124,0.000,0.027
0.013,0.014,0.125,0.000,0.033
0.010,0.014,0.131,0.000,0.034
0.007,0.015,0.130,0.000,0.029
0.009,0.017,0.136,0.000,0.023
0.016,0.017,0.134,0.000,0.025
0.015,0.013,0.123,0.000,0.021
0.013,0.013,0.118,0.000,0.020
0.009,0.015,0.115,0.000,0.020
0.005,0.014,0.120,0.000,0.020
0.003,0.011,0.117,0.000,0.020
0.002,0.011,0.116,0.000,0.019
0.002,0.012,0.129,0.000,0.023
0.001,0.014,0.151,0.000,0.020
0.006,0.015,0.140,0.000,0.041
0.022,0.016,0.138,0.000,0.225
0.038,0.014,0.185,0.000,0.391
0.038,0.013,0.210,0.000,0.232
0.026,0.014,0.211,0.000,0.144
0.017,0.015,0.201,0.000,0.080
0.011,0.014,0.216,0.000,0.044
0.007,0.017,0.232,0.000,0.025
0.005,0.016,0.240,0.000,0.018
0.003,0.012,0.263,0.000,0.022
0.002,0.013,0.261,0.013,0.026
0.004,0.012,0.273,0.307,0.025
0.014,0.009,0.281,0.808,0.055
0.023,0.010,0.369,0.768,0.136
0.017,0.011,0.505,0.620,0.386
0.010,0.013,0.534,0.591,0.797
0.005,0.013,0.486,0.515,0.855
0.003,0.013,0.446,0.469,0.774
0.002,0.012,0.454,0.390,0.695
0.002,0.011,0.440,0.286,0.657
0.001,0.013,0.428,0.203,0.643
0.001,0.014,0.400,0.100,0.626
0.004,0.014,0.383,0.032,0.609
0.011,0.014,0.382,0.009,0.596
0.019,0.018,0.370,0.007,0.585
0.023,0.020,0.393,0.004,0.577
0.017,0.014,0.383,0.001,0.570
0.010,0.012,0.340,0.000,0.565
0.005,0.013,0.323,0.000,0.559
0.003,0.013,0.324,0.000,0.554
0.002,0.015,0.318,0.000,0.550
0.001,0.014,0.312,0.000,0.547
0.001,0.012,0.311,0.000,0.544
0.004,0.013,0.298,0.000,0.542
0.019,0.014,0.293,0.000,0.540
0.033,0.014,0.291,0.000,0.537
0.023,0.013,0.342,0.000,0.534
0.012,0.011,0.417,0.000,0.530
0.007,0.012,0.400,0.000,0.527
0.004,0.014,0.363,0.000,0.524
0.003,0.014,0.370,0.000,0.520
0.002,0.013,0.318,0.000,0.516
0.002,0.013,0.248,0.000,0.512
0.002,0.017,0.225,0.000,0.508
0.227,0.018,0.206,0.000,0.503
0.711,0.020,0.200,0.000,0.499
0.756,0.016,0.200,0.000,0.483
0.443,0.012,0.198,0.000,0.438
0.219,0.012,0.216,0.000,0.460
0.092,0.013,0.222,0.000,0.573
0.038,0.014,0.207,0.000,0.548
0.019,0.013,0.222,0.000,0.473
0.012,0.015,0.202,0.000,0.448
0.008,0.016,0.190,0.000,0.425
0.006,0.018,0.191,0.000,0.414
0.005,0.018,0.195,0.000,0.404
0.005,0.014,0.203,0.000,0.398
0.005,0.012,0.215,0.000,0.391
0.004,0.012,0.260,0.000,0.373
0.003,0.013,0.366,0.000,0.310
0.003,0.016,0.442,0.000,0.212
0.003,0.018,0.458,0.000,0.113
0.003,0.016,0.450,0.000,0.060
0.002,0.015,0.442,0.000,0.036
0.002,0.015,0.419,0.000,0.020
0.002,0.013,0.421,0.000,0.011
0.002,0.015,0.455,0.109,0.006
0.010,0.016,0.440,0.553,0.004
0.027,0.015,0.425,0.888,0.003
0.026,0.011,0.434,0.675,0.003
0.015,0.009,0.432,0.604,0.003
0.008,0.009,0.438,0.551,0.002
0.004,0.011,0.370,0.474,0.002
0.002,0.013,0.360,0.422,0.002
0.002,0.017,0.358,0.348,0.002
0.001,0.017,0.335,0.238,0.002
0.001,0.015,0.320,0.155,0.002
0.001,0.012,0.300,0.060,0.003
0.001,0.013,0.341,0.020,0.009
0.000,0.016,0.336,0.008,0.065
0.000,0.015,0.312,0.006,0.235
0.000,0.011,0.317,0.002,0.311
0.000,0.010,0.329,0.001,0.167
0.000,0.010,0.319,0.000,0.090
0.000,0.012,0.297,0.000,0.044
0.000,0.011,0.317,0.000,0.027
0.000,0.016,0.329,0.000,0.017
0.000,0.026,0.334,0.000,0.016
0.000,0.023,0.322,0.000,0.020
0.000,0.018,0.316,0.000,0.022
0.000,0.017,0.350,0.000,0.034
0.000,0.019,0.317,0.000,0.149
0.000,0.017,0.312,0.000,0.273
0.000,0.025,0.318,0.000,0.182
0.000,0.037,0.327,0.000,0.113
0.000,0.027,0.321,0.000,0.082
0.000,0.017,0.307,0.000,0.059
0.000,0.012,0.309,0.000,0.032
0.000,0.014,0.310,0.000,0.020
0.000,0.016,0.314,0.029,0.020
0.000,0.013,0.300,0.366,0.017
0.000,0.012,0.342,0.838,0.020
0.000,0.015,0.354,0.731,0.060
0.000,0.017,0.312,0.605,0.235
0.000,0.016,0.255,0.579,0.491
0.000,0.014,0.194,0.505,0.498
0.000,0.014,0.163,0.462,0.386
0.000,0.014,0.142,0.375,0.351
0.000,0.016,0.136,0.272,0.327
0.000,0.020,0.127,0.193,0.308
0.000,0.019,0.112,0.089,0.289
0.000,0.019,0.109,0.029,0.274
0.000,0.022,0.172,0.013,0.260
0.000,0.020,0.316,0.017,0.246
0.000,0.023,0.366,0.015,0.232
0.000,0.028,0.320,0.013,0.218
0.000,0.026,0.299,0.008,0.206
0.000,0.018,0.260,0.004,0.194
0.000,0.017,0.164,0.001,0.185
0.000,0.020,0.099,0.000,0.175
0.000,0.022,0.078,0.000,0.165
0.000,0.022,0.071,0.004,0.156
0.000,0.016,0.069,0.264,0.147
0.000,0.018,0.069,0.773,0.140
0.000,0.020,0.067,0.812,0.134
0.000,0.016,0.070,0.644,0.126
0.000,0.014,0.084,0.603,0.120
0.000,0.016,0.095,0.519,0.114
0.000,0.016,0.089,0.471,0.108
0.000,0.017,0.075,0.400,0.103
0.000,0.018,0.044,0.298,0.098
0.000,0.016,0.019,0.211,0.094
0.000,0.016,0.010,0.110,0.090
0.011,0.021,0.033,0.036,0.091
0.036,0.020,0.170,0.014,0.095
0.051,0.018,0.344,0.016,0.141
0.052,0.019,0.369,0.015,0.373
0.043,0.019,0.365,0.014,0.571
0.035,0.017,0.337,0.009,0.473
0.026,0.017,0.322,0.005,0.425
0.019,0.017,0.323,0.001,0.405
0.016,0.015,0.332,0.000,0.389
0.013,0.014,0.324,0.000,0.386
0.011,0.014,0.314,0.000,0.379
0.234,0.017,0.315,0.000,0.371
0.704,0.020,0.336,0.000,0.366
0.724,0.024,0.288,0.000,0.362
0.402,0.022,0.283,0.000,0.354
0.199,0.019,0.318,0.000,0.345
0.082,0.021,0.298,0.000,0.342
0.035,0.020,0.279,0.000,0.338
0.017,0.018,0.282,0.000,0.331
0.011,0.016,0.291,0.000,0.327
0.007,0.017,0.294,0.000,0.329
0.005,0.019,0.262,0.000,0.323
0.004,0.020,0.263,0.000,0.312
0.004,0.016,0.290,0.000,0.305
0.003,0.011,0.275,0.000,0.300
0.003,0.016,0.250,0.000,0.293
0.003,0.019,0.263,0.000,0.284
0.003,0.034,0.263,0.000,0.278
0.002,0.045,0.255,0.000,0.273
0.002,0.023,0.244,0.000,0.263
0.002,0.019,0.241,0.000,0.253
0.002,0.016,0.268,0.000,0.248
0.002,0.014,0.236,0.000,0.241
0.001,0.015,0.231,0.000,0.235
0.001,0.017,0.239,0.000,0.223
0.001,0.020,0.240,0.000,0.176
0.001,0.020,0.224,0.000,0.305
0.001,0.017,0.209,0.000,0.660
0.001,0.019,0.231,0.000,0.700
0.001,0.029,0.238,0.000,0.599
0.001,0.031,0.219,0.000,0.561
0.001,0.019,0.213,0.000,0.527
0.001,0.017,0.224,0.000,0.513
0.001,0.020,0.228,0.000,0.504
0.001,0.021,0.207,0.000,0.495
0.009,0.020,0.216,0.000,0.504
0.027,0.021,0.274,0.000,0.581
0.040,0.021,0.291,0.000,0.634
0.038,0.017,0.274,0.000,0.551
0.024,0.017,0.283,0.000,0.503
0.016,0.019,0.238,0.000,0.486
0.010,0.021,0.170,0.000,0.473
0.006,0.019,0.177,0.000,0.449
0.004,0.022,0.224,0.000,0.440
0.003,0.025,0.220,0.000,0.438
0.001,0.022,0.173,0.040,0.436
0.001,0.022,0.193,0.381,0.426
0.001,0.019,0.217,0.803,0.360
0.000,0.014,0.204,0.693,0.413
0.000,0.017,0.196,0.595,0.745
0.000,0.017,0.191,0.562,0.847
0.000,0.014,0.178,0.492,0.567
0.000,0.013,0.199,0.452,0.380
0.000,0.014,0.219,0.365,0.563
0.000,0.014,0.192,0.258,0.736
0.000,0.017,0.147,0.180,0.650
0.000,0.019,0.152,0.079,0.592
0.000,0.019,0.155,0.026,0.556
0.000,0.017,0.206,0.013,0.533
0.000,0.018,0.231,0.017,0.518
0.000,0.021,0.241,0.015,0.502
0.000,0.019,0.253,0.012,0.492
0.000,0.017,0.250,0.007,0.482
0.000,0.015,0.242,0.003,0.474
0.000,0.015,0.237,0.001,0.467
0.000,0.018,0.238,0.000,0.460
0.000,0.018,0.225,0.000,0.456
0.000,0.017,0.227,0.000,0.452
0.000,0.016,0.224,0.000,0.450
0.000,0.017,0.245,0.000,0.445
0.000,0.015,0.278,0.000,0.444
0.000,0.017,0.278,0.000,0.443
0.000,0.016,0.255,0.000,0.441
0.000,0.013,0.266,0.000,0.438
0.000,0.013,0.261,0.000,0.435
0.000,0.016,0.235,0.000,0.433
0.000,0.018,0.220,0.000,0.430
0.000,0.018,0.217,0.000,0.428
0.000,0.015,0.211,0.000,0.425
0.000,0.013,0.206,0.000,0.424
0.000,0.015,0.210,0.000,0.430
0.000,0.016,0.204,0.000,0.465
0.000,0.014,0.206,0.000,0.594
0.000,0.014,0.188,0.000,0.723
0.000,0.014,0.182,0.000,0.660
0.000,0.016,0.188,0.000,0.550
0.000,0.018,0.175,0.000,0.428
0.000,0.017,0.182,0.000,0.419
0.000,0.016,0.184,0.000,0.399
0.000,0.016,0.177,0.000,0.380
0.004,0.029,0.177,0.000,0.367
0.021,0.039,0.171,0.000,0.339
0.039,0.024,0.176,0.000,0.267
0.033,0.017,0.191,0.000,0.164
0.018,0.016,0.220,0.000,0.096
0.011,0.014,0.237,0.000,0.055
0.007,0.014,0.245,0.000,0.036
0.004,0.016,0.229,0.000,0.023
0.002,0.017,0.234,0.000,0.014
0.002,0.019,0.246,0.000,0.008
0.001,0.020,0.234,0.000,0.005
0.002,0.017,0.230,0.161,0.005
0.040,0.016,0.224,0.616,0.004
0.124,0.016,0.224,0.837,0.004
0.136,0.016,0.215,0.668,0.003
0.067,0.015,0.211,0.606,0.003
0.030,0.014,0.224,0.531,0.003
0.013,0.017,0.219,0.479,0.002
0.007,0.020,0.226,0.410,0.002
0.004,0.021,0.226,0.319,0.002
0.003,0.019,0.232,0.223,0.002
0.003,0.017,0.230,0.130,0.001
0.036,0.020,0.202,0.045,0.010
0.170,0.023,0.205,0.017,0.031
0.259,0.021,0.209,0.015,0.082
0.176,0.020,0.198,0.016,0.176
0.150,0.021,0.198,0.014,0.466
0.132,0.018,0.189,0.010,0.882
0.103,0.020,0.200,0.006,0.849
0.079,0.020,0.203,0.002,0.733
0.057,0.017,0.193,0.000,0.756
0.042,0.018,0.190,0.000,0.739
0.037,0.019,0.193,0.000,0.671
0.034,0.018,0.181,0.000,0.615
0.045,0.018,0.166,0.000,0.662
0.063,0.019,0.166,0.000,0.724
0.050,0.019,0.146,0.000,0.652
0.024,0.017,0.141,0.000,0.412
0.013,0.017,0.150,0.000,0.283
0.008,0.016,0.162,0.000,0.247
0.005,0.016,0.166,0.000,0.257
0.003,0.019,0.160,0.000,0.201
0.002,0.016,0.166,0.000,0.165
0.002,0.013,0.160,0.000,0.145
0.002,0.014,0.156,0.065,0.109
0.005,0.026,0.154,0.446,0.101
0.016,0.033,0.158,0.828,0.129
0.019,0.018,0.158,0.682,0.377
0.012,0.016,0.153,0.600,0.736
0.008,0.016,0.163,0.555,0.773
0.005,0.015,0.172,0.479,0.812
0.004,0.018,0.165,0.439,0.683
0.002,0.023,0.156,0.356,0.627
0.002,0.021,0.153,0.247,0.707
0.001,0.018,0.155,0.167,0.616
0.001,0.012,0.149,0.069,0.624
0.007,0.012,0.141,0.023,0.683
0.017,0.013,0.135,0.014,0.589
0.022,0.018,0.147,0.017,0.627
0.021,0.019,0.143,0.015,0.650
0.014,0.016,0.132,0.012,0.569
0.007,0.018,0.144,0.007,0.629
0.004,0.017,0.136,0.003,0.618
0.003,0.015,0.133,0.001,0.554
0.002,0.017,0.134,0.000,0.626
0.001,0.016,0.131,0.000,0.585
0.001,0.016,0.132,0.022,0.546
0.007,0.019,0.126,0.334,0.619
0.024,0.020,0.130,0.783,0.557
0.028,0.019,0.138,0.722,0.542
0.018,0.016,0.139,0.606,0.603
0.010,0.018,0.134,0.578,0.535
0.006,0.021,0.140,0.505,0.543
0.004,0.018,0.138,0.460,0.585
0.003,0.016,0.121,0.373,0.518
0.002,0.016,0.099,0.271,0.546
0.002,0.018,0.078,0.191,0.563
0.032,0.021,0.064,0.088,0.505
0.382,0.018,0.058,0.028,0.528
0.818,0.013,0.057,0.013,0.438
0.629,0.013,0.057,0.017,0.361
0.353,0.013,0.054,0.015,0.619
0.167,0.014,0.054,0.013,0.784
0.068,0.015,0.054,0.008,0.644
0.031,0.013,0.053,0.004,0.579
0.016,0.016,0.053,0.001,0.558
0.010,0.016,0.053,0.000,0.534
0.007,0.013,0.052,0.000,0.525
0.006,0.011,0.052,0.000,0.518
0.008,0.011,0.054,0.000,0.504
0.024,0.016,0.052,0.000,0.495
0.040,0.017,0.052,0.000,0.492
0.031,0.014,0.053,0.000,0.482
0.017,0.017,0.049,0.000,0.474
0.011,0.018,0.050,0.000,0.472
0.007,0.016,0.052,0.000,0.466
0.004,0.015,0.049,0.000,0.457
0.002,0.014,0.051,0.000,0.455
0.002,0.014,0.058,0.000,0.451
0.001,0.013,0.060,0.000,0.444
0.004,0.014,0.049,0.000,0.438
0.048,0.015,0.046,0.000,0.437
0.132,0.018,0.045,0.000,0.430
0.129,0.016,0.044,0.000,0.423
0.061,0.012,0.044,0.000,0.423
0.027,0.013,0.045,0.000,0.418
0.012,0.014,0.048,0.000,0.410
0.007,0.015,0.049,0.000,0.407
0.004,0.012,0.045,0.000,0.404
0.003,0.012,0.046,0.000,0.395
0.003,0.014,0.049,0.000,0.389
0.047,0.015,0.051,0.000,0.386
0.189,0.016,0.052,0.000,0.376
0.255,0.019,0.054,0.000,0.341
0.170,0.015,0.054,0.000,0.274
0.149,0.014,0.053,0.000,0.235
0.129,0.014,0.051,0.000,0.249
0.099,0.013,0.052,0.000,0.262
0.076,0.022,0.054,0.000,0.235
0.055,0.051,0.072,0.000,0.224
0.042,0.051,0.104,0.000,0.216
0.036,0.012,0.116,0.000,0.211
0.034,0.015,0.131,0.000,0.207
0.047,0.015,0.135,0.000,0.203
0.064,0.014,0.144,0.000,0.199
0.047,0.015,0.136,0.000,0.196
0.022,0.012,0.141,0.000,0.193
0.012,0.013,0.186,0.000,0.189
0.008,0.013,0.187,0.000,0.186
0.004,0.013,0.177,0.000,0.183
0.003,0.015,0.192,0.000,0.180
0.002,0.015,0.209,0.000,0.177
0.002,0.011,0.238,0.000,0.175
0.014,0.011,0.220,0.096,0.173
0.065,0.037,0.165,0.509,0.156
0.102,0.128,0.067,0.838,0.141
0.074,0.177,0.018,0.672,0.161
0.048,0.110,0.011,0.603,0.333
0.027,0.083,0.012,0.549,0.728
0.017,0.078,0.011,0.473,0.903
0.010,0.071,0.012,0.421,0.806
0.007,0.066,0.010,0.345,0.746
0.006,0.066,0.007,0.237,0.706
0.005,0.067,0.007,0.152,0.689
0.004,0.079,0.007,0.059,0.687
0.014,0.139,0.006,0.019,0.683
0.031,0.193,0.006,0.008,0.678
0.030,0.175,0.007,0.006,0.674
0.020,0.136,0.007,0.002,0.670
0.012,0.110,0.007,0.001,0.665
0.007,0.109,0.009,0.000,0.659
0.005,0.109,0.009,0.000,0.654
0.003,0.103,0.006,0.000,0.649
0.002,0.093,0.007,0.000,0.645
0.003,0.092,0.006,0.000,0.640
0.005,0.189,0.005,0.000,0.634
0.021,0.404,0.006,0.000,0.629
0.040,0.470,0.006,0.000,0.623
0.034,0.402,0.005,0.000,0.617
0.020,0.372,0.005,0.000,0.610
0.010,0.363,0.006,0.000,0.603
0.006,0.352,0.008,0.000,0.595
0.005,0.335,0.009,0.000,0.587
0.003,0.327,0.008,0.000,0.579
0.003,0.313,0.008,0.000,0.570
0.002,0.307,0.006,0.000,0.561
0.055,0.315,0.010,0.000,0.552
0.436,0.340,0.127,0.000,0.543
0.818,0.576,0.338,0.000,0.536
0.585,0.854,0.393,0.000,0.520
0.327,0.712,0.383,0.000,0.508
0.154,0.605,0.380,0.000,0.506
0.064,0.586,0.351,0.000,0.456
0.031,0.564,0.330,0.000,0.399
0.017,0.548,0.354,0.000,0.381
0.011,0.525,0.338,0.000,0.370
0.008,0.499,0.333,0.000,0.352
0.008,0.472,0.309,0.000,0.345
0.016,0.459,0.336,0.000,0.337
0.028,0.447,0.327,0.000,0.331
0.023,0.434,0.304,0.000,0.325
0.014,0.419,0.314,0.000,0.291
0.007,0.408,0.317,0.000,0.209
0.005,0.398,0.323,0.000,0.118
0.004,0.386,0.293,0.000,0.064
0.003,0.374,0.292,0.000,0.038
0.003,0.358,0.301,0.000,0.023
0.002,0.348,0.298,0.000,0.015
0.002,0.336,0.274,0.000,0.010
0.005,0.329,0.279,0.000,0.008
0.021,0.403,0.294,0.000,0.007
0.032,0.546,0.273,0.000,0.021
0.020,0.541,0.267,0.000,0.039
0.011,0.446,0.267,0.000,0.034
0.008,0.398,0.280,0.000,0.035
0.005,0.372,0.272,0.000,0.035
0.003,0.347,0.245,0.000,0.028
0.002,0.329,0.269,0.000,0.026
0.001,0.316,0.267,0.000,0.025
0.001,0.308,0.254,0.000,0.026
0.031,0.294,0.247,0.000,0.026
0.097,0.283,0.263,0.000,0.022
0.116,0.312,0.264,0.000,0.019
0.080,0.380,0.242,0.000,0.017
0.050,0.377,0.230,0.000,0.018
0.029,0.329,0.246,0.000,0.017
0.015,0.309,0.251,0.000,0.015
0.009,0.290,0.228,0.000,0.017
0.007,0.274,0.227,0.000,0.017
0.005,0.267,0.237,0.000,0.019
0.005,0.264,0.232,0.000,0.020
0.006,0.247,0.220,0.000,0.016
0.022,0.242,0.217,0.000,0.151
0.045,0.369,0.240,0.000,0.357
0.042,0.585,0.231,0.000,0.295
0.028,0.549,0.203,0.000,0.172
0.020,0.426,0.212,0.000,0.110
0.014,0.371,0.217,0.000,0.061
0.010,0.361,0.217,0.000,0.030
0.007,0.346,0.205,0.000,0.020
0.005,0.325,0.224,0.000,0.019
0.004,0.308,0.251,0.000,0.025
0.009,0.311,0.249,0.155,0.027
0.029,0.316,0.279,0.630,0.019
0.042,0.305,0.403,0.875,0.069
0.030,0.285,0.566,0.669,0.232
0.016,0.266,0.544,0.606,0.537
0.008,0.252,0.457,0.542,0.825
0.005,0.246,0.418,0.475,0.801
0.003,0.251,0.454,0.413,0.752
0.002,0.264,0.518,0.332,0.710
0.002,0.272,0.580,0.230,0.685
0.001,0.261,0.619,0.140,0.681
0.002,0.260,0.571,0.051,0.674
0.010,0.258,0.524,0.019,0.668
0.021,0.258,0.506,0.014,0.660
0.023,0.325,0.484,0.016,0.652
0.020,0.392,0.472,0.014,0.644
0.012,0.334,0.449,0.011,0.636
0.006,0.287,0.455,0.006,0.628
0.004,0.264,0.483,0.002,0.619
0.002,0.254,0.503,0.000,0.611
0.002,0.240,0.431,0.000,0.601
0.001,0.241,0.381,0.000,0.592
0.003,0.238,0.355,0.083,0.582
0.010,0.225,0.326,0.510,0.572
0.020,0.211,0.397,0.872,0.563
0.020,0.204,0.456,0.683,0.554
0.013,0.225,0.445,0.601,0.547
0.006,0.232,0.445,0.554,0.541
0.004,0.207,0.452,0.479,0.536
0.003,0.181,0.485,0.439,0.532
0.002,0.180,0.538,0.354,0.528
0.002,0.181,0.509,0.246,0.524
0.001,0.189,0.414,0.165,0.521
0.001,0.187,0.371,0.068,0.517
0.011,0.176,0.374,0.023,0.490
0.034,0.216,0.351,0.014,0.404
0.041,0.471,0.307,0.017,0.402
0.026,0.683,0.332,0.015,0.547
0.014,0.509,0.330,0.012,0.585
0.009,0.406,0.316,0.007,0.550
0.005,0.399,0.318,0.003,0.532
0.003,0.369,0.318,0.000,0.513
0.002,0.341,0.390,0.000,0.506
0.001,0.327,0.423,0.000,0.497
0.007,0.309,0.336,0.000,0.487
0.064,0.300,0.380,0.000,0.426
0.167,0.288,0.403,0.000,0.328
0.196,0.283,0.398,0.000,0.283
0.140,0.272,0.438,0.000,0.203
0.069,0.262,0.501,0.000,0.105
0.035,0.254,0.556,0.000,0.059
0.018,0.248,0.553,0.000,0.035
0.011,0.242,0.542,0.000,0.023
0.008,0.239,0.555,0.000,0.017
0.006,0.228,0.519,0.000,0.012
0.007,0.214,0.415,0.000,0.008
0.090,0.215,0.372,0.000,0.007
0.236,0.247,0.353,0.000,0.006
0.232,0.288,0.329,0.000,0.004
0.159,0.271,0.316,0.000,0.003
0.144,0.241,0.299,0.000,0.003
0.120,0.216,0.284,0.000,0.002
0.091,0.205,0.240,0.000,0.002
0.068,0.188,0.214,0.000,0.002
0.049,0.183,0.211,0.000,0.002
0.040,0.187,0.208,0.000,0.002
0.036,0.190,0.185,0.000,0.002
0.042,0.181,0.184,0.000,0.005
0.063,0.182,0.204,0.000,0.010
0.068,0.232,0.220,0.000,0.011
0.041,0.287,0.219,0.000,0.015
0.019,0.257,0.193,0.000,0.019
0.011,0.230,0.195,0.000,0.013
0.007,0.215,0.192,0.000,0.009
0.004,0.195,0.181,0.000,0.009
0.003,0.185,0.184,0.000,0.010
0.002,0.175,0.183,0.000,0.007
0.002,0.164,0.182,0.000,0.007
0.021,0.157,0.158,0.064,0.007
0.080,0.181,0.146,0.195,0.080
0.111,0.345,0.156,0.186,0.260
0.082,0.508,0.170,0.066,0.286
0.064,0.399,0.157,0.021,0.133
0.047,0.316,0.147,0.006,0.069
0.033,0.279,0.152,0.002,0.037
0.023,0.247,0.147,0.000,0.021
0.018,0.226,0.143,0.000,0.016
0.015,0.220,0.133,0.000,0.016
0.012,0.210,0.150,0.000,0.014
0.034,0.204,0.159,0.170,0.018
0.093,0.227,0.140,0.625,0.073
0.110,0.302,0.134,0.828,0.186
0.074,0.317,0.142,0.665,0.472
0.051,0.236,0.145,0.604,0.827
0.033,0.210,0.137,0.529,0.841
0.018,0.212,0.130,0.477,0.839
0.010,0.210,0.141,0.408,0.830
0.008,0.221,0.137,0.317,0.718
0.006,0.210,0.127,0.222,0.643
0.005,0.213,0.130,0.127,0.670
0.005,0.219,0.140,0.044,0.732
0.021,0.283,0.143,0.017,0.705
0.044,0.397,0.136,0.015,0.625
0.044,0.437,0.135,0.016,0.620
0.033,0.361,0.129,0.014,0.680
0.020,0.330,0.123,0.010,0.690
0.014,0.300,0.114,0.006,0.622
0.010,0.300,0.121,0.002,0.583
0.007,0.285,0.124,0.000,0.628
0.005,0.252,0.116,0.000,0.665
0.003,0.237,0.118,0.000,0.620
0.007,0.300,0.119,0.000,0.561
0.027,0.416,0.124,0.000,0.586
0.045,0.441,0.119,0.000,0.635
0.035,0.399,0.113,0.000,0.619
0.019,0.337,0.113,0.000,0.558
0.010,0.287,0.117,0.000,0.552
0.006,0.277,0.111,0.000,0.597
0.004,0.273,0.103,0.000,0.607
0.003,0.260,0.110,0.000,0.557
0.003,0.241,0.107,0.000,0.524
0.002,0.241,0.102,0.000,0.559
0.128,0.238,0.098,0.000,0.589
0.573,0.240,0.108,0.000,0.552
0.824,0.408,0.259,0.000,0.481
0.521,0.632,0.500,0.000,0.397
0.274,0.583,0.562,0.000,0.485
0.121,0.473,0.519,0.000,0.779
0.048,0.473,0.472,0.000,0.789
0.023,0.443,0.478,0.000,0.652
0.013,0.442,0.504,0.000,0.608
0.009,0.425,0.484,0.000,0.570
0.007,0.403,0.478,0.000,0.551
0.008,0.394,0.479,0.000,0.535
0.020,0.381,0.465,0.000,0.526
0.028,0.373,0.472,0.000,0.498
0.020,0.366,0.459,0.000,0.414
0.012,0.357,0.431,0.000,0.290
0.006,0.349,0.449,0.000,0.176
0.005,0.341,0.447,0.000,0.078
0.004,0.322,0.422,0.000,0.046
0.003,0.315,0.429,0.000,0.032
0.003,0.310,0.422,0.000,0.018
0.002,0.308,0.405,0.000,0.012
0.002,0.303,0.421,0.024,0.013
0.010,0.309,0.415,0.351,0.012
0.033,0.375,0.408,0.781,0.009
0.038,0.478,0.416,0.713,0.008
0.019,0.436,0.398,0.605,0.008
0.010,0.383,0.399,0.575,0.007
0.005,0.357,0.412,0.504,0.006
0.003,0.351,0.382,0.460,0.006
0.002,0.339,0.367,0.371,0.005
0.001,0.341,0.384,0.270,0.005
0.001,0.342,0.373,0.188,0.004
0.003,0.342,0.362,0.086,0.004
0.034,0.339,0.368,0.028,0.010
0.084,0.339,0.358,0.013,0.019
0.088,0.367,0.351,0.016,0.021
0.064,0.421,0.351,0.015,0.019
0.037,0.404,0.346,0.012,0.018
0.021,0.368,0.357,0.008,0.018
0.010,0.354,0.348,0.004,0.017
0.006,0.332,0.327,0.001,0.016
0.004,0.319,0.340,0.000,0.016
0.003,0.304,0.343,0.000,0.017
0.002,0.297,0.318,0.000,0.019
0.008,0.289,0.322,0.000,0.019
0.065,0.288,0.325,0.000,0.022
0.144,0.364,0.312,0.000,0.178
0.122,0.513,0.317,0.000,0.328
0.055,0.547,0.304,0.000,0.189
0.024,0.496,0.292,0.000,0.102
0.011,0.436,0.299,0.000,0.056
0.006,0.413,0.284,0.000,0.035
0.004,0.394,0.289,0.000,0.020
0.003,0.386,0.321,0.000,0.015
0.003,0.376,0.304,0.000,0.016
0.063,0.365,0.341,0.214,0.050
0.212,0.348,0.399,0.680,0.148
0.249,0.321,0.336,0.811,0.295
0.166,0.308,0.297,0.659,0.586
0.148,0.303,0.319,0.603,0.894
0.126,0.291,0.326,0.523,0.898
0.095,0.288,0.328,0.476,0.739
0.073,0.287,0.320,0.404,0.665
0.052,0.285,0.277,0.306,0.714
0.041,0.288,0.271,0.214,0.734
0.036,0.292,0.278,0.116,0.658
0.035,0.290,0.263,0.039,0.598
0.052,0.299,0.266,0.015,0.639
0.068,0.340,0.287,0.015,0.687
0.045,0.369,0.269,0.015,0.646
0.020,0.410,0.274,0.014,0.575
0.011,0.434,0.302,0.010,0.586
0.007,0.370,0.298,0.005,0.641
0.004,0.342,0.294,0.001,0.632
0.003,0.328,0.275,0.000,0.565
0.002,0.309,0.256,0.000,0.544
0.002,0.298,0.281,0.000,0.591
0.011,0.295,0.309,0.135,0.610
0.083,0.287,0.277,0.578,0.557
0.202,0.268,0.258,0.840,0.513
0.236,0.260,0.284,0.674,0.546
0.186,0.273,0.347,0.607,0.582
0.133,0.266,0.389,0.541,0.551
0.099,0.249,0.445,0.473,0.498
0.075,0.241,0.561,0.411,0.509
0.059,0.238,0.628,0.329,0.550
0.046,0.238,0.569,0.228,0.543
0.038,0.234,0.532,0.138,0.493
0.038,0.230,0.563,0.050,0.479
0.056,0.229,0.553,0.019,0.516
0.075,0.284,0.528,0.014,0.442
0.067,0.435,0.514,0.016,0.488
0.050,0.464,0.480,0.014,0.732
0.038,0.339,0.445,0.011,0.688
0.029,0.291,0.357,0.006,0.680
0.022,0.269,0.273,0.002,0.690
0.017,0.265,0.277,0.000,0.625
0.015,0.256,0.288,0.000,0.548
0.013,0.247,0.274,0.000,0.561
0.020,0.230,0.269,0.000,0.612
0.070,0.227,0.383,0.000,0.582
0.106,0.217,0.466,0.000,0.463
0.074,0.217,0.422,0.000,0.360
0.055,0.210,0.423,0.000,0.323
0.035,0.212,0.445,0.000,0.267
0.020,0.205,0.486,0.000,0.198
0.011,0.206,0.483,0.000,0.175
0.008,0.192,0.450,0.000,0.139
0.006,0.187,0.405,0.000,0.098
0.004,0.180,0.323,0.000,0.081
0.003,0.184,0.285,0.000,0.072
0.013,0.188,0.288,0.000,0.062
0.035,0.219,0.295,0.000,0.058
0.046,0.271,0.300,0.000,0.060
0.036,0.294,0.297,0.000,0.056
0.023,0.258,0.268,0.000,0.053
0.016,0.212,0.254,0.000,0.060
0.011,0.198,0.259,0.000,0.054
0.007,0.200,0.229,0.000,0.041
0.005,0.194,0.195,0.000,0.030
0.003,0.184,0.204,0.000,0.030
0.005,0.177,0.217,0.000,0.035
0.038,0.167,0.232,0.000,0.030
0.079,0.179,0.268,0.000,0.023
0.072,0.218,0.335,0.000,0.025
0.052,0.249,0.358,0.000,0.024
0.030,0.228,0.398,0.000,0.021
0.015,0.205,0.488,0.000,0.020
0.008,0.179,0.534,0.000,0.020
0.005,0.179,0.525,0.000,0.020
0.004,0.178,0.457,0.000,0.019
0.002,0.169,0.405,0.000,0.022
0.002,0.160,0.383,0.000,0.020
0.024,0.161,0.360,0.000,0.030
0.081,0.182,0.376,0.000,0.220
0.094,0.279,0.389,0.000,0.381
0.057,0.344,0.364,0.000,0.236
0.041,0.311,0.350,0.000,0.145
0.024,0.291,0.357,0.000,0.083
0.013,0.279,0.325,0.000,0.046
0.007,0.270,0.294,0.000,0.026
0.004,0.256,0.284,0.000,0.018
0.002,0.251,0.235,0.000,0.021
0.002,0.240,0.195,0.005,0.026
0.043,0.235,0.285,0.296,0.033
0.109,0.257,0.439,0.782,0.075
0.105,0.289,0.497,0.794,0.152
0.068,0.263,0.517,0.640,0.362
0.043,0.220,0.427,0.597,0.636
0.026,0.214,0.317,0.517,0.660
0.014,0.207,0.296,0.470,0.604
0.009,0.205,0.270,0.395,0.561
0.007,0.212,0.267,0.294,0.537
0.006,0.208,0.307,0.206,0.528
0.006,0.204,0.305,0.105,0.519
0.009,0.225,0.305,0.034,0.509
0.024,0.289,0.340,0.011,0.499
0.034,0.303,0.351,0.007,0.490
0.025,0.245,0.346,0.004,0.479
0.017,0.210,0.348,0.002,0.469
0.009,0.199,0.320,0.000,0.458
0.006,0.192,0.299,0.000,0.447
0.004,0.185,0.309,0.000,0.437
0.003,0.180,0.331,0.000,0.427
0.003,0.174,0.366,0.000,0.419
0.002,0.189,0.382,0.000,0.413
0.010,0.354,0.391,0.000,0.408
0.030,0.548,0.413,0.000,0.403
0.039,0.505,0.401,0.000,0.398
0.025,0.444,0.401,0.000,0.394
0.014,0.440,0.402,0.000,0.390
0.008,0.426,0.375,0.000,0.385
0.006,0.411,0.355,0.000,0.381
0.004,0.392,0.331,0.000,0.376
0.003,0.377,0.297,0.000,0.371
0.002,0.366,0.277,0.000,0.367
0.002,0.355,0.277,0.000,0.363
0.213,0.350,0.287,0.000,0.359
0.675,0.430,0.343,0.000,0.354
0.764,0.707,0.511,0.000,0.347
0.455,0.836,0.671,0.000,0.292
0.238,0.648,0.722,0.000,0.294
0.103,0.585,0.692,0.000,0.409
0.046,0.583,0.646,0.000,0.410
0.025,0.561,0.670,0.000,0.372
0.015,0.537,0.678,0.000,0.351
0.010,0.507,0.625,0.000,0.332
0.008,0.484,0.607,0.000,0.323
0.011,0.475,0.645,0.000,0.313
0.023,0.463,0.650,0.000,0.307
0.027,0.453,0.648,0.000,0.302
0.017,0.443,0.614,0.000,0.294
0.010,0.429,0.619,0.000,0.240
0.006,0.412,0.603,0.000,0.136
0.005,0.394,0.524,0.000,0.063
0.004,0.384,0.478,0.000,0.024
0.003,0.375,0.442,0.000,0.009
0.002,0.360,0.423,0.000,0.004
0.002,0.351,0.405,0.000,0.003
0.002,0.340,0.426,0.089,0.003
0.011,0.344,0.428,0.529,0.002
0.029,0.444,0.398,0.865,0.002
0.027,0.532,0.376,0.675,0.002
0.014,0.446,0.378,0.599,0.002
0.009,0.368,0.408,0.550,0.002
0.006,0.338,0.401,0.477,0.002
0.004,0.330,0.386,0.437,0.001
0.003,0.327,0.405,0.351,0.002
0.002,0.312,0.405,0.245,0.001
0.001,0.311,0.366,0.162,0.001
0.008,0.307,0.341,0.066,0.003
0.060,0.292,0.354,0.021,0.009
0.114,0.289,0.346,0.008,0.053
0.096,0.342,0.307,0.006,0.225
0.065,0.396,0.311,0.002,0.312
0.038,0.352,0.344,0.001,0.170
0.021,0.303,0.340,0.000,0.090
0.011,0.289,0.314,0.000,0.045
0.008,0.289,0.307,0.000,0.027
0.006,0.280,0.318,0.000,0.017
0.005,0.273,0.335,0.000,0.016
0.004,0.264,0.305,0.000,0.020
0.011,0.252,0.303,0.000,0.022
0.035,0.273,0.294,0.000,0.028
0.047,0.429,0.278,0.000,0.146
0.035,0.554,0.281,0.000,0.265
0.024,0.458,0.271,0.000,0.183
0.016,0.390,0.293,0.000,0.116
0.012,0.355,0.281,0.000,0.086
0.008,0.340,0.255,0.000,0.059
0.005,0.328,0.274,0.000,0.034
0.004,0.331,0.272,0.000,0.021
0.004,0.327,0.264,0.015,0.020
0.016,0.317,0.255,0.352,0.018
0.037,0.299,0.268,0.815,0.009
0.037,0.276,0.279,0.758,0.001
0.022,0.264,0.273,0.623,0.001
0.011,0.265,0.270,0.587,0.001
0.006,0.261,0.288,0.512,0.001
0.004,0.256,0.308,0.466,0.001
0.003,0.250,0.294,0.383,0.001
0.002,0.248,0.317,0.282,0.001
0.001,0.254,0.329,0.197,0.001
0.001,0.259,0.343,0.095,0.001
0.006,0.262,0.309,0.031,0.001
0.022,0.256,0.264,0.014,0.001
0.032,0.278,0.280,0.016,0.001
0.024,0.324,0.262,0.015,0.000
0.016,0.314,0.239,0.013,0.000
0.009,0.274,0.234,0.008,0.001
0.005,0.263,0.252,0.004,0.001
0.003,0.253,0.248,0.001,0.001
0.002,0.244,0.237,0.000,0.001
0.001,0.239,0.233,0.000,0.000
0.001,0.229,0.225,0.001,0.000
0.010,0.220,0.218,0.253,0.001
0.024,0.216,0.196,0.746,0.028
0.026,0.205,0.208,0.833,0.080
0.017,0.208,0.234,0.660,0.228
0.009,0.222,0.240,0.602,0.532
0.005,0.214,0.232,0.522,0.639
0.003,0.203,0.254,0.475,0.511
0.002,0.183,0.316,0.402,0.464
0.002,0.178,0.363,0.304,0.432
0.001,0.177,0.410,0.213,0.413
0.001,0.179,0.475,0.114,0.395
0.004,0.178,0.476,0.038,0.379
0.026,0.176,0.378,0.015,0.359
0.049,0.385,0.327,0.015,0.305
0.038,0.716,0.329,0.015,0.278
0.019,0.688,0.315,0.014,0.274
0.012,0.536,0.291,0.009,0.188
0.007,0.475,0.271,0.005,0.123
0.004,0.430,0.257,0.001,0.109
0.002,0.399,0.245,0.000,0.104
0.002,0.375,0.206,0.000,0.094
0.001,0.365,0.196,0.000,0.088
0.030,0.357,0.217,0.000,0.085
0.112,0.347,0.301,0.000,0.074
0.188,0.331,0.392,0.000,0.065
0.176,0.315,0.393,0.000,0.086
0.100,0.302,0.451,0.000,0.094
0.050,0.296,0.504,0.000,0.068
0.024,0.288,0.486,0.000,0.056
0.014,0.279,0.405,0.000,0.048
0.010,0.269,0.414,0.000,0.049
0.007,0.260,0.468,0.000,0.054
0.006,0.254,0.475,0.000,0.049
0.031,0.241,0.483,0.000,0.044
0.165,0.276,0.461,0.000,0.042
0.258,0.424,0.454,0.000,0.041
0.184,0.506,0.428,0.000,0.040
0.151,0.400,0.417,0.000,0.038
0.133,0.321,0.415,0.000,0.038
0.105,0.292,0.400,0.000,0.037
0.081,0.272,0.405,0.000,0.035
0.058,0.256,0.416,0.000,0.034
0.043,0.239,0.388,0.000,0.032
0.037,0.228,0.318,0.000,0.032
0.036,0.223,0.283,0.000,0.030
0.051,0.212,0.296,0.000,0.029
0.070,0.224,0.312,0.000,0.028
0.056,0.273,0.274,0.000,0.032
0.028,0.301,0.219,0.000,0.051
0.014,0.267,0.195,0.000,0.092
0.009,0.240,0.179,0.000,0.122
0.006,0.221,0.173,0.000,0.113
0.004,0.211,0.164,0.000,0.087
0.003,0.196,0.181,0.000,0.076
0.002,0.179,0.183,0.000,0.086
0.007,0.170,0.160,0.000,0.092
0.057,0.166,0.153,0.000,0.110
0.122,0.331,0.163,0.000,0.272
0.115,0.699,0.162,0.000,0.388
0.083,0.763,0.144,0.000,0.246
0.063,0.557,0.147,0.000,0.170
0.044,0.502,0.157,0.000,0.150
0.030,0.501,0.155,0.000,0.110
0.021,0.499,0.145,0.000,0.080
0.017,0.475,0.146,0.000,0.070
0.014,0.452,0.158,0.000,0.077
0.014,0.435,0.146,0.025,0.081
0.053,0.431,0.130,0.367,0.070
0.096,0.437,0.129,0.781,0.064
0.080,0.426,0.134,0.708,0.080
0.058,0.358,0.134,0.604,0.205
0.038,0.313,0.122,0.572,0.568
0.022,0.286,0.123,0.503,0.800
0.011,0.269,0.133,0.458,0.686
0.008,0.267,0.130,0.367,0.606
0.006,0.263,0.126,0.269,0.561
0.004,0.273,0.138,0.186,0.542
0.004,0.272,0.140,0.084,0.526
0.010,0.303,0.128,0.027,0.506
0.032,0.359,0.120,0.013,0.449
0.047,0.365,0.124,0.016,0.350
0.039,0.315,0.129,0.015,0.258
0.026,0.279,0.121,0.012,0.177
0.017,0.264,0.113,0.008,0.133
0.012,0.265,0.123,0.004,0.128
0.008,0.259,0.118,0.001,0.126
0.005,0.254,0.115,0.000,0.127
0.004,0.251,0.113,0.000,0.128
0.003,0.258,0.121,0.000,0.128
0.013,0.326,0.122,0.000,0.129
0.031,0.406,0.110,0.000,0.132
0.034,0.406,0.114,0.000,0.165
0.023,0.393,0.120,0.000,0.226
0.013,0.313,0.123,0.000,0.219
0.007,0.287,0.108,0.000,0.167
0.004,0.281,0.107,0.000,0.142
0.003,0.262,0.112,0.000,0.132
0.002,0.248,0.112,0.000,0.129
0.002,0.240,0.108,0.000,0.120
0.001,0.232,0.099,0.000,0.122
0.013,0.229,0.119,0.000,0.122
0.104,0.347,0.113,0.000,0.116
0.162,0.664,0.151,0.000,0.131
0.085,0.745,0.336,0.000,0.264
0.044,0.528,0.512,0.000,0.531
0.031,0.464,0.499,0.000,0.653
0.024,0.460,0.457,0.000,0.563
0.017,0.445,0.435,0.000,0.493
0.012,0.426,0.427,0.000,0.468
0.011,0.419,0.424,0.000,0.450
0.011,0.406,0.413,0.000,0.436
0.277,0.395,0.405,0.000,0.421
0.736,0.376,0.416,0.000,0.409
0.733,0.372,0.391,0.000,0.401
0.424,0.356,0.378,0.000,0.393
0.208,0.354,0.395,0.000,0.383
0.088,0.344,0.366,0.000,0.372
0.037,0.343,0.351,0.000,0.361
0.018,0.322,0.374,0.000,0.352
0.011,0.315,0.356,0.000,0.346
0.008,0.301,0.343,0.000,0.339
0.006,0.299,0.355,0.000,0.331
0.007,0.296,0.347,0.143,0.320
0.023,0.318,0.344,0.593,0.308
0.040,0.405,0.337,0.832,0.298
0.029,0.456,0.313,0.668,0.291
0.014,0.360,0.317,0.604,0.283
0.007,0.291,0.321,0.539,0.275
0.004,0.266,0.300,0.472,0.266
0.002,0.268,0.303,0.410,0.256
0.002,0.258,0.306,0.327,0.241
0.001,0.256,0.291,0.227,0.197
0.001,0.260,0.295,0.135,0.133
0.017,0.255,0.288,0.049,0.084
0.076,0.247,0.277,0.018,0.057
0.115,0.239,0.277,0.015,0.088
0.088,0.244,0.263,0.016,0.157
0.057,0.240,0.263,0.014,0.431
0.034,0.230,0.275,0.011,0.760
0.019,0.216,0.255,0.006,0.734
0.010,0.210,0.245,0.002,0.674
0.007,0.201,0.261,0.000,0.685
0.005,0.202,0.259,0.000,0.671
0.004,0.197,0.256,0.000,0.617
0.004,0.196,0.256,0.000,0.576
0.029,0.188,0.239,0.000,0.617
0.110,0.250,0.228,0.000,0.715
0.146,0.466,0.235,0.000,0.722
0.086,0.584,0.228,0.000,0.595
0.038,0.459,0.227,0.000,0.556
0.017,0.391,0.228,0.000,0.609
0.009,0.361,0.218,0.000,0.619
0.005,0.333,0.227,0.000,0.560
0.004,0.319,0.256,0.000,0.536
0.003,0.308,0.271,0.000,0.572
0.015,0.286,0.264,0.047,0.591
0.133,0.284,0.267,0.425,0.549
0.254,0.274,0.264,0.801,0.511
0.204,0.249,0.261,0.687,0.508
0.154,0.233,0.259,0.597,0.499
0.139,0.224,0.256,0.558,0.560
0.112,0.218,0.266,0.490,0.739
0.085,0.217,0.260,0.449,0.751
0.062,0.221,0.233,0.357,0.648
0.045,0.222,0.237,0.255,0.696
0.038,0.224,0.243,0.173,0.631
0.035,0.218,0.270,0.074,0.593
0.042,0.213,0.311,0.024,0.674
0.062,0.207,0.289,0.014,0.599
0.061,0.207,0.254,0.016,0.577
0.032,0.241,0.249,0.015,0.652
0.015,0.291,0.229,0.012,0.566
0.009,0.265,0.216,0.007,0.574
0.005,0.228,0.217,0.003,0.625
0.003,0.219,0.205,0.001,0.542
0.002,0.205,0.215,0.000,0.573
0.002,0.198,0.314,0.000,0.592
0.002,0.195,0.395,0.011,0.521
0.035,0.193,0.357,0.321,0.569
0.141,0.189,0.314,0.761,0.560
0.234,0.176,0.282,0.744,0.507
0.218,0.183,0.283,0.625,0.566
0.159,0.194,0.301,0.586,0.533
0.115,0.178,0.291,0.512,0.500
0.087,0.162,0.279,0.465,0.559
0.066,0.150,0.266,0.381,0.508
0.052,0.149,0.265,0.281,0.497
0.042,0.152,0.308,0.195,0.545
0.036,0.149,0.363,0.094,0.486
0.038,0.144,0.386,0.030,0.494
0.054,0.159,0.387,0.014,0.488
0.064,0.384,0.383,0.016,0.378
0.053,0.619,0.379,0.015,0.422
0.042,0.509,0.383,0.013,0.559
0.033,0.368,0.364,0.008,0.563
0.025,0.330,0.340,0.004,0.477
0.019,0.322,0.335,0.001,0.449
0.016,0.296,0.308,0.000,0.426
0.013,0.288,0.262,0.000,0.422
0.012,0.272,0.233,0.000,0.411
0.085,0.275,0.247,0.228,0.402
0.205,0.260,0.335,0.691,0.400
0.190,0.248,0.376,0.806,0.392
0.113,0.231,0.319,0.660,0.382
0.084,0.232,0.276,0.600,0.379
0.062,0.221,0.263,0.521,0.373
0.044,0.217,0.261,0.474,0.363
0.031,0.211,0.264,0.400,0.358
0.025,0.212,0.262,0.303,0.354
0.020,0.213,0.233,0.211,0.345
0.016,0.215,0.228,0.113,0.339
0.279,0.210,0.231,0.037,0.335
0.737,0.228,0.224,0.009,0.327
0.735,0.299,0.230,0.002,0.318
0.425,0.349,0.217,0.001,0.314
0.211,0.322,0.203,0.000,0.307
0.089,0.269,0.206,0.000,0.299
0.038,0.237,0.200,0.000,0.293
0.019,0.220,0.199,0.000,0.288
0.012,0.214,0.209,0.000,0.280
0.008,0.201,0.212,0.000,0.273
0.006,0.198,0.204,0.000,0.270
0.025,0.189,0.200,0.000,0.262
0.079,0.189,0.214,0.000,0.255
0.106,0.218,0.311,0.000,0.251
0.089,0.282,0.532,0.000,0.245
0.071,0.283,0.778,0.000,0.238
0.050,0.237,0.783,0.000,0.234
0.033,0.195,0.659,0.000,0.229
0.023,0.189,0.634,0.000,0.222
0.019,0.185,0.686,0.000,0.218
0.015,0.182,0.735,0.000,0.215
0.012,0.171,0.641,0.000,0.208
0.188,0.157,0.535,0.000,0.203
0.658,0.156,0.469,0.000,0.200
0.821,0.314,0.460,0.000,0.195
0.506,0.577,0.455,0.000,0.190
0.266,0.576,0.385,0.000,0.186
0.124,0.440,0.282,0.000,0.183
0.055,0.392,0.226,0.000,0.177
0.028,0.371,0.200,0.000,0.173
0.016,0.353,0.200,0.000,0.171
0.010,0.331,0.204,0.000,0.166
0.007,0.314,0.213,0.000,0.162
0.017,0.301,0.335,0.076,0.158
0.080,0.300,0.375,0.490,0.144
0.127,0.320,0.228,0.817,0.119
0.103,0.308,0.205,0.672,0.139
0.078,0.255,0.214,0.598,0.206
0.047,0.227,0.185,0.547,0.460
0.028,0.217,0.155,0.475,0.775
0.016,0.210,0.149,0.435,0.807
0.012,0.202,0.149,0.347,0.762
0.009,0.202,0.151,0.243,0.693
0.007,0.203,0.139,0.159,0.662
0.006,0.198,0.132,0.065,0.651
0.014,0.241,0.133,0.020,0.635
0.031,0.310,0.138,0.008,0.621
0.030,0.296,0.137,0.006,0.609
0.015,0.241,0.114,0.002,0.599
0.009,0.209,0.108,0.001,0.591
0.007,0.197,0.136,0.000,0.586
0.005,0.190,0.154,0.000,0.581
0.004,0.183,0.149,0.000,0.576
0.003,0.174,0.147,0.000,0.572
0.003,0.163,0.139,0.000,0.569
0.004,0.239,0.130,0.000,0.566
0.018,0.509,0.124,0.000,0.564
0.033,0.627,0.118,0.000,0.562
0.032,0.500,0.116,0.000,0.561
0.026,0.482,0.113,0.000,0.559
0.016,0.466,0.111,0.000,0.557
0.009,0.448,0.113,0.000,0.554
0.005,0.432,0.108,0.000,0.551
0.003,0.417,0.103,0.000,0.549
0.002,0.397,0.113,0.000,0.546
0.002,0.386,0.125,0.000,0.543
0.001,0.374,0.128,0.000,0.539
0.028,0.367,0.220,0.000,0.536
0.124,0.511,0.414,0.000,0.535
0.146,0.741,0.490,0.000,0.541
0.063,0.691,0.457,0.000,0.553
0.038,0.555,0.446,0.000,0.512
0.029,0.563,0.425,0.000,0.409
0.022,0.564,0.413,0.000,0.338
0.016,0.535,0.423,0.000,0.308
0.011,0.507,0.416,0.000,0.294
0.010,0.481,0.401,0.000,0.290
0.023,0.467,0.383,0.000,0.284
0.378,0.465,0.412,0.000,0.275
0.801,0.455,0.404,0.000,0.269
0.657,0.442,0.396,0.000,0.255
0.367,0.425,0.402,0.000,0.197
0.175,0.405,0.406,0.000,0.118
0.072,0.397,0.404,0.000,0.058
0.033,0.384,0.359,0.000,0.021
0.017,0.367,0.340,0.000,0.009
0.010,0.356,0.345,0.000,0.005
0.007,0.351,0.349,0.000,0.004
0.006,0.340,0.331,0.000,0.004
0.007,0.331,0.351,0.000,0.003
0.019,0.390,0.360,0.000,0.003
0.023,0.522,0.338,0.000,0.019
0.011,0.535,0.328,0.000,0.036
0.004,0.439,0.333,0.000,0.034
0.003,0.391,0.347,0.000,0.035
0.003,0.362,0.322,0.000,0.035
0.003,0.354,0.313,0.000,0.028
0.002,0.334,0.345,0.000,0.026
0.002,0.324,0.366,0.000,0.026
0.002,0.318,0.365,0.000,0.027
0.026,0.305,0.341,0.000,0.026
0.078,0.291,0.349,0.000,0.023
0.092,0.310,0.340,0.000,0.019
0.065,0.366,0.301,0.000,0.017
0.042,0.368,0.284,0.000,0.018
0.025,0.331,0.305,0.000,0.018
0.012,0.313,0.309,0.000,0.016
0.007,0.294,0.285,0.000,0.017
0.006,0.275,0.278,0.000,0.017
0.004,0.263,0.286,0.000,0.019
0.003,0.256,0.282,0.000,0.020
0.004,0.251,0.270,0.000,0.016
0.015,0.247,0.276,0.000,0.145
0.024,0.346,0.309,0.000,0.343
0.013,0.528,0.300,0.000,0.311
0.004,0.530,0.279,0.000,0.181
0.002,0.407,0.282,0.000,0.116
0.002,0.355,0.282,0.000,0.063
0.002,0.348,0.271,0.000,0.032
0.002,0.330,0.260,0.000,0.020
0.002,0.313,0.293,0.000,0.019
0.002,0.300,0.308,0.000,0.026
0.007,0.298,0.273,0.133,0.028
0.025,0.298,0.254,0.608,0.017
0.045,0.285,0.270,0.861,0.013
0.045,0.264,0.281,0.665,0.086
0.033,0.249,0.271,0.601,0.180
0.023,0.243,0.265,0.545,0.400
0.015,0.241,0.260,0.470,0.703
0.010,0.249,0.278,0.419,0.751
0.007,0.251,0.260,0.337,0.685
0.005,0.245,0.258,0.233,0.612
0.003,0.248,0.297,0.145,0.579
0.003,0.244,0.313,0.056,0.566
0.017,0.235,0.307,0.020,0.554
0.038,0.247,0.301,0.014,0.548
0.033,0.331,0.292,0.016,0.542
0.016,0.369,0.269,0.014,0.537
0.008,0.311,0.251,0.011,0.532
0.004,0.291,0.253,0.006,0.528
0.002,0.279,0.276,0.002,0.526
0.002,0.264,0.269,0.000,0.524
0.001,0.251,0.252,0.000,0.522
0.001,0.246,0.265,0.000,0.520
0.005,0.241,0.267,0.062,0.518
0.031,0.233,0.269,0.489,0.515
0.054,0.220,0.254,0.848,0.513
0.049,0.220,0.253,0.689,0.509
0.040,0.235,0.272,0.598,0.506
0.023,0.235,0.263,0.557,0.502
0.012,0.209,0.256,0.490,0.498
0.007,0.185,0.261,0.448,0.494
0.004,0.181,0.265,0.355,0.490
0.003,0.180,0.245,0.254,0.486
0.002,0.184,0.222,0.171,0.481
0.001,0.186,0.217,0.073,0.476
0.008,0.183,0.224,0.024,0.471
0.023,0.246,0.217,0.014,0.471
0.024,0.542,0.222,0.016,0.435
0.012,0.696,0.247,0.015,0.466
0.005,0.496,0.245,0.012,0.600
0.003,0.409,0.231,0.007,0.594
0.002,0.393,0.228,0.003,0.517
0.002,0.366,0.229,0.001,0.488
0.001,0.350,0.234,0.000,0.466
0.001,0.329,0.221,0.000,0.456
0.004,0.309,0.224,0.000,0.446
0.050,0.303,0.244,0.000,0.438
0.115,0.291,0.242,0.000,0.430
0.123,0.283,0.236,0.000,0.383
0.092,0.271,0.238,0.000,0.288
0.053,0.257,0.245,0.000,0.183
0.027,0.252,0.234,0.000,0.088
0.014,0.245,0.213,0.000,0.040
0.009,0.235,0.206,0.000,0.020
0.006,0.230,0.225,0.000,0.011
0.005,0.224,0.217,0.000,0.007
0.020,0.218,0.195,0.000,0.005
0.379,0.214,0.206,0.000,0.004
0.808,0.249,0.210,0.000,0.004
0.706,0.314,0.201,0.000,0.003
0.469,0.302,0.180,0.000,0.003
0.304,0.255,0.178,0.000,0.003
0.201,0.235,0.199,0.000,0.003
0.152,0.206,0.192,0.000,0.002
0.124,0.186,0.177,0.000,0.002
0.102,0.177,0.178,0.000,0.002
0.086,0.173,0.199,0.000,0.002
0.074,0.173,0.198,0.000,0.002
0.070,0.170,0.181,0.000,0.005
0.075,0.172,0.171,0.000,0.010
0.074,0.230,0.181,0.000,0.011
0.062,0.293,0.173,0.000,0.015
0.046,0.259,0.152,0.000,0.018
0.035,0.214,0.172,0.000,0.013
0.026,0.197,0.170,0.000,0.009
0.020,0.185,0.156,0.000,0.010
0.017,0.184,0.155,0.000,0.010
0.014,0.173,0.154,0.000,0.008
0.012,0.158,0.158,0.000,0.007
0.014,0.149,0.153,0.059,0.008
0.059,0.156,0.150,0.190,0.067
0.088,0.282,0.152,0.189,0.251
0.055,0.434,0.155,0.069,0.289
0.039,0.399,0.148,0.021,0.133
0.027,0.313,0.142,0.007,0.069
0.015,0.263,0.140,0.002,0.039
0.008,0.227,0.143,0.000,0.021
0.005,0.216,0.146,0.000,0.016
0.003,0.205,0.142,0.000,0.016
0.002,0.201,0.157,0.000,0.015
0.021,0.204,0.154,0.150,0.015
0.072,0.211,0.135,0.605,0.026
0.099,0.267,0.138,0.824,0.115
0.084,0.300,0.145,0.665,0.217
0.063,0.244,0.138,0.601,0.499
0.037,0.208,0.125,0.537,0.845
0.021,0.208,0.123,0.470,0.812
0.013,0.212,0.134,0.409,0.767
0.008,0.214,0.138,0.324,0.794
0.006,0.219,0.134,0.225,0.736
0.004,0.218,0.128,0.133,0.644
0.003,0.218,0.130,0.048,0.619
0.016,0.286,0.129,0.018,0.679
0.033,0.425,0.122,0.015,0.699
0.026,0.452,0.117,0.016,0.629
0.012,0.389,0.122,0.014,0.576
0.008,0.364,0.119,0.010,0.615
0.005,0.320,0.107,0.006,0.659
0.003,0.316,0.119,0.002,0.619
0.002,0.307,0.127,0.000,0.554
0.002,0.276,0.116,0.000,0.566
0.002,0.250,0.110,0.000,0.616
0.005,0.281,0.111,0.000,0.607
0.022,0.371,0.118,0.000,0.544
0.035,0.442,0.110,0.000,0.525
0.030,0.458,0.103,0.000,0.568
0.023,0.413,0.105,0.000,0.586
0.013,0.339,0.113,0.000,0.535
0.007,0.329,0.110,0.000,0.494
0.004,0.312,0.103,0.000,0.527
0.003,0.296,0.105,0.000,0.560
0.002,0.279,0.107,0.000,0.529
0.001,0.270,0.102,0.000,0.480
0.001,0.263,0.091,0.000,0.491
0.052,0.262,0.105,0.000,0.531
0.152,0.406,0.246,0.000,0.530
0.140,0.656,0.481,0.000,0.585
0.058,0.654,0.572,0.000,0.719
0.037,0.521,0.526,0.000,0.701
0.029,0.497,0.471,0.000,0.589
0.022,0.496,0.479,0.000,0.557
0.016,0.483,0.500,0.000,0.531
0.012,0.457,0.476,0.000,0.493
0.010,0.441,0.472,0.000,0.483
0.071,0.420,0.481,0.000,0.467
0.498,0.411,0.477,0.000,0.457
0.824,0.397,0.467,0.000,0.402
0.577,0.388,0.449,0.000,0.266
0.312,0.378,0.435,0.000,0.164
0.143,0.373,0.446,0.000,0.095
0.058,0.362,0.437,0.000,0.053
0.027,0.355,0.422,0.000,0.045
0.015,0.351,0.430,0.000,0.030
0.009,0.349,0.418,0.000,0.019
0.007,0.346,0.406,0.000,0.017
0.006,0.343,0.426,0.012,0.014
0.010,0.333,0.421,0.337,0.011
0.022,0.390,0.408,0.763,0.010
0.021,0.489,0.412,0.735,0.010
0.009,0.464,0.395,0.623,0.009
0.004,0.408,0.400,0.583,0.008
0.003,0.401,0.411,0.511,0.007
0.003,0.394,0.374,0.464,0.006
0.002,0.382,0.371,0.378,0.006
0.002,0.376,0.394,0.280,0.005
0.002,0.373,0.367,0.192,0.005
0.003,0.374,0.357,0.092,0.005
0.043,0.368,0.369,0.029,0.009
0.098,0.369,0.346,0.014,0.017
0.094,0.413,0.345,0.016,0.019
0.063,0.476,0.361,0.015,0.019
0.039,0.453,0.345,0.013,0.020
0.023,0.400,0.351,0.008,0.019
0.012,0.362,0.352,0.004,0.016
0.008,0.339,0.332,0.001,0.015
0.006,0.319,0.347,0.000,0.016
0.005,0.310,0.347,0.000,0.016
0.004,0.301,0.313,0.000,0.018
0.006,0.289,0.321,0.000,0.019
0.018,0.284,0.329,0.000,0.018
0.023,0.368,0.315,0.000,0.179
0.011,0.526,0.316,0.000,0.312
0.004,0.553,0.307,0.000,0.201
0.003,0.478,0.295,0.000,0.110
0.002,0.429,0.296,0.000,0.058
0.002,0.411,0.289,0.000,0.035
0.002,0.396,0.312,0.000,0.020
0.002,0.384,0.335,0.000,0.015
0.002,0.373,0.304,0.000,0.016
0.010,0.366,0.305,0.196,0.028
0.031,0.353,0.316,0.659,0.116
0.046,0.331,0.285,0.818,0.202
0.043,0.314,0.279,0.666,0.467
0.030,0.309,0.308,0.599,0.791
0.021,0.305,0.319,0.527,0.776
0.014,0.304,0.321,0.474,0.767
0.010,0.300,0.317,0.403,0.782
0.006,0.297,0.280,0.310,0.705
0.004,0.300,0.263,0.216,0.629
0.003,0.297,0.270,0.121,0.638
0.004,0.297,0.261,0.042,0.699
0.023,0.312,0.274,0.017,0.695
0.040,0.339,0.289,0.015,0.625
0.028,0.363,0.258,0.016,0.599
0.013,0.416,0.269,0.014,0.648
0.007,0.426,0.301,0.010,0.676
0.004,0.376,0.298,0.005,0.622
0.002,0.364,0.295,0.002,0.573
0.002,0.353,0.286,0.000,0.605
0.001,0.346,0.263,0.000,0.650
0.001,0.353,0.281,0.000,0.623
0.006,0.331,0.318,0.113,0.565
0.022,0.303,0.289,0.560,0.570
0.032,0.294,0.254,0.825,0.615
0.028,0.280,0.268,0.670,0.617
0.022,0.278,0.338,0.602,0.565
0.013,0.271,0.383,0.544,0.542
0.007,0.252,0.425,0.468,0.579
0.004,0.246,0.560,0.418,0.603
0.003,0.247,0.632,0.335,0.561
0.002,0.249,0.571,0.232,0.520
0.001,0.251,0.530,0.143,0.547
0.001,0.243,0.547,0.055,0.582
0.012,0.235,0.534,0.020,0.505
0.026,0.363,0.528,0.014,0.360
0.021,0.698,0.524,0.016,0.409
0.010,0.721,0.482,0.014,0.644
0.005,0.506,0.451,0.011,0.797
0.002,0.482,0.363,0.006,0.770
0.002,0.435,0.273,0.002,0.653
0.001,0.407,0.277,0.000,0.575
0.001,0.401,0.291,0.000,0.593
0.001,0.394,0.273,0.000,0.626
0.013,0.382,0.262,0.000,0.586
0.083,0.369,0.379,0.000,0.518
0.140,0.357,0.464,0.000,0.500
0.119,0.353,0.422,0.000,0.458
0.081,0.343,0.413,0.000,0.356
0.046,0.341,0.432,0.000,0.284
0.025,0.339,0.464,0.000,0.258
0.014,0.326,0.469,0.000,0.219
0.010,0.316,0.448,0.000,0.154
0.007,0.310,0.402,0.000,0.118
0.006,0.300,0.326,0.000,0.101
0.069,0.296,0.285,0.000,0.082
0.500,0.298,0.289,0.000,0.072
0.837,0.314,0.294,0.000,0.068
0.639,0.408,0.297,0.000,0.069
0.422,0.452,0.295,0.000,0.068
0.273,0.384,0.270,0.000,0.065
0.187,0.330,0.268,0.000,0.066
0.146,0.322,0.277,0.000,0.054
0.118,0.311,0.244,0.000,0.036
0.097,0.308,0.207,0.000,0.034
0.083,0.295,0.212,0.000,0.039
0.071,0.287,0.229,0.000,0.041
0.069,0.275,0.239,0.000,0.033
0.068,0.288,0.270,0.000,0.027
0.062,0.334,0.347,0.000,0.028
0.053,0.378,0.370,0.000,0.023
0.041,0.350,0.362,0.000,0.022
0.032,0.295,0.414,0.000,0.022
0.024,0.267,0.455,0.000,0.021
0.018,0.264,0.442,0.000,0.020
0.015,0.265,0.377,0.000,0.021
0.013,0.257,0.334,0.000,0.024
0.024,0.243,0.359,0.000,0.021
0.394,0.227,0.377,0.000,0.022
0.811,0.238,0.367,0.000,0.218
0.670,0.331,0.373,0.000,0.369
0.378,0.402,0.386,0.000,0.242
0.185,0.383,0.374,0.000,0.147
0.082,0.373,0.382,0.000,0.088
0.038,0.354,0.378,0.000,0.049
0.020,0.340,0.361,0.000,0.026
0.012,0.328,0.333,0.000,0.019
0.008,0.320,0.255,0.000,0.021
0.006,0.311,0.201,0.001,0.026
0.046,0.306,0.309,0.281,0.025
0.118,0.304,0.455,0.762,0.105
0.128,0.312,0.497,0.815,0.234
0.092,0.286,0.530,0.655,0.448
0.063,0.238,0.464,0.595,0.709
0.038,0.222,0.361,0.519,0.755
0.023,0.221,0.332,0.473,0.688
0.015,0.221,0.306,0.397,0.628
0.011,0.219,0.281,0.300,0.600
0.008,0.218,0.269,0.209,0.591
0.007,0.219,0.275,0.110,0.590
0.009,0.226,0.290,0.036,0.589
0.025,0.268,0.320,0.012,0.587
0.037,0.289,0.336,0.007,0.585
0.025,0.247,0.333,0.004,0.583
0.013,0.211,0.333,0.002,0.581
0.008,0.206,0.316,0.000,0.578
0.005,0.209,0.298,0.000,0.575
0.004,0.199,0.301,0.000,0.571
0.003,0.189,0.320,0.000,0.568
0.003,0.184,0.351,0.000,0.564
0.003,0.184,0.363,0.000,0.560
0.010,0.285,0.369,0.000,0.556
0.025,0.438,0.388,0.000,0.552
0.033,0.450,0.392,0.000,0.548
0.029,0.393,0.392,0.000,0.543
0.022,0.367,0.380,0.000,0.537
0.012,0.351,0.359,0.000,0.532
0.007,0.332,0.352,0.000,0.526
0.005,0.315,0.336,0.000,0.519
0.003,0.303,0.303,0.000,0.513
0.002,0.297,0.290,0.000,0.506
0.002,0.301,0.290,0.000,0.498
0.003,0.295,0.279,0.000,0.490
0.077,0.342,0.319,0.000,0.483
0.164,0.640,0.474,0.000,0.460
0.120,0.787,0.626,0.000,0.394
0.052,0.607,0.680,0.000,0.437
0.034,0.546,0.650,0.000,0.582
0.027,0.542,0.592,0.000,0.575
0.020,0.521,0.624,0.000,0.500
0.014,0.498,0.674,0.000,0.467
0.011,0.482,0.645,0.000,0.442
0.010,0.458,0.639,0.000,0.429
0.153,0.437,0.640,0.000,0.415
0.617,0.423,0.619,0.000,0.404
0.807,0.417,0.609,0.000,0.398
0.505,0.406,0.603,0.000,0.395
0.261,0.391,0.634,0.000,0.367
0.115,0.377,0.602,0.000,0.253
0.047,0.363,0.538,0.000,0.121
0.022,0.354,0.503,0.000,0.057
0.013,0.347,0.470,0.000,0.029
0.009,0.338,0.447,0.000,0.017
0.007,0.329,0.430,0.000,0.010
0.006,0.320,0.443,0.065,0.007
0.013,0.331,0.426,0.508,0.004
0.024,0.443,0.396,0.842,0.003
0.019,0.536,0.369,0.681,0.003
0.007,0.473,0.386,0.596,0.003
0.004,0.387,0.422,0.553,0.003
0.003,0.341,0.405,0.489,0.002
0.003,0.315,0.393,0.447,0.002
0.002,0.301,0.407,0.351,0.002
0.002,0.303,0.392,0.253,0.002
0.002,0.308,0.353,0.168,0.002
0.006,0.301,0.336,0.072,0.003
0.046,0.289,0.350,0.022,0.009
0.087,0.290,0.347,0.008,0.041
0.077,0.345,0.317,0.006,0.222
0.053,0.383,0.312,0.002,0.309
0.031,0.345,0.330,0.001,0.172
0.016,0.308,0.314,0.000,0.091
0.008,0.289,0.298,0.000,0.048
0.005,0.277,0.301,0.000,0.029
0.004,0.266,0.322,0.000,0.018
0.003,0.260,0.334,0.000,0.016
0.002,0.248,0.304,0.000,0.020
0.011,0.237,0.305,0.000,0.022
0.038,0.255,0.311,0.000,0.023
0.048,0.405,0.319,0.000,0.147
0.030,0.500,0.298,0.000,0.256
0.016,0.417,0.276,0.000,0.186
0.010,0.354,0.305,0.000,0.122
0.006,0.318,0.282,0.000,0.088
0.003,0.302,0.267,0.000,0.060
0.002,0.293,0.282,0.000,0.036
0.002,0.290,0.271,0.000,0.022
0.002,0.287,0.267,0.005,0.020
0.015,0.279,0.261,0.337,0.018
0.078,0.267,0.268,0.797,0.023
0.144,0.252,0.271,0.783,0.056
0.116,0.238,0.270,0.642,0.201
0.052,0.229,0.260,0.592,0.426
0.024,0.230,0.264,0.514,0.461
0.011,0.231,0.265,0.467,0.365
0.006,0.226,0.245,0.388,0.334
0.004,0.225,0.255,0.290,0.316
0.003,0.228,0.265,0.200,0.300
0.003,0.232,0.282,0.100,0.286
0.072,0.238,0.244,0.032,0.272
0.221,0.235,0.218,0.015,0.257
0.241,0.275,0.233,0.016,0.241
0.164,0.341,0.220,0.015,0.227
0.147,0.326,0.205,0.013,0.214
0.123,0.284,0.206,0.009,0.202
0.094,0.274,0.221,0.004,0.190
0.071,0.267,0.216,0.001,0.179
0.051,0.250,0.204,0.000,0.169
0.040,0.232,0.201,0.000,0.158
0.036,0.224,0.218,0.000,0.149
0.039,0.221,0.217,0.233,0.140
0.061,0.213,0.201,0.725,0.131
0.070,0.199,0.214,0.842,0.124
0.044,0.202,0.226,0.667,0.116
0.021,0.202,0.231,0.598,0.110
0.012,0.186,0.213,0.526,0.104
0.007,0.177,0.208,0.472,0.097
0.004,0.165,0.239,0.402,0.092
0.003,0.166,0.238,0.309,0.086
0.002,0.168,0.231,0.215,0.082
0.002,0.163,0.255,0.119,0.078
0.008,0.158,0.252,0.041,0.078
0.088,0.156,0.209,0.017,0.098
0.208,0.342,0.187,0.015,0.155
0.233,0.721,0.191,0.016,0.422
0.182,0.736,0.194,0.014,0.642
0.131,0.507,0.183,0.010,0.547
0.097,0.467,0.172,0.005,0.456
0.074,0.446,0.185,0.002,0.428
0.057,0.406,0.183,0.000,0.409
0.045,0.385,0.164,0.000,0.394
0.038,0.366,0.175,0.000,0.384
0.054,0.349,0.184,0.000,0.381
0.118,0.336,0.190,0.000,0.374
0.136,0.323,0.221,0.000,0.362
0.099,0.309,0.240,0.000,0.355
0.077,0.297,0.230,0.000,0.351
0.056,0.287,0.210,0.000,0.343
0.038,0.279,0.189,0.000,0.334
0.027,0.270,0.179,0.000,0.330
0.021,0.261,0.177,0.000,0.329
0.017,0.257,0.162,0.000,0.325
0.014,0.249,0.150,0.000,0.318
0.155,0.236,0.150,0.000,0.311
0.612,0.250,0.162,0.000,0.302
0.776,0.374,0.164,0.000,0.292
0.465,0.472,0.147,0.000,0.285
0.236,0.405,0.153,0.000,0.281
0.103,0.325,0.158,0.000,0.273
0.042,0.285,0.156,0.000,0.264
0.021,0.264,0.148,0.000,0.257
0.012,0.253,0.151,0.000,0.250
0.008,0.242,0.162,0.000,0.240
0.006,0.229,0.152,0.000,0.233
0.007,0.217,0.141,0.000,0.229
0.019,0.207,0.145,0.000,0.220
0.026,0.207,0.154,0.000,0.160
0.018,0.249,0.140,0.000,0.320
0.010,0.279,0.134,0.000,0.705
0.005,0.264,0.139,0.000,0.785
0.004,0.243,0.142,0.000,0.665
0.003,0.215,0.141,0.000,0.606
0.002,0.204,0.132,0.000,0.566
0.002,0.196,0.142,0.000,0.547
0.002,0.186,0.139,0.000,0.538
0.002,0.180,0.126,0.000,0.528
0.026,0.169,0.122,0.000,0.524
0.068,0.244,0.133,0.000,0.614
0.061,0.569,0.136,0.000,0.656
0.031,0.700,0.125,0.000,0.583
0.020,0.527,0.122,0.000,0.555
0.012,0.474,0.127,0.000,0.527
0.006,0.468,0.130,0.000,0.502
0.004,0.452,0.116,0.000,0.482
0.002,0.424,0.118,0.000,0.476
0.001,0.415,0.132,0.000,0.473
0.004,0.409,0.127,0.012,0.468
0.058,0.388,0.116,0.352,0.463
0.119,0.419,0.118,0.765,0.362
0.114,0.442,0.127,0.729,0.325
0.087,0.371,0.127,0.622,0.566
0.059,0.293,0.114,0.580,0.688
0.037,0.262,0.116,0.509,0.472
0.024,0.258,0.125,0.463,0.309
0.017,0.258,0.121,0.375,0.497
0.014,0.254,0.112,0.278,0.692
0.011,0.246,0.115,0.190,0.658
0.010,0.239,0.121,0.090,0.615
0.014,0.266,0.115,0.029,0.585
0.027,0.338,0.109,0.014,0.569
0.033,0.352,0.112,0.016,0.555
0.026,0.308,0.122,0.015,0.544
0.018,0.279,0.110,0.013,0.534
0.011,0.262,0.104,0.008,0.524
0.008,0.253,0.112,0.004,0.515
0.006,0.262,0.112,0.001,0.506
0.005,0.257,0.109,0.000,0.499
0.005,0.236,0.101,0.000,0.492
0.005,0.232,0.109,0.000,0.486
0.015,0.288,0.112,0.000,0.479
0.038,0.346,0.103,0.000,0.473
0.042,0.385,0.102,0.000,0.469
0.027,0.392,0.109,0.000,0.466
0.014,0.316,0.113,0.000,0.463
0.008,0.285,0.101,0.000,0.459
0.006,0.298,0.101,0.000,0.455
0.004,0.285,0.105,0.000,0.451
0.004,0.266,0.110,0.000,0.449
0.003,0.258,0.099,0.000,0.445
0.003,0.247,0.098,0.000,0.441
0.301,0.245,0.112,0.000,0.437
0.746,0.361,0.106,0.000,0.445
0.713,0.652,0.136,0.000,0.467
0.410,0.723,0.328,0.000,0.604
0.204,0.567,0.505,0.000,0.713
0.087,0.505,0.491,0.000,0.688
0.039,0.472,0.453,0.000,0.590
0.021,0.425,0.436,0.000,0.470
0.013,0.407,0.420,0.000,0.447
0.010,0.396,0.416,0.000,0.435
0.008,0.388,0.409,0.000,0.417
0.013,0.383,0.404,0.000,0.405
0.025,0.375,0.408,0.000,0.383
0.025,0.361,0.383,0.000,0.294
0.014,0.349,0.378,0.000,0.153
0.008,0.342,0.389,0.000,0.070
0.005,0.333,0.360,0.000,0.049
0.004,0.328,0.354,0.000,0.037
0.003,0.318,0.371,0.000,0.027
0.003,0.307,0.344,0.000,0.018
0.002,0.288,0.335,0.000,0.010
0.002,0.285,0.352,0.000,0.007
0.002,0.281,0.341,0.120,0.006
0.020,0.318,0.334,0.576,0.006
0.040,0.433,0.330,0.818,0.005
0.030,0.461,0.311,0.664,0.004
0.014,0.359,0.318,0.600,0.004
0.007,0.304,0.320,0.541,0.003
0.004,0.289,0.297,0.467,0.003
0.002,0.262,0.301,0.418,0.002
0.002,0.245,0.304,0.332,0.002
0.001,0.250,0.283,0.231,0.002
0.001,0.252,0.286,0.141,0.002
0.013,0.246,0.289,0.054,0.009
0.070,0.228,0.270,0.019,0.025
0.108,0.234,0.269,0.014,0.105
0.087,0.284,0.269,0.016,0.253
0.058,0.326,0.272,0.014,0.564
0.034,0.299,0.278,0.011,0.806
0.019,0.253,0.253,0.006,0.789
0.010,0.236,0.245,0.002,0.793
0.007,0.225,0.264,0.000,0.757
0.005,0.216,0.256,0.000,0.651
0.004,0.208,0.248,0.000,0.601
0.003,0.202,0.257,0.000,0.637
0.025,0.190,0.239,0.000,0.673
0.105,0.276,0.227,0.000,0.656
0.145,0.491,0.240,0.000,0.619
0.090,0.561,0.230,0.000,0.501
0.039,0.481,0.225,0.000,0.307
0.018,0.453,0.226,0.000,0.167
0.010,0.436,0.216,0.000,0.106
0.006,0.419,0.231,0.000,0.077
0.005,0.400,0.257,0.000,0.073
0.004,0.375,0.263,0.000,0.072
0.010,0.366,0.263,0.029,0.061
0.126,0.362,0.262,0.410,0.063
0.249,0.341,0.253,0.785,0.096
0.211,0.314,0.256,0.700,0.343
0.156,0.292,0.258,0.607,0.657
0.140,0.279,0.249,0.567,0.814
0.114,0.273,0.256,0.501,0.779
0.087,0.273,0.255,0.454,0.656
0.065,0.273,0.235,0.359,0.695
0.047,0.272,0.233,0.265,0.658
0.039,0.270,0.242,0.178,0.611
0.035,0.264,0.271,0.079,0.688
0.041,0.258,0.316,0.025,0.629
0.062,0.251,0.295,0.014,0.603
0.063,0.249,0.252,0.016,0.672
0.034,0.274,0.248,0.015,0.593
0.016,0.302,0.228,0.012,0.594
0.011,0.284,0.211,0.008,0.650
0.011,0.264,0.214,0.003,0.567
0.011,0.257,0.205,0.001,0.590
0.008,0.248,0.211,0.000,0.624
0.005,0.244,0.307,0.000,0.550
0.005,0.240,0.403,0.003,0.591
0.032,0.230,0.362,0.305,0.598
0.136,0.220,0.299,0.744,0.539
0.232,0.206,0.278,0.764,0.590
0.220,0.211,0.283,0.644,0.571
0.162,0.215,0.301,0.591,0.532
0.117,0.199,0.302,0.513,0.587
0.090,0.181,0.316,0.466,0.545
0.072,0.168,0.340,0.386,0.527
0.056,0.174,0.349,0.289,0.578
0.045,0.186,0.367,0.198,0.523
0.037,0.193,0.386,0.098,0.525
0.039,0.189,0.380,0.032,0.546
0.058,0.191,0.387,0.015,0.444
0.071,0.463,0.367,0.016,0.361
0.060,0.841,0.348,0.015,0.548
0.046,0.760,0.370,0.013,0.739
0.037,0.536,0.350,0.009,0.650
0.037,0.465,0.331,0.004,0.575
0.040,0.414,0.343,0.001,0.562
0.031,0.388,0.324,0.000,0.538
0.022,0.361,0.276,0.000,0.524
0.019,0.363,0.243,0.000,0.518
0.337,0.352,0.244,0.000,0.508
0.794,0.341,0.322,0.000,0.496
0.721,0.328,0.398,0.000,0.490
0.404,0.312,0.379,0.000,0.485
0.218,0.302,0.342,0.000,0.476
0.108,0.294,0.312,0.000,0.469
0.069,0.287,0.274,0.000,0.466
0.056,0.282,0.267,0.000,0.459
0.045,0.272,0.255,0.000,0.451
0.036,0.258,0.221,0.000,0.449
0.031,0.255,0.226,0.000,0.444
0.032,0.250,0.229,0.000,0.436
0.040,0.291,0.224,0.000,0.432
0.041,0.456,0.233,0.000,0.430
0.031,0.525,0.221,0.000,0.421
0.025,0.409,0.212,0.000,0.416
0.023,0.329,0.221,0.000,0.415
0.021,0.294,0.222,0.000,0.408
0.021,0.285,0.222,0.000,0.401
0.021,0.268,0.229,0.000,0.399
0.019,0.251,0.225,0.000,0.393
0.019,0.242,0.222,0.000,0.385
0.023,0.233,0.222,0.000,0.380
0.034,0.217,0.217,0.000,0.377
0.035,0.239,0.279,0.000,0.346
0.026,0.286,0.519,0.000,0.281
0.021,0.302,0.792,0.000,0.235
0.018,0.270,0.757,0.000,0.251
0.017,0.235,0.595,0.000,0.262
0.016,0.216,0.553,0.000,0.237
0.015,0.212,0.634,0.000,0.224
0.015,0.201,0.709,0.000,0.217
0.014,0.181,0.625,0.000,0.211
0.016,0.174,0.534,0.000,0.207
0.052,0.175,0.489,0.000,0.203
0.091,0.319,0.456,0.000,0.200
0.084,0.686,0.421,0.000,0.196
0.063,0.781,0.344,0.000,0.193
0.045,0.595,0.267,0.000,0.189
0.031,0.529,0.228,0.000,0.186
0.023,0.505,0.217,0.000,0.184
0.018,0.481,0.229,0.000,0.180
0.014,0.449,0.213,0.000,0.178
0.013,0.427,0.186,0.000,0.175
0.012,0.426,0.350,0.054,0.173
0.008,0.476,0.417,0.470,0.170
0.003,0.350,0.185,0.793,0.178
0.001,0.169,0.060,0.673,0.193
0.001,0.120,0.063,0.596,0.301
0.001,0.082,0.056,0.551,0.677
0.001,0.079,0.048,0.488,0.935
0.001,0.078,0.044,0.446,0.882
0.001,0.075,0.046,0.348,0.819
0.001,0.073,0.058,0.252,0.770
0.001,0.071,0.056,0.166,0.745
0.001,0.069,0.044,0.070,0.738
0.001,0.126,0.042,0.021,0.733
0.001,0.185,0.047,0.008,0.724
0.001,0.178,0.047,0.006,0.714
0.001,0.142,0.040,0.002,0.706
0.000,0.114,0.034,0.001,0.698
0.000,0.107,0.033,0.000,0.689
0.000,0.106,0.036,0.000,0.679
0.000,0.105,0.040,0.000,0.669
0.000,0.102,0.039,0.000,0.660
0.000,0.101,0.034,0.000,0.649
0.000,0.166,0.033,0.000,0.638
0.000,0.374,0.031,0.000,0.628
0.000,0.472,0.025,0.000,0.617
0.000,0.407,0.022,0.000,0.606
0.000,0.371,0.025,0.000,0.595
0.000,0.356,0.025,0.000,0.584
0.000,0.345,0.024,0.000,0.575
0.000,0.330,0.024,0.000,0.567
0.000,0.323,0.025,0.000,0.561
0.000,0.311,0.030,0.000,0.556
0.000,0.305,0.027,0.000,0.553
0.000,0.306,0.022,0.000,0.549
0.000,0.308,0.019,0.000,0.546
0.000,0.542,0.019,0.000,0.546
0.000,0.799,0.020,0.000,0.546
0.000,0.712,0.021,0.000,0.549
0.000,0.599,0.022,0.000,0.578
0.000,0.582,0.021,0.000,0.545
0.000,0.558,0.021,0.000,0.463
0.000,0.537,0.019,0.000,0.428
0.000,0.515,0.015,0.000,0.407
0.000,0.488,0.014,0.000,0.394
0.000,0.465,0.016,0.000,0.390
0.000,0.451,0.019,0.000,0.384
0.000,0.442,0.021,0.000,0.377
0.000,0.430,0.018,0.000,0.371
0.000,0.414,0.014,0.000,0.347
0.000,0.403,0.012,0.000,0.263
0.000,0.391,0.011,0.000,0.152
0.000,0.380,0.010,0.000,0.082
0.000,0.376,0.010,0.000,0.048
0.000,0.365,0.009,0.000,0.030
0.000,0.350,0.011,0.000,0.020
0.000,0.339,0.012,0.000,0.014
0.000,0.328,0.011,0.000,0.009
0.000,0.396,0.011,0.000,0.006
0.000,0.539,0.011,0.000,0.020
0.000,0.542,0.009,0.000,0.036
0.000,0.446,0.008,0.000,0.035
0.000,0.398,0.008,0.000,0.036
0.000,0.363,0.008,0.000,0.035
0.000,0.339,0.008,0.000,0.029
0.000,0.319,0.008,0.000,0.026
0.000,0.309,0.008,0.000,0.026
0.000,0.303,0.007,0.000,0.027
0.000,0.289,0.006,0.000,0.027
0.000,0.280,0.007,0.000,0.023
0.000,0.313,0.007,0.000,0.019
0.000,0.374,0.008,0.000,0.017
0.000,0.368,0.007,0.000,0.018
0.000,0.325,0.006,0.000,0.017
0.000,0.302,0.006,0.000,0.016
0.000,0.285,0.006,0.000,0.016
0.000,0.269,0.005,0.000,0.017
0.000,0.266,0.005,0.000,0.019
0.000,0.260,0.005,0.000,0.020
0.000,0.242,0.005,0.000,0.016
0.000,0.228,0.005,0.000,0.132
0.000,0.354,0.005,0.000,0.335
0.000,0.561,0.005,0.000,0.324
0.000,0.548,0.005,0.000,0.190
0.000,0.420,0.006,0.000,0.120
0.000,0.368,0.004,0.000,0.065
0.000,0.355,0.004,0.000,0.033
0.000,0.332,0.005,0.000,0.020
0.000,0.306,0.005,0.000,0.019
0.000,0.294,0.004,0.000,0.026
0.000,0.300,0.004,0.106,0.028
0.000,0.302,0.004,0.589,0.052
0.000,0.285,0.004,0.842,0.176
0.000,0.264,0.003,0.664,0.322
0.000,0.247,0.003,0.598,0.608
0.000,0.242,0.004,0.543,0.852
0.000,0.243,0.003,0.475,0.846
0.000,0.247,0.003,0.434,0.790
0.000,0.248,0.003,0.339,0.722
0.000,0.250,0.003,0.241,0.692
0.000,0.252,0.003,0.152,0.681
0.000,0.245,0.003,0.061,0.668
0.000,0.240,0.003,0.021,0.656
0.000,0.244,0.003,0.014,0.643
0.000,0.327,0.003,0.016,0.630
0.000,0.382,0.002,0.014,0.617
0.000,0.336,0.002,0.011,0.604
0.000,0.292,0.003,0.006,0.591
0.000,0.270,0.003,0.002,0.581
0.000,0.258,0.003,0.000,0.572
0.000,0.260,0.003,0.000,0.563
0.000,0.259,0.003,0.000,0.557
0.000,0.241,0.002,0.039,0.551
0.000,0.228,0.002,0.471,0.546
0.000,0.212,0.002,0.832,0.542
0.000,0.201,0.002,0.705,0.538
0.000,0.222,0.002,0.608,0.534
0.000,0.238,0.001,0.567,0.531
0.000,0.215,0.001,0.501,0.528
0.000,0.191,0.002,0.454,0.526
0.000,0.186,0.002,0.358,0.523
0.000,0.189,0.002,0.265,0.521
0.000,0.200,0.002,0.177,0.518
0.000,0.203,0.002,0.078,0.515
0.000,0.189,0.002,0.025,0.502
0.000,0.194,0.002,0.014,0.403
0.000,0.444,0.002,0.016,0.447
0.000,0.675,0.002,0.015,0.656
0.000,0.552,0.001,0.012,0.687
0.000,0.421,0.001,0.007,0.615
0.000,0.412,0.001,0.003,0.573
0.000,0.389,0.001,0.001,0.547
0.000,0.355,0.001,0.000,0.531
0.000,0.334,0.001,0.000,0.514
0.004,0.317,0.001,0.000,0.499
0.075,0.311,0.001,0.000,0.437
0.103,0.300,0.001,0.000,0.353
0.041,0.285,0.001,0.000,0.311
0.014,0.270,0.001,0.000,0.227
0.011,0.260,0.001,0.000,0.118
0.012,0.252,0.001,0.000,0.062
0.013,0.248,0.001,0.000,0.041
0.011,0.241,0.001,0.000,0.033
0.010,0.234,0.001,0.000,0.022
0.009,0.234,0.001,0.000,0.016
0.008,0.232,0.001,0.000,0.013
0.008,0.241,0.001,0.000,0.010
0.008,0.258,0.001,0.000,0.007
0.007,0.291,0.001,0.000,0.005
0.006,0.288,0.001,0.000,0.004
0.005,0.242,0.001,0.000,0.003
0.005,0.225,0.001,0.000,0.003
0.005,0.223,0.001,0.000,0.002
0.005,0.204,0.001,0.000,0.002
0.004,0.185,0.001,0.000,0.002
0.005,0.178,0.001,0.000,0.002
0.004,0.176,0.001,0.000,0.002
0.004,0.174,0.001,0.000,0.005
0.004,0.174,0.001,0.000,0.009
0.003,0.221,0.001,0.000,0.011
0.003,0.276,0.001,0.000,0.015
0.003,0.263,0.001,0.000,0.018
0.003,0.228,0.001,0.000,0.014
0.002,0.205,0.001,0.000,0.009
0.002,0.192,0.001,0.000,0.009
0.002,0.191,0.001,0.000,0.010
0.001,0.182,0.001,0.000,0.008
0.001,0.163,0.001,0.000,0.006
0.001,0.155,0.001,0.051,0.007
0.001,0.162,0.001,0.187,0.052
0.001,0.309,0.001,0.189,0.250
0.001,0.495,0.001,0.072,0.289
0.001,0.442,0.001,0.023,0.134
0.001,0.337,0.001,0.008,0.071
0.001,0.299,0.001,0.002,0.042
0.001,0.267,0.001,0.000,0.021
0.001,0.257,0.001,0.000,0.016
0.001,0.245,0.001,0.000,0.016
0.001,0.238,0.001,0.000,0.015
0.001,0.235,0.001,0.125,0.015
0.001,0.243,0.001,0.589,0.072
0.001,0.299,0.001,0.810,0.156
0.001,0.321,0.001,0.660,0.418
0.001,0.264,0.001,0.599,0.746
0.000,0.225,0.000,0.539,0.886
0.000,0.216,0.000,0.466,0.896
0.000,0.220,0.001,0.417,0.770
0.000,0.218,0.000,0.329,0.645
0.000,0.223,0.000,0.229,0.656
0.000,0.224,0.000,0.138,0.720
0.000,0.226,0.000,0.053,0.709
0.000,0.276,0.000,0.019,0.626
0.000,0.392,0.000,0.015,0.603
0.000,0.412,0.000,0.016,0.662
0.000,0.364,0.000,0.014,0.686
0.000,0.336,0.000,0.011,0.620
0.000,0.300,0.000,0.006,0.568
0.000,0.296,0.000,0.002,0.608
0.000,0.285,0.000,0.000,0.655
0.000,0.258,0.000,0.000,0.620
0.000,0.238,0.000,0.000,0.556
0.000,0.285,0.000,0.000,0.566
0.000,0.407,0.000,0.000,0.618
0.000,0.438,0.000,0.000,0.614
0.000,0.390,0.000,0.000,0.552
0.000,0.332,0.000,0.000,0.531
0.000,0.268,0.000,0.000,0.576
0.000,0.250,0.000,0.000,0.598
0.000,0.238,0.000,0.000,0.547
0.000,0.222,0.000,0.000,0.505
0.000,0.211,0.000,0.000,0.537
0.000,0.213,0.000,0.000,0.574
0.000,0.212,0.000,0.000,0.546
0.000,0.217,0.000,0.000,0.497
0.000,0.386,0.000,0.000,0.496
0.000,0.616,0.000,0.000,0.390
0.000,0.560,0.000,0.000,0.463
0.000,0.463,0.000,0.000,0.739
0.000,0.452,0.000,0.000,0.753
0.000,0.429,0.000,0.000,0.657
0.000,0.420,0.000,0.000,0.599
0.000,0.399,0.000,0.000,0.558
0.000,0.378,0.000,0.000,0.541
0.000,0.365,0.000,0.000,0.523
0.000,0.355,0.000,0.000,0.516
0.000,0.345,0.000,0.000,0.503
0.000,0.339,0.000,0.000,0.419
0.000,0.331,0.000,0.000,0.302
0.000,0.330,0.000,0.000,0.196
0.000,0.320,0.000,0.000,0.113
0.000,0.308,0.000,0.000,0.074
0.000,0.298,0.000,0.000,0.048
0.000,0.300,0.000,0.000,0.025
0.000,0.296,0.000,0.000,0.016
0.000,0.292,0.000,0.003,0.014
0.000,0.283,0.000,0.320,0.012
0.000,0.357,0.000,0.749,0.009
0.000,0.452,0.000,0.755,0.009
0.000,0.426,0.000,0.641,0.009
0.000,0.362,0.000,0.588,0.006
0.000,0.339,0.000,0.513,0.006
0.000,0.328,0.000,0.466,0.006
0.000,0.327,0.000,0.384,0.005
0.000,0.330,0.000,0.287,0.004
0.000,0.329,0.000,0.196,0.004
0.000,0.328,0.000,0.096,0.004
0.000,0.323,0.000,0.031,0.009
0.000,0.318,0.000,0.015,0.018
0.000,0.346,0.000,0.016,0.020
0.000,0.395,0.000,0.015,0.019
0.000,0.386,0.000,0.013,0.018
0.000,0.348,0.000,0.009,0.018
0.000,0.326,0.000,0.004,0.016
0.000,0.321,0.000,0.001,0.015
0.000,0.310,0.000,0.000,0.016
0.000,0.296,0.000,0.000,0.017
0.000,0.283,0.000,0.000,0.019
0.000,0.276,0.000,0.000,0.019
0.000,0.273,0.000,0.000,0.017
0.000,0.355,0.000,0.000,0.177
0.000,0.493,0.000,0.000,0.305
0.000,0.524,0.000,0.000,0.220
0.000,0.466,0.000,0.000,0.118
0.000,0.427,0.000,0.000,0.059
0.000,0.402,0.000,0.000,0.035
0.000,0.380,0.000,0.000,0.020
0.000,0.367,0.000,0.000,0.015
0.000,0.356,0.000,0.000,0.016
0.000,0.348,0.000,0.170,0.039
0.000,0.337,0.000,0.644,0.137
0.000,0.315,0.000,0.814,0.238
0.000,0.300,0.000,0.665,0.571
0.000,0.291,0.000,0.599,0.895
0.000,0.282,0.000,0.533,0.821
0.000,0.279,0.000,0.466,0.719
0.000,0.278,0.000,0.406,0.737
0.000,0.280,0.000,0.317,0.740
0.000,0.286,0.000,0.221,0.665
0.000,0.291,0.000,0.126,0.601
0.000,0.286,0.000,0.045,0.638
0.000,0.284,0.000,0.018,0.688
0.000,0.324,0.000,0.015,0.653
0.000,0.355,0.000,0.016,0.583
0.000,0.415,0.000,0.014,0.586
0.000,0.426,0.000,0.010,0.639
0.000,0.367,0.000,0.006,0.640
0.000,0.343,0.000,0.002,0.576
0.000,0.327,0.000,0.000,0.548
0.000,0.312,0.000,0.000,0.592
0.000,0.303,0.000,0.000,0.621
0.000,0.296,0.000,0.088,0.571
0.000,0.287,0.000,0.542,0.524
0.000,0.272,0.000,0.806,0.553
0.000,0.263,0.000,0.666,0.594
0.000,0.274,0.000,0.599,0.572
0.000,0.269,0.000,0.541,0.520
0.000,0.252,0.000,0.474,0.519
0.000,0.240,0.000,0.433,0.559
0.000,0.231,0.000,0.336,0.564
0.000,0.232,0.000,0.239,0.515
0.000,0.237,0.000,0.150,0.491
0.000,0.238,0.000,0.060,0.525
0.000,0.234,0.000,0.021,0.554
0.000,0.255,0.000,0.014,0.448
0.000,0.411,0.000,0.016,0.490
0.000,0.465,0.000,0.014,0.659
0.000,0.358,0.000,0.011,0.729
0.000,0.301,0.000,0.006,0.741
0.000,0.272,0.000,0.002,0.662
0.000,0.259,0.000,0.000,0.569
0.000,0.251,0.000,0.000,0.564
0.000,0.241,0.000,0.000,0.618
0.019,0.238,0.000,0.000,0.612
0.114,0.232,0.000,0.000,0.532
0.113,0.228,0.000,0.000,0.478
0.032,0.220,0.000,0.000,0.359
0.017,0.219,0.000,0.000,0.225
0.015,0.217,0.000,0.000,0.184
0.016,0.211,0.000,0.000,0.151
0.016,0.202,0.000,0.000,0.118
0.013,0.199,0.000,0.000,0.098
0.012,0.193,0.000,0.000,0.084
0.012,0.191,0.000,0.000,0.067
0.010,0.185,0.000,0.000,0.050
0.010,0.181,0.000,0.000,0.039
0.009,0.208,0.000,0.000,0.033
0.008,0.263,0.000,0.000,0.042
0.007,0.294,0.000,0.000,0.041
0.006,0.268,0.000,0.000,0.032
0.006,0.221,0.000,0.000,0.038
0.006,0.201,0.000,0.000,0.039
0.006,0.203,0.000,0.000,0.032
0.006,0.203,0.000,0.000,0.026
0.005,0.194,0.000,0.000,0.023
0.005,0.185,0.000,0.000,0.026
0.005,0.178,0.000,0.000,0.026
0.004,0.179,0.000,0.000,0.021
0.004,0.224,0.000,0.000,0.019
0.004,0.264,0.000,0.000,0.018
0.004,0.251,0.000,0.000,0.019
0.003,0.223,0.000,0.000,0.017
0.003,0.203,0.000,0.000,0.016
0.002,0.198,0.000,0.000,0.017
0.002,0.193,0.000,0.000,0.017
0.002,0.175,0.000,0.000,0.020
0.002,0.167,0.000,0.000,0.018
0.002,0.164,0.000,0.000,0.017
0.002,0.180,0.000,0.000,0.218
0.002,0.292,0.000,0.000,0.362
0.002,0.364,0.000,0.000,0.254
0.001,0.344,0.000,0.000,0.153
0.001,0.310,0.000,0.000,0.095
0.001,0.290,0.000,0.000,0.052
0.001,0.282,0.000,0.000,0.027
0.001,0.265,0.000,0.000,0.019
0.001,0.251,0.000,0.000,0.020
0.001,0.240,0.000,0.000,0.027
0.001,0.238,0.000,0.257,0.028
0.001,0.261,0.000,0.748,0.051
0.001,0.298,0.000,0.824,0.088
0.001,0.275,0.000,0.661,0.321
0.001,0.230,0.000,0.592,0.586
0.001,0.221,0.000,0.523,0.637
0.000,0.213,0.000,0.470,0.589
0.000,0.210,0.000,0.398,0.534
0.000,0.213,0.000,0.304,0.514
0.000,0.208,0.000,0.211,0.505
0.000,0.202,0.000,0.114,0.494
0.000,0.223,0.000,0.039,0.486
0.000,0.293,0.000,0.013,0.479
0.000,0.309,0.000,0.007,0.474
0.000,0.254,0.000,0.004,0.470
0.000,0.220,0.000,0.002,0.466
0.000,0.203,0.000,0.001,0.462
0.000,0.197,0.000,0.000,0.458
0.000,0.191,0.000,0.000,0.455
0.000,0.182,0.000,0.000,0.451
0.000,0.176,0.000,0.000,0.448
0.000,0.186,0.000,0.000,0.445
0.000,0.351,0.000,0.000,0.442
0.000,0.542,0.000,0.000,0.440
0.000,0.512,0.000,0.000,0.437
0.000,0.438,0.000,0.000,0.434
0.000,0.426,0.000,0.000,0.431
0.000,0.418,0.000,0.000,0.427
0.000,0.407,0.000,0.000,0.424
0.000,0.389,0.000,0.000,0.421
0.000,0.372,0.000,0.000,0.418
0.000,0.357,0.000,0.000,0.415
0.000,0.343,0.000,0.000,0.411
0.000,0.334,0.000,0.000,0.407
0.000,0.398,0.000,0.000,0.404
0.000,0.714,0.000,0.000,0.374
0.000,0.816,0.000,0.000,0.281
0.000,0.629,0.000,0.000,0.297
0.000,0.555,0.000,0.000,0.424
0.000,0.545,0.000,0.000,0.451
0.000,0.534,0.000,0.000,0.407
0.000,0.521,0.000,0.000,0.381
0.000,0.499,0.000,0.000,0.364
0.000,0.467,0.000,0.000,0.348
0.000,0.448,0.000,0.000,0.337
0.000,0.434,0.000,0.000,0.330
0.000,0.418,0.000,0.000,0.321
0.000,0.410,0.000,0.000,0.313
0.000,0.399,0.000,0.000,0.262
0.000,0.387,0.000,0.000,0.165
0.000,0.373,0.000,0.000,0.088
0.000,0.358,0.000,0.000,0.046
0.000,0.346,0.000,0.000,0.024
0.000,0.339,0.000,0.000,0.013
0.000,0.332,0.000,0.000,0.006
0.000,0.319,0.000,0.042,0.004
0.000,0.315,0.000,0.490,0.003
0.000,0.431,0.000,0.829,0.002
0.000,0.509,0.000,0.695,0.002
0.000,0.427,0.000,0.606,0.002
0.000,0.345,0.000,0.563,0.002
0.000,0.312,0.000,0.500,0.002
0.000,0.305,0.000,0.452,0.001
0.000,0.302,0.000,0.354,0.001
0.000,0.294,0.000,0.263,0.002
0.000,0.294,0.000,0.174,0.001
0.000,0.290,0.000,0.076,0.002
0.000,0.278,0.000,0.023,0.009
0.000,0.275,0.000,0.008,0.027
0.000,0.332,0.000,0.006,0.219
0.000,0.377,0.000,0.003,0.300
0.000,0.336,0.000,0.001,0.173
0.000,0.281,0.000,0.000,0.092
0.000,0.263,0.000,0.000,0.051
0.000,0.258,0.000,0.000,0.029
0.000,0.247,0.000,0.000,0.017
0.000,0.241,0.000,0.000,0.015
0.000,0.234,0.000,0.000,0.019
0.000,0.225,0.000,0.000,0.022
0.000,0.237,0.000,0.000,0.021
0.000,0.405,0.000,0.000,0.145
0.000,0.508,0.000,0.000,0.247
0.000,0.436,0.000,0.000,0.191
0.000,0.364,0.000,0.000,0.128
0.000,0.335,0.000,0.000,0.090
0.000,0.325,0.000,0.000,0.061
0.000,0.313,0.000,0.000,0.038
0.000,0.303,0.000,0.000,0.023
0.000,0.296,0.000,0.001,0.020
0.000,0.294,0.000,0.316,0.019
0.000,0.285,0.000,0.785,0.010
0.000,0.266,0.000,0.802,0.001
0.000,0.251,0.000,0.657,0.001
0.000,0.245,0.000,0.590,0.001
0.000,0.240,0.000,0.517,0.001
0.000,0.236,0.000,0.470,0.001
0.000,0.231,0.000,0.391,0.001
0.000,0.230,0.000,0.295,0.001
0.000,0.233,0.000,0.203,0.001
0.000,0.236,0.000,0.103,0.001
0.000,0.239,0.000,0.034,0.001
0.000,0.233,0.000,0.015,0.001
0.000,0.238,0.000,0.015,0.001
0.000,0.282,0.000,0.015,0.001
0.000,0.291,0.000,0.013,0.001
0.000,0.256,0.000,0.009,0.000
0.000,0.237,0.000,0.004,0.001
0.000,0.227,0.000,0.001,0.001
0.000,0.219,0.000,0.000,0.001
0.000,0.215,0.000,0.000,0.000
0.000,0.219,0.000,0.000,0.000
0.000,0.213,0.000,0.207,0.000
0.000,0.203,0.000,0.713,0.005
0.000,0.190,0.000,0.840,0.046
0.000,0.198,0.000,0.665,0.193
0.000,0.204,0.000,0.598,0.542
0.000,0.201,0.000,0.532,0.670
0.000,0.195,0.000,0.464,0.547
0.000,0.180,0.000,0.404,0.483
0.000,0.170,0.000,0.315,0.446
0.000,0.167,0.000,0.220,0.420
0.000,0.169,0.000,0.124,0.400
0.000,0.166,0.000,0.045,0.382
0.000,0.161,0.000,0.017,0.365
0.000,0.294,0.000,0.015,0.312
0.000,0.621,0.000,0.016,0.277
0.000,0.677,0.000,0.014,0.276
0.000,0.526,0.000,0.010,0.205
0.000,0.455,0.000,0.006,0.129
0.000,0.412,0.000,0.002,0.111
0.000,0.378,0.000,0.000,0.105
0.000,0.354,0.000,0.000,0.095
0.000,0.352,0.000,0.000,0.089
0.074,0.346,0.000,0.000,0.085
0.232,0.330,0.000,0.000,0.076
0.170,0.309,0.000,0.000,0.065
0.037,0.299,0.000,0.000,0.083
0.027,0.295,0.000,0.000,0.095
0.027,0.284,0.000,0.000,0.071
0.029,0.275,0.000,0.000,0.056
0.028,0.274,0.000,0.000,0.049
0.022,0.265,0.000,0.000,0.049
0.019,0.253,0.000,0.000,0.054
0.018,0.245,0.000,0.000,0.050
0.018,0.237,0.000,0.000,0.044
0.018,0.248,0.000,0.000,0.041
0.016,0.385,0.000,0.000,0.041
0.013,0.482,0.000,0.000,0.040
0.012,0.411,0.000,0.000,0.039
0.011,0.329,0.000,0.000,0.038
0.010,0.295,0.000,0.000,0.038
0.011,0.271,0.000,0.000,0.036
0.010,0.254,0.000,0.000,0.034
0.009,0.239,0.000,0.000,0.033
0.009,0.230,0.000,0.000,0.032
0.009,0.221,0.000,0.000,0.030
0.009,0.211,0.000,0.000,0.028
0.007,0.211,0.000,0.000,0.028
0.007,0.259,0.000,0.000,0.031
0.008,0.291,0.000,0.000,0.048
0.006,0.275,0.000,0.000,0.086
0.005,0.249,0.000,0.000,0.121
0.005,0.221,0.000,0.000,0.117
0.004,0.205,0.000,0.000,0.088
0.003,0.194,0.000,0.000,0.075
0.003,0.185,0.000,0.000,0.083
0.003,0.185,0.000,0.000,0.091
0.003,0.177,0.000,0.000,0.094
0.003,0.280,0.000,0.000,0.279
0.003,0.660,0.000,0.000,0.360
0.003,0.729,0.000,0.000,0.247
0.002,0.538,0.000,0.000,0.194
0.002,0.493,0.000,0.000,0.157
0.002,0.492,0.000,0.000,0.113
0.002,0.488,0.000,0.000,0.078
0.002,0.465,0.000,0.000,0.070
0.001,0.444,0.000,0.000,0.078
0.001,0.435,0.000,0.003,0.080
0.002,0.420,0.000,0.333,0.072
0.009,0.427,0.000,0.754,0.055
0.016,0.407,0.000,0.749,0.089
0.013,0.344,0.000,0.640,0.204
0.009,0.302,0.000,0.585,0.542
0.006,0.271,0.000,0.511,0.761
0.004,0.259,0.000,0.465,0.687
0.003,0.252,0.000,0.381,0.603
0.002,0.258,0.000,0.285,0.561
0.002,0.261,0.000,0.194,0.537
0.001,0.257,0.000,0.094,0.524
0.004,0.290,0.000,0.030,0.508
0.013,0.355,0.000,0.015,0.455
0.019,0.358,0.000,0.016,0.359
0.019,0.310,0.000,0.015,0.264
0.014,0.267,0.000,0.013,0.180
0.008,0.255,0.000,0.009,0.135
0.005,0.252,0.000,0.004,0.128
0.003,0.250,0.000,0.001,0.127
0.002,0.241,0.000,0.000,0.128
0.001,0.234,0.000,0.000,0.128
0.001,0.233,0.000,0.000,0.127
0.003,0.321,0.000,0.000,0.129
0.018,0.383,0.000,0.000,0.132
0.025,0.397,0.000,0.000,0.158
0.018,0.378,0.000,0.000,0.225
0.011,0.303,0.000,0.000,0.224
0.006,0.279,0.000,0.000,0.172
0.004,0.280,0.000,0.000,0.142
0.003,0.264,0.000,0.000,0.133
0.002,0.249,0.000,0.000,0.131
0.002,0.239,0.000,0.000,0.120
0.002,0.231,0.000,0.000,0.121
0.273,0.226,0.000,0.000,0.123
0.723,0.338,0.000,0.000,0.116
0.721,0.654,0.000,0.000,0.138
0.423,0.699,0.000,0.000,0.234
0.211,0.517,0.000,0.000,0.484
0.090,0.455,0.000,0.000,0.669
0.038,0.455,0.000,0.000,0.595
0.019,0.439,0.000,0.000,0.489
0.011,0.430,0.000,0.000,0.456
0.008,0.417,0.000,0.000,0.439
0.006,0.405,0.000,0.000,0.425
0.005,0.387,0.000,0.000,0.409
0.005,0.379,0.000,0.000,0.393
0.004,0.370,0.000,0.000,0.381
0.003,0.366,0.000,0.000,0.372
0.003,0.355,0.000,0.000,0.364
0.003,0.353,0.000,0.000,0.354
0.003,0.341,0.000,0.000,0.344
0.003,0.330,0.000,0.000,0.330
0.002,0.316,0.000,0.000,0.318
0.002,0.310,0.000,0.000,0.309
0.002,0.304,0.000,0.000,0.300
0.002,0.323,0.000,0.092,0.291
0.005,0.337,0.000,0.560,0.281
0.014,0.416,0.000,0.800,0.269
0.017,0.452,0.000,0.660,0.257
0.012,0.372,0.000,0.598,0.248
0.009,0.304,0.000,0.539,0.241
0.006,0.280,0.000,0.473,0.233
0.004,0.271,0.000,0.432,0.226
0.003,0.260,0.000,0.334,0.218
0.001,0.258,0.000,0.238,0.237
0.001,0.260,0.000,0.147,0.235
0.001,0.257,0.000,0.059,0.151
0.014,0.247,0.000,0.020,0.076
0.036,0.236,0.000,0.015,0.126
0.038,0.233,0.000,0.016,0.202
0.023,0.236,0.000,0.014,0.513
0.013,0.229,0.000,0.011,0.756
0.008,0.222,0.000,0.006,0.747
0.004,0.220,0.000,0.002,0.776
0.003,0.218,0.000,0.000,0.756
0.002,0.202,0.000,0.000,0.655
0.001,0.197,0.000,0.000,0.588
0.001,0.191,0.000,0.000,0.632
0.006,0.190,0.000,0.000,0.699
0.028,0.216,0.000,0.000,0.703
0.039,0.426,0.000,0.000,0.702
0.032,0.554,0.000,0.000,0.659
0.023,0.471,0.000,0.000,0.642
0.015,0.384,0.000,0.000,0.654
0.011,0.351,0.000,0.000,0.591
0.007,0.331,0.000,0.000,0.555
0.005,0.317,0.000,0.000,0.597
0.003,0.312,0.000,0.000,0.623
0.003,0.303,0.000,0.014,0.573
0.008,0.298,0.000,0.393,0.527
0.025,0.286,0.000,0.776,0.559
0.026,0.256,0.000,0.720,0.583
0.016,0.234,0.000,0.625,0.451
0.009,0.230,0.000,0.575,0.516
0.004,0.226,0.000,0.507,0.707
0.003,0.224,0.000,0.460,0.643
0.002,0.224,0.000,0.367,0.662
0.001,0.227,0.000,0.274,0.671
0.001,0.221,0.000,0.183,0.557
0.001,0.218,0.000,0.084,0.614
0.004,0.212,0.000,0.027,0.619
0.011,0.203,0.000,0.014,0.545
0.019,0.200,0.000,0.016,0.613
0.021,0.237,0.000,0.015,0.585
0.015,0.289,0.000,0.012,0.540
0.008,0.276,0.000,0.008,0.610
0.005,0.236,0.000,0.004,0.555
0.003,0.219,0.000,0.001,0.537
0.002,0.203,0.000,0.000,0.597
0.001,0.199,0.000,0.000,0.525
0.001,0.199,0.000,0.000,0.532
0.002,0.193,0.000,0.283,0.578
0.006,0.185,0.000,0.734,0.501
0.010,0.172,0.000,0.780,0.530
0.010,0.184,0.000,0.658,0.557
0.006,0.200,0.000,0.589,0.488
0.003,0.189,0.000,0.516,0.531
0.002,0.170,0.000,0.469,0.533
0.002,0.160,0.000,0.389,0.481
0.001,0.154,0.000,0.294,0.530
0.001,0.158,0.000,0.201,0.509
0.001,0.159,0.000,0.102,0.475
0.020,0.151,0.000,0.033,0.526
0.051,0.145,0.000,0.015,0.457
0.064,0.309,0.000,0.015,0.380
0.058,0.604,0.000,0.015,0.394
0.045,0.567,0.000,0.013,0.512
0.035,0.377,0.000,0.009,0.540
0.026,0.338,0.000,0.004,0.475
0.020,0.317,0.000,0.001,0.444
0.017,0.307,0.000,0.000,0.416
0.014,0.288,0.000,0.000,0.408
0.012,0.281,0.000,0.000,0.402
0.132,0.270,0.000,0.179,0.390
0.256,0.264,0.000,0.662,0.384
0.153,0.246,0.000,0.808,0.379
0.045,0.233,0.000,0.664,0.369
0.037,0.220,0.000,0.597,0.362
0.036,0.217,0.000,0.531,0.358
0.034,0.214,0.000,0.463,0.348
0.029,0.217,0.000,0.403,0.339
0.025,0.215,0.000,0.313,0.334
0.021,0.213,0.000,0.218,0.328
0.019,0.208,0.000,0.122,0.318
0.018,0.207,0.000,0.044,0.312
0.030,0.217,0.000,0.012,0.306
0.044,0.285,0.000,0.002,0.297
0.048,0.345,0.000,0.001,0.289
0.039,0.324,0.000,0.000,0.285
0.027,0.275,0.000,0.000,0.276
0.023,0.236,0.000,0.000,0.268
0.019,0.224,0.000,0.000,0.262
0.015,0.212,0.000,0.000,0.256
0.013,0.205,0.000,0.000,0.247
0.011,0.198,0.000,0.000,0.242
0.010,0.195,0.000,0.000,0.237
0.016,0.185,0.000,0.000,0.228
0.026,0.208,0.000,0.000,0.222
0.027,0.268,0.000,0.000,0.218
0.019,0.289,0.000,0.000,0.211
0.012,0.245,0.000,0.000,0.205
0.008,0.209,0.000,0.000,0.201
0.006,0.192,0.000,0.000,0.195
0.005,0.188,0.000,0.000,0.189
0.005,0.182,0.000,0.000,0.185
0.004,0.171,0.000,0.000,0.181
0.010,0.167,0.000,0.000,0.174
0.039,0.170,0.000,0.000,0.170
0.063,0.306,0.000,0.000,0.167
0.063,0.578,0.000,0.000,0.161
0.052,0.599,0.000,0.000,0.157
0.040,0.464,0.000,0.000,0.154
0.031,0.401,0.000,0.000,0.149
0.023,0.372,0.000,0.000,0.144
0.018,0.354,0.000,0.000,0.142
0.016,0.339,0.000,0.000,0.138
0.014,0.323,0.000,0.000,0.134
0.011,0.308,0.000,0.032,0.130
0.007,0.306,0.000,0.454,0.121
0.011,0.320,0.000,0.785,0.091
0.016,0.307,0.000,0.686,0.099
0.015,0.261,0.000,0.606,0.158
0.013,0.232,0.000,0.560,0.459
0.008,0.222,0.000,0.498,0.806
0.005,0.214,0.000,0.450,0.864
0.003,0.207,0.000,0.351,0.775
0.002,0.199,0.000,0.261,0.705
0.002,0.194,0.000,0.171,0.669
0.001,0.196,0.000,0.074,0.656
0.006,0.253,0.000,0.022,0.652
0.024,0.319,0.000,0.008,0.649
0.038,0.302,0.000,0.006,0.645
0.035,0.248,0.000,0.003,0.641
0.024,0.211,0.000,0.001,0.638
0.016,0.203,0.000,0.000,0.635
0.011,0.204,0.000,0.000,0.631
0.007,0.191,0.000,0.000,0.628
0.005,0.175,0.000,0.000,0.625
0.003,0.166,0.000,0.000,0.622
0.001,0.227,0.000,0.000,0.619
0.004,0.500,0.000,0.000,0.616
0.016,0.589,0.000,0.000,0.613
0.022,0.505,0.000,0.000,0.609
0.017,0.481,0.000,0.000,0.605
0.010,0.468,0.000,0.000,0.601
0.005,0.447,0.000,0.000,0.597
0.003,0.427,0.000,0.000,0.591
0.002,0.413,0.000,0.000,0.586
0.002,0.402,0.000,0.000,0.579
0.001,0.391,0.000,0.000,0.573
0.001,0.376,0.000,0.000,0.566
0.006,0.368,0.000,0.000,0.558
0.024,0.485,0.000,0.000,0.553
0.031,0.697,0.000,0.000,0.549
0.021,0.668,0.000,0.000,0.546
0.011,0.551,0.000,0.000,0.528
0.006,0.547,0.000,0.000,0.476
0.004,0.547,0.000,0.000,0.413
0.003,0.524,0.000,0.000,0.365
0.002,0.501,0.000,0.000,0.347
0.002,0.477,0.000,0.000,0.341
0.003,0.457,0.000,0.000,0.331
0.345,0.451,0.000,0.000,0.326
0.763,0.447,0.000,0.000,0.319
0.688,0.437,0.000,0.000,0.307
0.392,0.421,0.000,0.000,0.235
0.189,0.406,0.000,0.000,0.131
0.079,0.393,0.000,0.000,0.057
0.033,0.377,0.000,0.000,0.019
0.017,0.360,0.000,0.000,0.008
0.011,0.352,0.000,0.000,0.005
0.007,0.350,0.000,0.000,0.003
0.006,0.335,0.000,0.000,0.003
0.006,0.322,0.000,0.000,0.002
0.019,0.355,0.000,0.000,0.002
0.028,0.475,0.000,0.000,0.017
0.022,0.498,0.000,0.000,0.035
0.012,0.421,0.000,0.000,0.035
0.006,0.366,0.000,0.000,0.036
0.003,0.348,0.000,0.000,0.035
0.002,0.340,0.000,0.000,0.029
0.002,0.318,0.000,0.000,0.026
0.001,0.304,0.000,0.000,0.027
0.001,0.298,0.000,0.000,0.027
0.002,0.286,0.000,0.000,0.027
0.018,0.270,0.000,0.000,0.023
0.038,0.284,0.000,0.000,0.019
0.035,0.337,0.000,0.000,0.017
0.020,0.348,0.000,0.000,0.018
0.012,0.317,0.000,0.000,0.018
0.008,0.292,0.000,0.000,0.016
0.004,0.277,0.000,0.000,0.017
0.003,0.267,0.000,0.000,0.017
0.002,0.256,0.000,0.000,0.019
0.001,0.248,0.000,0.000,0.020
0.001,0.245,0.000,0.000,0.016
0.030,0.236,0.000,0.000,0.113
0.116,0.275,0.000,0.000,0.332
0.137,0.453,0.000,0.000,0.332
0.078,0.497,0.000,0.000,0.198
0.034,0.392,0.000,0.000,0.123
0.015,0.338,0.000,0.000,0.065
0.008,0.318,0.000,0.000,0.035
0.005,0.299,0.000,0.000,0.021
0.003,0.288,0.000,0.000,0.019
0.003,0.284,0.000,0.000,0.025
0.016,0.285,0.000,0.076,0.027
0.157,0.282,0.000,0.571,0.018
0.247,0.267,0.000,0.826,0.006
0.192,0.249,0.000,0.665,0.026
0.152,0.242,0.000,0.596,0.070
0.136,0.239,0.000,0.546,0.340
0.108,0.233,0.000,0.487,0.726
0.082,0.231,0.000,0.443,0.826
0.059,0.235,0.000,0.340,0.739
0.044,0.242,0.000,0.249,0.677
0.038,0.250,0.000,0.159,0.642
0.035,0.246,0.000,0.066,0.627
0.043,0.236,0.000,0.021,0.624
0.061,0.236,0.000,0.014,0.621
0.054,0.302,0.000,0.016,0.616
0.028,0.338,0.000,0.015,0.611
0.014,0.300,0.000,0.011,0.606
0.009,0.276,0.000,0.007,0.600
0.005,0.267,0.000,0.003,0.595
0.003,0.250,0.000,0.000,0.590
0.002,0.243,0.000,0.000,0.585
0.002,0.239,0.000,0.000,0.579
0.001,0.233,0.000,0.020,0.573
0.038,0.225,0.000,0.454,0.567
0.154,0.207,0.000,0.827,0.561
0.236,0.196,0.000,0.727,0.554
0.210,0.223,0.000,0.626,0.547
0.153,0.233,0.000,0.574,0.540
0.111,0.209,0.000,0.507,0.532
0.084,0.190,0.000,0.459,0.523
0.064,0.180,0.000,0.365,0.515
0.050,0.175,0.000,0.273,0.507
0.041,0.178,0.000,0.181,0.497
0.035,0.181,0.000,0.083,0.488
0.037,0.185,0.000,0.026,0.479
0.045,0.203,0.000,0.014,0.477
0.052,0.495,0.000,0.016,0.441
0.049,0.693,0.000,0.015,0.452
0.040,0.534,0.000,0.012,0.547
0.032,0.408,0.000,0.008,0.530
0.024,0.391,0.000,0.003,0.463
0.018,0.366,0.000,0.001,0.441
0.015,0.352,0.000,0.000,0.424
0.013,0.330,0.000,0.000,0.418
0.012,0.309,0.000,0.000,0.411
0.043,0.300,0.000,0.000,0.404
0.061,0.289,0.000,0.000,0.403
0.055,0.279,0.000,0.000,0.341
0.050,0.275,0.000,0.000,0.237
0.041,0.265,0.000,0.000,0.141
0.033,0.255,0.000,0.000,0.070
0.024,0.248,0.000,0.000,0.034
0.019,0.239,0.000,0.000,0.018
0.015,0.238,0.000,0.000,0.011
0.013,0.239,0.000,0.000,0.006
0.011,0.228,0.000,0.000,0.004
0.350,0.216,0.000,0.000,0.004
0.768,0.253,0.000,0.000,0.003
0.689,0.325,0.000,0.000,0.003
0.393,0.316,0.000,0.000,0.003
0.191,0.265,0.000,0.000,0.003
0.080,0.245,0.000,0.000,0.002
0.035,0.220,0.000,0.000,0.002
0.018,0.208,0.000,0.000,0.002
0.011,0.211,0.000,0.000,0.002
0.007,0.197,0.000,0.000,0.002
0.006,0.186,0.000,0.000,0.002
0.005,0.185,0.000,0.000,0.004
0.004,0.183,0.000,0.000,0.009
0.004,0.249,0.000,0.000,0.011
0.004,0.308,0.000,0.000,0.015
0.003,0.269,0.000,0.000,0.018
0.003,0.226,0.000,0.000,0.014
0.003,0.209,0.000,0.000,0.009
0.003,0.204,0.000,0.000,0.009
0.002,0.197,0.000,0.000,0.010
0.002,0.181,0.000,0.000,0.008
0.002,0.167,0.000,0.000,0.006
0.002,0.159,0.000,0.042,0.007
0.006,0.166,0.000,0.186,0.035
0.016,0.331,0.000,0.190,0.249
0.017,0.502,0.000,0.077,0.282
0.012,0.449,0.000,0.025,0.136
0.009,0.354,0.000,0.008,0.075
0.006,0.300,0.000,0.002,0.044
0.004,0.267,0.000,0.001,0.022
0.003,0.255,0.000,0.000,0.017
0.001,0.243,0.000,0.000,0.016
0.001,0.237,0.000,0.000,0.015
0.001,0.237,0.000,0.096,0.015
0.014,0.246,0.000,0.574,0.019
0.031,0.303,0.000,0.794,0.173
0.041,0.332,0.000,0.655,0.314
0.034,0.279,0.000,0.596,0.562
0.022,0.236,0.000,0.536,0.758
0.014,0.233,0.000,0.472,0.777
0.009,0.242,0.000,0.431,0.806
0.006,0.243,0.000,0.330,0.748
0.004,0.242,0.000,0.237,0.631
0.002,0.238,0.000,0.145,0.592
0.001,0.248,0.000,0.057,0.637
0.006,0.320,0.000,0.020,0.665
0.017,0.467,0.000,0.015,0.603
0.018,0.475,0.000,0.016,0.545
0.012,0.433,0.000,0.014,0.569
0.008,0.386,0.000,0.011,0.612
0.005,0.351,0.000,0.006,0.587
0.003,0.345,0.000,0.002,0.524
0.002,0.334,0.000,0.000,0.519
0.002,0.301,0.000,0.000,0.561
0.001,0.275,0.000,0.000,0.565
0.001,0.296,0.000,0.000,0.508
0.008,0.398,0.000,0.000,0.479
0.017,0.463,0.000,0.000,0.514
0.023,0.505,0.000,0.000,0.540
0.021,0.438,0.000,0.000,0.500
0.013,0.348,0.000,0.000,0.458
0.007,0.325,0.000,0.000,0.476
0.004,0.312,0.000,0.000,0.508
0.002,0.293,0.000,0.000,0.492
0.002,0.280,0.000,0.000,0.447
0.001,0.273,0.000,0.000,0.442
0.001,0.266,0.000,0.000,0.474
0.008,0.261,0.000,0.000,0.482
0.025,0.393,0.000,0.000,0.440
0.027,0.667,0.000,0.000,0.520
0.017,0.671,0.000,0.000,0.719
0.010,0.545,0.000,0.000,0.732
0.006,0.507,0.000,0.000,0.612
0.004,0.510,0.000,0.000,0.566
0.003,0.473,0.000,0.000,0.551
0.002,0.443,0.000,0.000,0.516
0.002,0.420,0.000,0.000,0.479
0.022,0.421,0.000,0.000,0.476
0.464,0.421,0.000,0.000,0.461
0.796,0.422,0.000,0.000,0.410
0.613,0.406,0.000,0.000,0.303
0.338,0.393,0.000,0.000,0.186
0.157,0.378,0.000,0.000,0.105
0.065,0.376,0.000,0.000,0.073
0.029,0.365,0.000,0.000,0.057
0.016,0.359,0.000,0.000,0.033
0.010,0.354,0.000,0.000,0.024
0.007,0.345,0.000,0.000,0.024
0.006,0.336,0.000,0.000,0.021
0.005,0.327,0.000,0.296,0.017
0.005,0.372,0.000,0.742,0.016
0.004,0.490,0.000,0.770,0.015
0.003,0.466,0.000,0.654,0.012
0.003,0.392,0.000,0.586,0.011
0.003,0.384,0.000,0.516,0.010
0.003,0.359,0.000,0.468,0.009
0.002,0.349,0.000,0.388,0.008
0.002,0.342,0.000,0.292,0.007
0.002,0.353,0.000,0.199,0.006
0.002,0.348,0.000,0.099,0.006
0.002,0.344,0.000,0.032,0.009
0.008,0.341,0.000,0.015,0.016
0.016,0.380,0.000,0.015,0.021
0.014,0.452,0.000,0.015,0.021
0.009,0.461,0.000,0.013,0.019
0.006,0.402,0.000,0.009,0.018
0.003,0.362,0.000,0.004,0.016
0.002,0.337,0.000,0.001,0.015
0.001,0.315,0.000,0.000,0.016
0.001,0.302,0.000,0.000,0.017
0.000,0.295,0.000,0.000,0.019
0.001,0.294,0.000,0.000,0.019
0.001,0.286,0.000,0.000,0.017
0.001,0.334,0.000,0.000,0.167
0.002,0.503,0.000,0.000,0.305
0.002,0.552,0.000,0.000,0.241
0.001,0.474,0.000,0.000,0.123
0.001,0.431,0.000,0.000,0.060
0.001,0.406,0.000,0.000,0.035
0.001,0.394,0.000,0.000,0.021
0.001,0.381,0.000,0.000,0.016
0.001,0.360,0.000,0.000,0.016
0.001,0.343,0.000,0.140,0.018
0.013,0.339,0.000,0.633,0.166
0.035,0.326,0.000,0.803,0.306
0.039,0.310,0.000,0.658,0.562
0.029,0.300,0.000,0.598,0.774
0.021,0.294,0.000,0.534,0.831
0.014,0.288,0.000,0.462,0.860
0.009,0.287,0.000,0.415,0.768
0.006,0.291,0.000,0.320,0.643
0.004,0.297,0.000,0.226,0.622
0.003,0.298,0.000,0.131,0.675
0.003,0.296,0.000,0.049,0.688
0.015,0.296,0.000,0.018,0.614
0.029,0.314,0.000,0.015,0.564
0.024,0.333,0.000,0.016,0.602
0.013,0.422,0.000,0.014,0.639
0.007,0.442,0.000,0.010,0.594
0.004,0.392,0.000,0.006,0.532
0.002,0.369,0.000,0.002,0.544
0.002,0.351,0.000,0.000,0.588
0.001,0.336,0.000,0.000,0.576
0.001,0.329,0.000,0.000,0.514
0.001,0.322,0.000,0.061,0.498
0.002,0.308,0.000,0.523,0.538
0.001,0.292,0.000,0.791,0.553
0.000,0.279,0.000,0.666,0.502
0.000,0.275,0.000,0.598,0.466
0.000,0.271,0.000,0.545,0.495
0.000,0.256,0.000,0.486,0.524
0.000,0.246,0.000,0.441,0.493
0.000,0.241,0.000,0.337,0.448
0.000,0.241,0.000,0.248,0.456
0.000,0.239,0.000,0.157,0.488
0.000,0.243,0.000,0.065,0.480
0.015,0.238,0.000,0.021,0.414
0.056,0.326,0.000,0.015,0.359
0.071,0.690,0.000,0.016,0.356
0.050,0.712,0.000,0.015,0.642
0.027,0.529,0.000,0.011,0.841
0.013,0.465,0.000,0.007,0.725
0.007,0.433,0.000,0.003,0.614
0.004,0.412,0.000,0.000,0.615
0.003,0.411,0.000,0.000,0.644
0.003,0.399,0.000,0.000,0.610
0.047,0.392,0.000,0.000,0.542
0.526,0.373,0.000,0.000,0.529
0.817,0.362,0.000,0.000,0.549
0.639,0.357,0.000,0.000,0.370
0.423,0.345,0.000,0.000,0.221
0.274,0.344,0.000,0.000,0.176
0.187,0.336,0.000,0.000,0.149
0.146,0.327,0.000,0.000,0.131
0.118,0.313,0.000,0.000,0.097
0.097,0.312,0.000,0.000,0.071
0.083,0.305,0.000,0.000,0.060
0.071,0.313,0.000,0.000,0.053
0.064,0.306,0.000,0.000,0.047
0.063,0.330,0.000,0.000,0.045
0.063,0.413,0.000,0.000,0.059
0.055,0.457,0.000,0.000,0.054
0.042,0.392,0.000,0.000,0.044
0.032,0.349,0.000,0.000,0.053
0.024,0.319,0.000,0.000,0.054
0.019,0.318,0.000,0.000,0.044
0.016,0.309,0.000,0.000,0.035
0.014,0.303,0.000,0.000,0.027
0.011,0.296,0.000,0.000,0.030
0.007,0.291,0.000,0.000,0.032
0.009,0.294,0.000,0.000,0.025
0.015,0.350,0.000,0.000,0.022
0.016,0.382,0.000,0.000,0.023
0.014,0.338,0.000,0.000,0.023
0.010,0.285,0.000,0.000,0.019
0.006,0.268,0.000,0.000,0.020
0.003,0.277,0.000,0.000,0.020
0.002,0.273,0.000,0.000,0.019
0.002,0.261,0.000,0.000,0.022
0.002,0.244,0.000,0.000,0.020
0.001,0.230,0.000,0.000,0.017
0.000,0.243,0.000,0.000,0.214
0.000,0.347,0.000,0.000,0.359
0.000,0.412,0.000,0.000,0.268
0.000,0.398,0.000,0.000,0.160
0.000,0.368,0.000,0.000,0.100
0.000,0.358,0.000,0.000,0.053
0.000,0.345,0.000,0.000,0.027
0.000,0.341,0.000,0.000,0.018
0.000,0.338,0.000,0.000,0.020
0.000,0.324,0.000,0.000,0.027
0.000,0.305,0.000,0.226,0.026
0.000,0.305,0.000,0.741,0.052
0.000,0.320,0.000,0.822,0.140
0.000,0.289,0.000,0.658,0.383
0.000,0.249,0.000,0.594,0.743
0.000,0.234,0.000,0.528,0.873
0.000,0.225,0.000,0.462,0.803
0.000,0.221,0.000,0.402,0.741
0.000,0.226,0.000,0.309,0.701
0.000,0.230,0.000,0.216,0.680
0.000,0.224,0.000,0.119,0.675
0.000,0.230,0.000,0.042,0.669
0.000,0.274,0.000,0.014,0.662
0.000,0.290,0.000,0.007,0.656
0.000,0.258,0.000,0.004,0.649
0.000,0.226,0.000,0.002,0.642
0.000,0.217,0.000,0.001,0.635
0.000,0.214,0.000,0.000,0.629
0.000,0.209,0.000,0.000,0.621
0.000,0.196,0.000,0.000,0.613
0.000,0.186,0.000,0.000,0.605
0.000,0.183,0.000,0.000,0.597
0.000,0.273,0.000,0.000,0.589
0.000,0.439,0.000,0.000,0.580
0.000,0.453,0.000,0.000,0.570
0.000,0.392,0.000,0.000,0.560
0.000,0.366,0.000,0.000,0.550
0.000,0.359,0.000,0.000,0.540
0.000,0.342,0.000,0.000,0.530
0.000,0.325,0.000,0.000,0.520
0.000,0.310,0.000,0.000,0.513
0.000,0.303,0.000,0.000,0.506
0.000,0.306,0.000,0.000,0.501
0.000,0.296,0.000,0.000,0.496
0.000,0.303,0.000,0.000,0.491
0.000,0.606,0.000,0.000,0.480
0.000,0.779,0.000,0.000,0.442
0.000,0.623,0.000,0.000,0.399
0.000,0.527,0.000,0.000,0.473
0.000,0.529,0.000,0.000,0.489
0.000,0.516,0.000,0.000,0.440
0.000,0.492,0.000,0.000,0.417
0.000,0.471,0.000,0.000,0.399
0.000,0.448,0.000,0.000,0.389
0.000,0.427,0.000,0.000,0.380
0.000,0.412,0.000,0.000,0.373
0.000,0.398,0.000,0.000,0.368
0.000,0.384,0.000,0.000,0.359
0.000,0.376,0.000,0.000,0.278
0.000,0.367,0.000,0.000,0.161
0.000,0.352,0.000,0.000,0.079
0.000,0.342,0.000,0.000,0.039
0.000,0.336,0.000,0.000,0.022
0.000,0.327,0.000,0.000,0.012
0.000,0.323,0.000,0.000,0.006
0.000,0.325,0.000,0.021,0.004
0.000,0.313,0.000,0.472,0.003
0.000,0.413,0.000,0.825,0.003
0.000,0.515,0.000,0.717,0.003
0.000,0.471,0.000,0.623,0.002
0.000,0.381,0.000,0.571,0.002
0.000,0.349,0.000,0.505,0.002
0.000,0.321,0.000,0.458,0.002
0.000,0.297,0.000,0.363,0.002
0.000,0.299,0.000,0.272,0.002
0.000,0.308,0.000,0.179,0.002
0.000,0.305,0.000,0.081,0.002
0.000,0.296,0.000,0.024,0.009
0.000,0.286,0.000,0.009,0.018
0.000,0.327,0.000,0.006,0.219
0.000,0.374,0.000,0.003,0.296
0.000,0.354,0.000,0.001,0.180
0.000,0.318,0.000,0.000,0.097
0.000,0.306,0.000,0.000,0.054
0.000,0.290,0.000,0.000,0.031
0.000,0.279,0.000,0.000,0.018
0.000,0.275,0.000,0.000,0.015
0.000,0.256,0.000,0.000,0.019
0.000,0.242,0.000,0.000,0.022
0.000,0.245,0.000,0.000,0.021
0.000,0.382,0.000,0.000,0.140
0.000,0.479,0.000,0.000,0.243
0.000,0.435,0.000,0.000,0.199
0.000,0.360,0.000,0.000,0.135
0.000,0.325,0.000,0.000,0.090
0.000,0.314,0.000,0.000,0.062
0.000,0.301,0.000,0.000,0.040
0.000,0.290,0.000,0.000,0.023
0.000,0.286,0.000,0.000,0.020
0.000,0.287,0.000,0.286,0.019
0.000,0.286,0.000,0.779,0.021
0.000,0.279,0.000,0.810,0.058
0.000,0.257,0.000,0.661,0.196
0.000,0.241,0.000,0.588,0.444
0.000,0.232,0.000,0.521,0.474
0.000,0.224,0.000,0.466,0.377
0.000,0.232,0.000,0.393,0.341
0.000,0.242,0.000,0.298,0.321
0.000,0.240,0.000,0.206,0.303
0.000,0.236,0.000,0.108,0.286
0.000,0.230,0.000,0.037,0.272
0.000,0.222,0.000,0.016,0.258
0.000,0.255,0.000,0.015,0.243
0.000,0.338,0.000,0.016,0.228
0.000,0.329,0.000,0.013,0.214
0.000,0.289,0.000,0.009,0.203
0.000,0.276,0.000,0.005,0.192
0.000,0.260,0.000,0.001,0.182
0.000,0.241,0.000,0.000,0.173
0.000,0.227,0.000,0.000,0.164
0.000,0.227,0.000,0.000,0.155
0.000,0.223,0.000,0.172,0.146
0.000,0.212,0.000,0.704,0.139
0.000,0.202,0.000,0.829,0.133
0.000,0.208,0.000,0.657,0.126
0.000,0.198,0.000,0.598,0.120
0.000,0.190,0.000,0.533,0.114
0.000,0.185,0.000,0.460,0.108
0.000,0.175,0.000,0.414,0.103
0.000,0.170,0.000,0.318,0.099
0.000,0.174,0.000,0.225,0.094
0.000,0.174,0.000,0.129,0.090
0.000,0.167,0.000,0.049,0.086
0.000,0.165,0.000,0.018,0.086
0.000,0.340,0.000,0.015,0.095
0.000,0.754,0.000,0.016,0.375
0.000,0.744,0.000,0.014,0.633
0.000,0.521,0.000,0.010,0.576
0.000,0.482,0.000,0.006,0.481
0.000,0.457,0.000,0.002,0.446
0.000,0.423,0.000,0.000,0.423
0.000,0.404,0.000,0.000,0.414
0.000,0.379,0.000,0.000,0.407
0.000,0.364,0.000,0.000,0.396
0.000,0.355,0.000,0.000,0.387
0.000,0.338,0.000,0.000,0.381
0.000,0.326,0.000,0.000,0.374
0.000,0.317,0.000,0.000,0.362
0.000,0.305,0.000,0.000,0.355
0.000,0.298,0.000,0.000,0.352
0.000,0.290,0.000,0.000,0.345
0.000,0.274,0.000,0.000,0.337
0.000,0.268,0.000,0.000,0.336
0.000,0.261,0.000,0.000,0.332
0.000,0.250,0.000,0.000,0.320
0.000,0.262,0.000,0.000,0.310
0.000,0.402,0.000,0.000,0.305
0.000,0.497,0.000,0.000,0.299
0.000,0.436,0.000,0.000,0.290
0.000,0.354,0.000,0.000,0.281
0.000,0.305,0.000,0.000,0.275
0.000,0.278,0.000,0.000,0.266
0.000,0.268,0.000,0.000,0.255
0.000,0.250,0.000,0.000,0.247
0.000,0.238,0.000,0.000,0.243
0.000,0.231,0.000,0.000,0.234
0.000,0.220,0.000,0.000,0.237
0.000,0.223,0.000,0.000,0.177
0.000,0.272,0.000,0.000,0.288
0.000,0.289,0.000,0.000,0.644
0.000,0.276,0.000,0.000,0.748
0.000,0.254,0.000,0.000,0.658
0.000,0.225,0.000,0.000,0.590
0.000,0.217,0.000,0.000,0.547
0.000,0.208,0.000,0.000,0.523
0.000,0.194,0.000,0.000,0.513
0.000,0.193,0.000,0.000,0.504
0.000,0.185,0.000,0.000,0.494
0.000,0.228,0.000,0.000,0.576
0.000,0.587,0.000,0.000,0.595
0.000,0.708,0.000,0.000,0.560
0.000,0.565,0.000,0.000,0.531
0.000,0.505,0.000,0.000,0.489
0.000,0.496,0.000,0.000,0.464
0.000,0.474,0.000,0.000,0.446
0.000,0.438,0.000,0.000,0.437
0.000,0.422,0.000,0.000,0.430
0.000,0.415,0.000,0.000,0.425
0.000,0.399,0.000,0.308,0.419
0.000,0.423,0.000,0.750,0.352
0.000,0.446,0.000,0.764,0.307
0.000,0.386,0.000,0.653,0.613
0.000,0.298,0.000,0.583,0.774
0.000,0.272,0.000,0.514,0.570
0.000,0.265,0.000,0.467,0.313
0.000,0.266,0.000,0.385,0.451
0.000,0.261,0.000,0.290,0.627
0.000,0.268,0.000,0.197,0.594
0.000,0.263,0.000,0.097,0.550
0.000,0.278,0.000,0.031,0.526
0.000,0.337,0.000,0.015,0.512
0.000,0.357,0.000,0.015,0.509
0.000,0.319,0.000,0.015,0.503
0.000,0.297,0.000,0.013,0.500
0.000,0.275,0.000,0.009,0.497
0.000,0.258,0.000,0.004,0.493
0.000,0.259,0.000,0.001,0.488
0.000,0.253,0.000,0.000,0.483
0.000,0.242,0.000,0.000,0.479
0.000,0.234,0.000,0.000,0.475
0.000,0.283,0.000,0.000,0.472
0.000,0.328,0.000,0.000,0.467
0.000,0.385,0.000,0.000,0.464
0.000,0.390,0.000,0.000,0.461
0.000,0.316,0.000,0.000,0.458
0.000,0.275,0.000,0.000,0.454
0.000,0.272,0.000,0.000,0.449
0.000,0.257,0.000,0.000,0.445
0.000,0.247,0.000,0.000,0.441
0.000,0.232,0.000,0.000,0.437
0.000,0.230,0.000,0.000,0.431
0.000,0.228,0.000,0.000,0.427
0.000,0.295,0.000,0.000,0.426
0.000,0.644,0.000,0.000,0.435
0.000,0.773,0.000,0.000,0.542
0.000,0.592,0.000,0.000,0.624
0.000,0.513,0.000,0.000,0.662
0.000,0.485,0.000,0.000,0.574
0.000,0.455,0.000,0.000,0.435
0.000,0.430,0.000,0.000,0.402
0.000,0.409,0.000,0.000,0.405
0.000,0.398,0.000,0.000,0.397
0.000,0.391,0.000,0.000,0.389
0.000,0.390,0.000,0.000,0.380
0.000,0.375,0.000,0.000,0.304
0.000,0.365,0.000,0.000,0.162
0.000,0.356,0.000,0.000,0.074
0.000,0.355,0.000,0.000,0.050
0.000,0.338,0.000,0.000,0.038
0.000,0.324,0.000,0.000,0.028
0.000,0.306,0.000,0.000,0.019
0.000,0.303,0.000,0.000,0.011
0.000,0.290,0.000,0.000,0.007
0.000,0.283,0.000,0.064,0.006
0.000,0.281,0.000,0.541,0.006
0.000,0.414,0.000,0.787,0.005
0.000,0.470,0.000,0.659,0.004
0.000,0.395,0.000,0.597,0.004
0.000,0.321,0.000,0.542,0.004
0.000,0.292,0.000,0.486,0.003
0.000,0.266,0.000,0.441,0.002
0.000,0.249,0.000,0.334,0.002
0.000,0.242,0.000,0.247,0.002
0.000,0.246,0.000,0.154,0.002
0.000,0.247,0.000,0.063,0.006
0.000,0.235,0.000,0.020,0.025
0.000,0.233,0.000,0.015,0.099
0.000,0.284,0.000,0.016,0.184
0.000,0.316,0.000,0.015,0.454
0.000,0.293,0.000,0.011,0.744
0.000,0.263,0.000,0.007,0.883
0.000,0.233,0.000,0.002,0.888
0.000,0.227,0.000,0.000,0.747
0.000,0.211,0.000,0.000,0.635
0.000,0.199,0.000,0.000,0.674
0.000,0.196,0.000,0.000,0.745
0.000,0.198,0.000,0.000,0.711
0.000,0.236,0.000,0.000,0.635
0.000,0.484,0.000,0.000,0.681
0.000,0.589,0.000,0.000,0.512
0.000,0.505,0.000,0.000,0.239
0.000,0.458,0.000,0.000,0.139
0.000,0.440,0.000,0.000,0.118
0.000,0.410,0.000,0.000,0.111
0.000,0.397,0.000,0.000,0.088
0.000,0.374,0.000,0.000,0.057
0.000,0.359,0.000,0.004,0.051
0.000,0.353,0.000,0.370,0.079
0.000,0.328,0.000,0.773,0.145
0.000,0.303,0.000,0.738,0.348
0.000,0.290,0.000,0.642,0.665
0.000,0.279,0.000,0.580,0.840
0.000,0.270,0.000,0.508,0.712
0.000,0.270,0.000,0.462,0.691
0.000,0.268,0.000,0.374,0.709
0.000,0.266,0.000,0.281,0.590
0.000,0.270,0.000,0.187,0.646
0.000,0.281,0.000,0.088,0.676
0.000,0.277,0.000,0.028,0.580
0.000,0.261,0.000,0.015,0.646
0.000,0.247,0.000,0.016,0.641
0.000,0.262,0.000,0.015,0.571
0.000,0.297,0.000,0.013,0.643
0.000,0.287,0.000,0.008,0.607
0.000,0.266,0.000,0.004,0.567
0.000,0.264,0.000,0.001,0.635
0.000,0.254,0.000,0.000,0.573
0.000,0.241,0.000,0.000,0.565
0.000,0.231,0.000,0.000,0.622
0.000,0.224,0.000,0.252,0.546
0.000,0.217,0.000,0.728,0.565
0.000,0.202,0.000,0.786,0.604
0.000,0.211,0.000,0.662,0.524
0.000,0.205,0.000,0.587,0.564
0.000,0.196,0.000,0.520,0.580
0.000,0.180,0.000,0.465,0.511
0.000,0.169,0.000,0.392,0.561
0.000,0.176,0.000,0.296,0.554
0.000,0.187,0.000,0.205,0.505
0.000,0.178,0.000,0.106,0.557
0.000,0.169,0.000,0.036,0.508
0.000,0.166,0.000,0.016,0.461
0.000,0.472,0.000,0.015,0.380
0.000,0.865,0.000,0.016,0.559
0.000,0.734,0.000,0.013,0.757
0.000,0.525,0.000,0.009,0.685
0.000,0.452,0.000,0.005,0.589
0.000,0.411,0.000,0.001,0.565
0.000,0.381,0.000,0.000,0.552
0.000,0.347,0.000,0.000,0.536
0.000,0.351,0.000,0.000,0.525
0.000,0.337,0.000,0.000,0.519
0.000,0.332,0.000,0.000,0.510
0.000,0.314,0.000,0.000,0.499
0.000,0.312,0.000,0.000,0.494
0.000,0.292,0.000,0.000,0.490
0.000,0.295,0.000,0.000,0.480
0.000,0.283,0.000,0.000,0.474
0.000,0.285,0.000,0.000,0.472
0.000,0.268,0.000,0.000,0.464
0.000,0.265,0.000,0.000,0.458
0.000,0.252,0.000,0.000,0.456
0.000,0.253,0.000,0.000,0.450
0.000,0.273,0.000,0.000,0.442
0.000,0.457,0.000,0.000,0.439
0.000,0.505,0.000,0.000,0.436
0.000,0.403,0.000,0.000,0.427
0.000,0.326,0.000,0.000,0.423
0.000,0.295,0.000,0.000,0.421
0.000,0.282,0.000,0.000,0.413
0.000,0.267,0.000,0.000,0.407
0.000,0.252,0.000,0.000,0.404
0.000,0.240,0.000,0.000,0.397
0.000,0.236,0.000,0.000,0.390
0.000,0.225,0.000,0.000,0.387
0.000,0.233,0.000,0.000,0.365
0.000,0.271,0.000,0.000,0.296
0.000,0.297,0.000,0.000,0.235
0.000,0.263,0.000,0.000,0.245
0.000,0.231,0.000,0.000,0.256
0.000,0.202,0.000,0.000,0.239
0.000,0.201,0.000,0.000,0.224
0.000,0.191,0.000,0.000,0.217
0.000,0.194,0.000,0.000,0.212
0.000,0.181,0.000,0.000,0.208
0.000,0.170,0.000,0.000,0.203
0.000,0.240,0.000,0.000,0.200
0.000,0.665,0.000,0.000,0.196
0.000,0.782,0.000,0.000,0.193
0.000,0.623,0.000,0.000,0.190
0.000,0.535,0.000,0.000,0.187
0.000,0.521,0.000,0.000,0.183
0.000,0.486,0.000,0.000,0.180
0.000,0.448,0.000,0.000,0.178
0.000,0.434,0.000,0.000,0.175
0.000,0.427,0.006,0.016,0.173
0.005,0.439,0.180,0.435,0.176
0.018,0.240,0.364,0.781,0.177
0.022,0.048,0.300,0.702,0.211
0.015,0.015,0.231,0.623,0.241
0.009,0.015,0.226,0.568,0.622
0.005,0.015,0.214,0.504,0.887
0.003,0.017,0.213,0.456,0.872
0.002,0.017,0.206,0.359,0.812
0.002,0.014,0.203,0.270,0.753
0.001,0.014,0.203,0.176,0.726
0.001,0.017,0.195,0.079,0.717
0.005,0.018,0.233,0.024,0.708
0.013,0.017,0.262,0.009,0.696
0.021,0.019,0.249,0.006,0.684
0.022,0.022,0.215,0.003,0.672
0.015,0.021,0.179,0.001,0.659
0.008,0.021,0.179,0.000,0.647
0.005,0.017,0.191,0.000,0.635
0.003,0.013,0.192,0.000,0.623
0.002,0.018,0.189,0.000,0.610
0.001,0.018,0.189,0.000,0.599
0.001,0.015,0.191,0.000,0.590
0.006,0.014,0.187,0.000,0.582
0.025,0.015,0.207,0.000,0.576
0.031,0.014,0.192,0.000,0.571
0.020,0.017,0.165,0.000,0.567
0.011,0.020,0.155,0.000,0.563
0.006,0.021,0.147,0.000,0.559
0.004,0.018,0.142,0.000,0.555
0.003,0.018,0.132,0.000,0.551
0.002,0.020,0.139,0.000,0.547
0.002,0.020,0.152,0.000,0.543
0.003,0.019,0.161,0.000,0.540
0.377,0.016,0.166,0.000,0.537
0.777,0.017,0.243,0.000,0.536
0.670,0.019,0.349,0.000,0.540
0.378,0.022,0.351,0.000,0.540
0.180,0.020,0.328,0.000,0.564
0.075,0.019,0.307,0.000,0.532
0.032,0.018,0.318,0.000,0.469
0.017,0.019,0.272,0.000,0.433
0.010,0.020,0.166,0.000,0.408
0.007,0.018,0.117,0.000,0.396
0.006,0.015,0.109,0.000,0.385
0.006,0.015,0.104,0.000,0.379
0.005,0.016,0.102,0.000,0.372
0.004,0.020,0.103,0.000,0.365
0.004,0.020,0.103,0.000,0.353
0.003,0.015,0.100,0.000,0.277
0.003,0.014,0.101,0.000,0.186
0.003,0.015,0.100,0.000,0.098
0.002,0.016,0.097,0.000,0.042
0.002,0.014,0.088,0.000,0.021
0.002,0.014,0.082,0.000,0.013
0.002,0.013,0.081,0.000,0.009
0.002,0.013,0.084,0.000,0.006
0.016,0.017,0.122,0.000,0.004
0.028,0.015,0.250,0.000,0.016
0.023,0.013,0.352,0.000,0.035
0.013,0.014,0.379,0.000,0.036
0.006,0.023,0.376,0.000,0.036
0.004,0.028,0.349,0.000,0.036
0.002,0.019,0.334,0.000,0.030
0.002,0.014,0.382,0.000,0.027
0.001,0.014,0.402,0.000,0.027
0.001,0.011,0.377,0.000,0.027
0.001,0.011,0.377,0.000,0.027
0.017,0.012,0.379,0.000,0.023
0.038,0.013,0.371,0.000,0.019
0.035,0.015,0.308,0.000,0.017
0.021,0.016,0.292,0.000,0.018
0.013,0.013,0.312,0.000,0.018
0.008,0.012,0.304,0.000,0.016
0.004,0.012,0.275,0.000,0.017
0.003,0.014,0.282,0.000,0.016
0.002,0.012,0.287,0.000,0.019
0.001,0.012,0.296,0.000,0.020
0.001,0.014,0.294,0.000,0.016
0.025,0.016,0.312,0.000,0.089
0.114,0.016,0.343,0.000,0.334
0.138,0.015,0.334,0.000,0.334
0.081,0.013,0.307,0.000,0.202
0.035,0.014,0.311,0.000,0.123
0.016,0.018,0.310,0.000,0.065
0.008,0.015,0.289,0.000,0.036
0.005,0.013,0.285,0.000,0.021
0.003,0.016,0.293,0.000,0.019
0.003,0.015,0.315,0.000,0.024
0.010,0.015,0.286,0.048,0.027
0.150,0.013,0.265,0.553,0.022
0.248,0.011,0.275,0.821,0.115
0.197,0.012,0.289,0.677,0.206
0.154,0.012,0.274,0.607,0.556
0.138,0.012,0.266,0.555,0.843
0.110,0.012,0.274,0.498,0.855
0.084,0.013,0.275,0.448,0.769
0.060,0.012,0.268,0.344,0.695
0.045,0.012,0.262,0.259,0.665
0.038,0.013,0.308,0.164,0.649
0.035,0.011,0.326,0.070,0.634
0.041,0.013,0.304,0.022,0.623
0.061,0.015,0.307,0.015,0.615
0.055,0.013,0.295,0.016,0.608
0.028,0.011,0.273,0.015,0.602
0.014,0.010,0.252,0.011,0.597
0.009,0.020,0.253,0.007,0.592
0.005,0.023,0.279,0.003,0.588
0.003,0.017,0.265,0.001,0.585
0.002,0.016,0.256,0.000,0.583
0.002,0.016,0.265,0.000,0.581
0.001,0.014,0.284,0.007,0.578
0.031,0.018,0.271,0.430,0.576
0.149,0.022,0.262,0.827,0.572
0.235,0.018,0.264,0.747,0.569
0.212,0.013,0.272,0.643,0.566
0.155,0.010,0.265,0.579,0.563
0.113,0.009,0.242,0.508,0.559
0.085,0.010,0.258,0.462,0.556
0.065,0.014,0.265,0.372,0.552
0.051,0.014,0.236,0.280,0.547
0.041,0.014,0.211,0.186,0.542
0.035,0.016,0.201,0.087,0.537
0.037,0.015,0.206,0.027,0.520
0.045,0.014,0.187,0.015,0.389
0.053,0.014,0.195,0.016,0.399
0.050,0.014,0.224,0.015,0.543
0.041,0.015,0.226,0.012,0.573
0.033,0.015,0.214,0.008,0.527
0.024,0.018,0.215,0.004,0.494
0.019,0.017,0.234,0.001,0.476
0.015,0.016,0.223,0.000,0.466
0.013,0.018,0.213,0.000,0.458
0.011,0.020,0.216,0.000,0.451
0.382,0.018,0.226,0.000,0.425
0.783,0.015,0.228,0.000,0.353
0.671,0.015,0.216,0.000,0.316
0.380,0.017,0.229,0.000,0.238
0.182,0.019,0.240,0.000,0.126
0.076,0.015,0.231,0.000,0.062
0.033,0.011,0.196,0.000,0.038
0.017,0.011,0.199,0.000,0.026
0.011,0.010,0.222,0.000,0.017
0.007,0.013,0.200,0.000,0.012
0.006,0.013,0.176,0.000,0.009
0.005,0.012,0.187,0.000,0.007
0.005,0.013,0.198,0.000,0.005
0.004,0.014,0.182,0.000,0.004
0.004,0.012,0.166,0.000,0.004
0.003,0.010,0.170,0.000,0.003
0.003,0.010,0.178,0.000,0.002
0.003,0.014,0.179,0.000,0.002
0.003,0.015,0.158,0.000,0.002
0.002,0.014,0.165,0.000,0.002
0.002,0.018,0.179,0.000,0.002
0.002,0.017,0.175,0.000,0.002
0.002,0.017,0.159,0.000,0.004
0.007,0.015,0.159,0.000,0.009
0.016,0.015,0.173,0.000,0.010
0.017,0.015,0.149,0.000,0.014
0.012,0.013,0.141,0.000,0.018
0.009,0.013,0.161,0.000,0.015
0.006,0.015,0.158,0.000,0.009
0.004,0.020,0.138,0.000,0.009
0.003,0.017,0.138,0.000,0.011
0.001,0.014,0.146,0.000,0.007
0.001,0.014,0.138,0.000,0.006
0.001,0.015,0.132,0.032,0.007
0.015,0.016,0.132,0.185,0.020
0.032,0.015,0.137,0.191,0.250
0.041,0.015,0.146,0.083,0.276
0.033,0.018,0.130,0.028,0.141
0.021,0.017,0.129,0.009,0.079
0.014,0.021,0.135,0.002,0.046
0.009,0.022,0.136,0.001,0.024
0.006,0.019,0.115,0.000,0.018
0.004,0.017,0.124,0.000,0.016
0.002,0.016,0.146,0.000,0.015
0.001,0.016,0.139,0.066,0.015
0.007,0.020,0.123,0.556,0.028
0.017,0.058,0.128,0.782,0.144
0.017,0.048,0.135,0.654,0.388
0.011,0.019,0.122,0.596,0.759
0.008,0.018,0.106,0.539,0.956
0.005,0.015,0.098,0.485,0.869
0.003,0.017,0.097,0.439,0.713
0.002,0.018,0.097,0.331,0.680
0.002,0.016,0.088,0.246,0.739
0.001,0.016,0.084,0.151,0.740
0.001,0.017,0.065,0.062,0.655
0.009,0.017,0.047,0.020,0.620
0.018,0.018,0.032,0.015,0.676
0.023,0.018,0.021,0.016,0.713
0.020,0.013,0.017,0.015,0.652
0.012,0.013,0.018,0.011,0.594
0.007,0.015,0.020,0.006,0.626
0.004,0.017,0.019,0.002,0.677
0.002,0.016,0.021,0.000,0.651
0.002,0.020,0.020,0.000,0.584
0.001,0.020,0.017,0.000,0.584
0.001,0.014,0.018,0.000,0.635
0.009,0.016,0.018,0.000,0.643
0.026,0.014,0.016,0.000,0.578
0.026,0.015,0.014,0.000,0.551
0.017,0.015,0.011,0.000,0.595
0.009,0.014,0.012,0.000,0.625
0.006,0.013,0.015,0.000,0.578
0.004,0.014,0.017,0.000,0.534
0.003,0.014,0.017,0.000,0.558
0.002,0.013,0.015,0.000,0.598
0.002,0.016,0.015,0.000,0.579
0.024,0.014,0.015,0.000,0.526
0.504,0.016,0.014,0.000,0.525
0.797,0.016,0.072,0.000,0.561
0.595,0.015,0.264,0.000,0.394
0.326,0.016,0.322,0.000,0.426
0.150,0.014,0.282,0.000,0.699
0.062,0.013,0.276,0.000,0.752
0.028,0.014,0.280,0.000,0.653
0.015,0.013,0.210,0.000,0.605
0.010,0.011,0.128,0.000,0.569
0.007,0.014,0.064,0.000,0.544
0.006,0.015,0.027,0.000,0.529
0.005,0.015,0.019,0.000,0.513
0.005,0.014,0.019,0.000,0.507
0.004,0.013,0.020,0.000,0.425
0.004,0.012,0.018,0.000,0.274
0.003,0.020,0.017,0.000,0.153
0.003,0.031,0.017,0.000,0.077
0.003,0.025,0.016,0.000,0.049
0.002,0.019,0.017,0.000,0.039
0.002,0.021,0.018,0.000,0.025
0.002,0.017,0.017,0.000,0.019
0.002,0.014,0.017,0.000,0.016
0.002,0.017,0.017,0.263,0.012
0.009,0.019,0.105,0.739,0.009
0.016,0.016,0.245,0.776,0.010
0.013,0.014,0.281,0.658,0.009
0.008,0.013,0.266,0.584,0.007
0.005,0.014,0.263,0.519,0.007
0.003,0.015,0.262,0.465,0.006
0.002,0.018,0.263,0.390,0.005
0.001,0.017,0.257,0.294,0.005
0.001,0.017,0.250,0.203,0.005
0.000,0.016,0.263,0.103,0.004
0.001,0.017,0.257,0.035,0.008
0.001,0.016,0.232,0.016,0.018
0.001,0.015,0.243,0.015,0.021
0.002,0.014,0.254,0.016,0.020
0.002,0.012,0.240,0.013,0.018
0.001,0.011,0.241,0.009,0.017
0.001,0.015,0.240,0.005,0.016
0.001,0.013,0.232,0.001,0.016
0.001,0.011,0.235,0.000,0.016
0.001,0.015,0.236,0.000,0.017
0.001,0.015,0.234,0.000,0.019
0.001,0.015,0.235,0.000,0.019
0.014,0.015,0.223,0.000,0.017
0.037,0.015,0.216,0.000,0.151
0.038,0.014,0.229,0.000,0.312
0.029,0.013,0.226,0.000,0.257
0.020,0.013,0.207,0.000,0.127
0.014,0.014,0.210,0.000,0.060
0.009,0.013,0.214,0.000,0.036
0.006,0.016,0.213,0.000,0.022
0.004,0.017,0.223,0.000,0.017
0.003,0.017,0.219,0.000,0.016
0.003,0.013,0.222,0.107,0.021
0.016,0.012,0.237,0.620,0.087
0.029,0.013,0.213,0.789,0.162
0.023,0.013,0.214,0.651,0.559
0.013,0.015,0.239,0.598,0.842
0.007,0.014,0.251,0.530,0.802
0.004,0.013,0.264,0.470,0.796
0.002,0.014,0.271,0.428,0.783
0.001,0.017,0.241,0.321,0.692
0.001,0.016,0.223,0.233,0.616
0.001,0.013,0.218,0.137,0.639
0.001,0.012,0.214,0.054,0.696
0.008,0.015,0.220,0.019,0.672
0.015,0.017,0.226,0.015,0.596
0.022,0.017,0.216,0.016,0.586
0.020,0.015,0.208,0.014,0.640
0.012,0.017,0.212,0.011,0.654
0.007,0.020,0.229,0.006,0.584
0.004,0.023,0.244,0.002,0.548
0.002,0.023,0.234,0.000,0.592
0.002,0.018,0.210,0.000,0.629
0.001,0.016,0.205,0.000,0.588
0.001,0.016,0.257,0.037,0.535
0.003,0.017,0.239,0.507,0.552
0.009,0.035,0.196,0.789,0.597
0.011,0.034,0.193,0.674,0.586
0.008,0.021,0.260,0.610,0.528
0.005,0.020,0.291,0.554,0.517
0.003,0.022,0.345,0.496,0.559
0.002,0.017,0.494,0.446,0.575
0.001,0.014,0.578,0.341,0.519
0.001,0.013,0.548,0.258,0.491
0.001,0.016,0.505,0.162,0.525
0.001,0.016,0.513,0.069,0.555
0.013,0.017,0.510,0.021,0.524
0.055,0.017,0.483,0.015,0.426
0.072,0.015,0.487,0.016,0.445
0.051,0.015,0.473,0.015,0.650
0.027,0.015,0.437,0.011,0.782
0.014,0.014,0.311,0.007,0.731
0.007,0.013,0.228,0.003,0.607
0.004,0.014,0.228,0.000,0.568
0.003,0.014,0.248,0.000,0.616
0.003,0.014,0.235,0.000,0.628
0.024,0.012,0.226,0.000,0.556
0.509,0.013,0.321,0.000,0.502
0.813,0.016,0.407,0.000,0.519
0.655,0.021,0.363,0.000,0.436
0.436,0.021,0.344,0.000,0.297
0.281,0.017,0.381,0.000,0.248
0.190,0.014,0.422,0.000,0.235
0.147,0.014,0.426,0.000,0.181
0.120,0.017,0.407,0.000,0.129
0.099,0.020,0.332,0.000,0.106
0.084,0.017,0.266,0.000,0.087
0.072,0.015,0.242,0.000,0.071
0.064,0.018,0.238,0.000,0.064
0.063,0.018,0.242,0.000,0.058
0.064,0.016,0.244,0.000,0.061
0.055,0.014,0.236,0.000,0.055
0.043,0.016,0.226,0.000,0.051
0.033,0.018,0.229,0.000,0.061
0.024,0.021,0.224,0.000,0.056
0.019,0.019,0.204,0.000,0.043
0.016,0.020,0.197,0.000,0.032
0.014,0.021,0.188,0.000,0.030
0.011,0.026,0.216,0.000,0.035
0.007,0.022,0.215,0.000,0.032
0.008,0.020,0.226,0.000,0.025
0.014,0.022,0.297,0.000,0.024
0.016,0.017,0.335,0.000,0.024
0.014,0.013,0.333,0.000,0.022
0.010,0.015,0.389,0.000,0.019
0.006,0.015,0.455,0.000,0.019
0.003,0.013,0.442,0.000,0.020
0.002,0.015,0.379,0.000,0.019
0.002,0.018,0.338,0.000,0.021
0.001,0.018,0.345,0.000,0.020
0.002,0.014,0.372,0.000,0.017
0.018,0.014,0.364,0.000,0.198
0.034,0.016,0.347,0.000,0.359
0.039,0.033,0.368,0.000,0.279
0.030,0.034,0.376,0.000,0.168
0.018,0.024,0.360,0.000,0.105
0.013,0.019,0.371,0.000,0.055
0.008,0.018,0.380,0.000,0.029
0.005,0.017,0.339,0.000,0.019
0.004,0.017,0.239,0.000,0.020
0.002,0.021,0.178,0.000,0.027
0.001,0.024,0.256,0.188,0.027
0.012,0.016,0.412,0.736,0.064
0.021,0.011,0.478,0.811,0.101
0.020,0.013,0.516,0.649,0.333
0.012,0.014,0.467,0.595,0.584
0.006,0.015,0.361,0.528,0.630
0.004,0.013,0.305,0.458,0.566
0.002,0.012,0.293,0.412,0.516
0.002,0.014,0.276,0.312,0.496
0.001,0.014,0.250,0.222,0.488
0.001,0.013,0.259,0.123,0.484
0.002,0.014,0.341,0.046,0.482
0.009,0.015,0.388,0.015,0.479
0.016,0.014,0.399,0.008,0.476
0.022,0.013,0.415,0.004,0.473
0.019,0.013,0.388,0.002,0.471
0.011,0.012,0.360,0.001,0.467
0.006,0.016,0.348,0.000,0.464
0.004,0.017,0.330,0.000,0.460
0.002,0.016,0.343,0.000,0.456
0.002,0.021,0.367,0.000,0.451
0.001,0.021,0.390,0.000,0.447
0.001,0.015,0.405,0.000,0.443
0.015,0.015,0.391,0.000,0.439
0.031,0.017,0.352,0.000,0.434
0.027,0.015,0.320,0.000,0.428
0.015,0.018,0.305,0.000,0.423
0.008,0.015,0.281,0.000,0.417
0.005,0.011,0.256,0.000,0.411
0.003,0.012,0.238,0.000,0.404
0.003,0.013,0.225,0.000,0.397
0.002,0.013,0.211,0.000,0.390
0.002,0.012,0.193,0.000,0.382
0.090,0.014,0.189,0.000,0.374
0.625,0.015,0.213,0.000,0.365
0.783,0.014,0.336,0.000,0.350
0.518,0.013,0.397,0.000,0.307
0.273,0.012,0.403,0.000,0.327
0.120,0.013,0.403,0.000,0.454
0.049,0.016,0.371,0.000,0.471
0.023,0.018,0.318,0.000,0.416
0.013,0.014,0.288,0.000,0.381
0.009,0.014,0.284,0.000,0.360
0.007,0.015,0.283,0.000,0.348
0.006,0.016,0.278,0.000,0.340
0.005,0.021,0.269,0.000,0.332
0.005,0.019,0.260,0.000,0.326
0.004,0.014,0.252,0.000,0.317
0.003,0.015,0.251,0.000,0.278
0.003,0.013,0.247,0.000,0.180
0.003,0.011,0.229,0.000,0.093
0.003,0.013,0.199,0.000,0.039
0.002,0.014,0.178,0.000,0.014
0.002,0.015,0.186,0.000,0.006
0.002,0.013,0.203,0.000,0.004
0.002,0.013,0.205,0.007,0.003
0.006,0.012,0.204,0.446,0.003
0.025,0.015,0.233,0.830,0.003
0.027,0.014,0.278,0.737,0.002
0.017,0.010,0.327,0.640,0.002
0.009,0.010,0.349,0.575,0.002
0.005,0.013,0.342,0.506,0.001
0.003,0.030,0.337,0.461,0.001
0.002,0.040,0.335,0.369,0.002
0.001,0.026,0.318,0.278,0.002
0.001,0.017,0.303,0.183,0.001
0.001,0.014,0.265,0.085,0.001
0.006,0.013,0.258,0.026,0.008
0.028,0.028,0.291,0.010,0.014
0.040,0.045,0.267,0.006,0.215
0.028,0.026,0.248,0.003,0.294
0.016,0.017,0.255,0.001,0.188
0.010,0.020,0.270,0.000,0.102
0.006,0.018,0.283,0.000,0.056
0.003,0.017,0.263,0.000,0.031
0.002,0.014,0.265,0.000,0.017
0.002,0.014,0.283,0.000,0.015
0.001,0.018,0.258,0.000,0.019
0.003,0.017,0.238,0.000,0.023
0.064,0.014,0.213,0.000,0.021
0.142,0.013,0.210,0.000,0.128
0.115,0.014,0.201,0.000,0.242
0.055,0.015,0.189,0.000,0.207
0.024,0.020,0.190,0.000,0.139
0.011,0.021,0.193,0.000,0.089
0.006,0.020,0.187,0.000,0.064
0.004,0.016,0.175,0.000,0.040
0.003,0.013,0.192,0.000,0.023
0.003,0.025,0.181,0.000,0.020
0.058,0.032,0.169,0.249,0.020
0.225,0.024,0.151,0.780,0.010
0.230,0.015,0.158,0.807,0.002
0.167,0.016,0.168,0.656,0.001
0.148,0.019,0.164,0.591,0.001
0.123,0.019,0.154,0.525,0.001
0.096,0.019,0.167,0.458,0.001
0.073,0.023,0.179,0.399,0.001
0.052,0.019,0.169,0.302,0.000
0.040,0.046,0.175,0.212,0.000
0.036,0.050,0.192,0.112,0.000
0.034,0.028,0.182,0.040,0.000
0.052,0.018,0.156,0.016,0.000
0.063,0.019,0.144,0.015,0.000
0.042,0.020,0.151,0.016,0.000
0.020,0.021,0.141,0.014,0.000
0.012,0.022,0.124,0.010,0.000
0.007,0.020,0.128,0.005,0.000
0.004,0.019,0.135,0.001,0.000
0.003,0.019,0.135,0.000,0.000
0.002,0.018,0.122,0.000,0.000
0.002,0.017,0.134,0.000,0.000
0.003,0.015,0.141,0.134,0.000
0.081,0.013,0.139,0.693,0.021
0.203,0.015,0.128,0.816,0.072
0.234,0.015,0.143,0.651,0.158
0.186,0.014,0.172,0.598,0.512
0.134,0.012,0.160,0.529,0.656
0.098,0.015,0.146,0.469,0.556
0.076,0.017,0.157,0.427,0.481
0.058,0.016,0.177,0.319,0.438
0.046,0.016,0.179,0.232,0.409
0.038,0.015,0.178,0.135,0.388
0.035,0.016,0.179,0.053,0.370
0.040,0.014,0.155,0.018,0.355
0.049,0.013,0.130,0.015,0.305
0.052,0.015,0.117,0.016,0.256
0.045,0.016,0.121,0.014,0.281
0.037,0.018,0.131,0.011,0.213
0.028,0.020,0.137,0.006,0.133
0.021,0.016,0.139,0.002,0.112
0.017,0.015,0.151,0.000,0.104
0.014,0.017,0.153,0.000,0.095
0.012,0.018,0.154,0.000,0.089
0.094,0.014,0.152,0.000,0.085
0.626,0.015,0.149,0.000,0.079
0.754,0.019,0.199,0.000,0.062
0.477,0.021,0.217,0.000,0.080
0.247,0.017,0.194,0.000,0.097
0.108,0.011,0.179,0.000,0.072
0.044,0.012,0.178,0.000,0.057
0.021,0.020,0.156,0.000,0.049
0.012,0.022,0.163,0.000,0.048
0.008,0.019,0.157,0.000,0.053
0.006,0.019,0.150,0.000,0.051
0.004,0.017,0.138,0.000,0.045
0.004,0.015,0.131,0.000,0.041
0.004,0.017,0.115,0.000,0.041
0.003,0.018,0.093,0.000,0.040
0.003,0.017,0.078,0.000,0.039
0.002,0.017,0.081,0.000,0.038
0.002,0.015,0.089,0.000,0.038
0.002,0.014,0.086,0.000,0.036
0.002,0.016,0.078,0.000,0.034
0.002,0.017,0.084,0.000,0.033
0.002,0.016,0.090,0.000,0.033
0.001,0.019,0.084,0.000,0.031
0.001,0.018,0.074,0.000,0.028
0.001,0.014,0.080,0.000,0.028
0.001,0.012,0.089,0.000,0.029
0.001,0.013,0.084,0.000,0.044
0.001,0.016,0.077,0.000,0.081
0.001,0.019,0.081,0.000,0.122
0.001,0.023,0.088,0.000,0.118
0.001,0.019,0.081,0.000,0.089
0.001,0.017,0.074,0.000,0.077
0.001,0.016,0.077,0.000,0.084
0.001,0.019,0.077,0.000,0.092
0.000,0.018,0.069,0.000,0.091
0.000,0.019,0.067,0.000,0.271
0.000,0.023,0.075,0.000,0.338
0.000,0.020,0.078,0.000,0.277
0.000,0.017,0.070,0.000,0.210
0.000,0.018,0.068,0.000,0.157
0.000,0.021,0.075,0.000,0.113
0.000,0.025,0.076,0.000,0.079
0.000,0.019,0.066,0.000,0.073
0.000,0.018,0.064,0.000,0.077
0.000,0.017,0.071,0.000,0.080
0.001,0.017,0.071,0.272,0.073
0.009,0.016,0.063,0.750,0.058
0.017,0.017,0.065,0.770,0.068
0.014,0.018,0.072,0.656,0.102
0.010,0.018,0.071,0.581,0.441
0.007,0.016,0.062,0.518,0.670
0.004,0.014,0.063,0.463,0.615
0.003,0.014,0.068,0.388,0.550
0.002,0.013,0.064,0.291,0.519
0.001,0.012,0.056,0.201,0.508
0.001,0.015,0.060,0.101,0.503
0.003,0.018,0.067,0.034,0.497
0.015,0.019,0.064,0.016,0.454
0.021,0.029,0.057,0.015,0.367
0.023,0.037,0.062,0.016,0.272
0.017,0.029,0.068,0.013,0.183
0.009,0.022,0.061,0.009,0.139
0.005,0.016,0.054,0.004,0.128
0.003,0.018,0.058,0.001,0.126
0.002,0.017,0.062,0.000,0.127
0.001,0.019,0.059,0.000,0.128
0.001,0.020,0.055,0.000,0.128
0.002,0.016,0.061,0.000,0.129
0.019,0.019,0.065,0.000,0.132
0.028,0.019,0.059,0.000,0.147
0.022,0.019,0.054,0.000,0.227
0.013,0.017,0.059,0.000,0.224
0.007,0.019,0.060,0.000,0.176
0.005,0.015,0.051,0.000,0.143
0.003,0.017,0.049,0.000,0.134
0.003,0.019,0.056,0.000,0.132
0.002,0.016,0.058,0.000,0.120
0.002,0.017,0.052,0.000,0.121
0.203,0.015,0.051,0.000,0.124
0.727,0.013,0.138,0.000,0.116
0.746,0.013,0.337,0.000,0.139
0.453,0.014,0.430,0.000,0.182
0.231,0.014,0.405,0.000,0.458
0.099,0.013,0.358,0.000,0.684
0.041,0.016,0.363,0.000,0.603
0.020,0.018,0.372,0.000,0.506
0.012,0.015,0.350,0.000,0.477
0.008,0.019,0.358,0.000,0.466
0.006,0.020,0.356,0.000,0.456
0.005,0.020,0.342,0.000,0.445
0.005,0.018,0.341,0.000,0.432
0.004,0.019,0.335,0.000,0.417
0.004,0.017,0.324,0.000,0.405
0.003,0.015,0.331,0.000,0.398
0.003,0.015,0.324,0.000,0.391
0.003,0.020,0.306,0.000,0.385
0.003,0.020,0.322,0.000,0.378
0.002,0.021,0.323,0.000,0.367
0.002,0.018,0.298,0.000,0.356
0.002,0.022,0.312,0.000,0.349
0.002,0.028,0.314,0.038,0.343
0.004,0.023,0.292,0.525,0.336
0.014,0.019,0.306,0.787,0.329
0.017,0.017,0.289,0.666,0.319
0.014,0.019,0.279,0.608,0.307
0.010,0.019,0.299,0.551,0.297
0.007,0.020,0.271,0.496,0.290
0.004,0.022,0.273,0.445,0.283
0.003,0.018,0.294,0.339,0.277
0.002,0.017,0.260,0.256,0.260
0.001,0.019,0.264,0.159,0.197
0.001,0.018,0.274,0.067,0.109
0.012,0.021,0.254,0.021,0.057
0.036,0.024,0.270,0.015,0.049
0.040,0.021,0.257,0.016,0.134
0.025,0.019,0.241,0.015,0.482
0.014,0.017,0.267,0.011,0.736
0.009,0.015,0.249,0.007,0.831
0.005,0.018,0.238,0.003,0.836
0.003,0.019,0.253,0.000,0.712
0.002,0.021,0.253,0.000,0.597
0.001,0.025,0.250,0.000,0.611
0.001,0.025,0.249,0.000,0.696
0.004,0.025,0.240,0.000,0.693
0.027,0.021,0.236,0.000,0.619
0.040,0.020,0.233,0.000,0.712
0.034,0.019,0.225,0.000,0.711
0.024,0.021,0.224,0.000,0.666
0.017,0.021,0.235,0.000,0.601
0.011,0.020,0.225,0.000,0.551
0.007,0.020,0.214,0.000,0.592
0.005,0.018,0.237,0.000,0.635
0.004,0.019,0.279,0.000,0.592
0.002,0.025,0.254,0.000,0.530
0.006,0.029,0.245,0.340,0.541
0.025,0.037,0.241,0.776,0.598
0.027,0.037,0.250,0.753,0.563
0.018,0.049,0.255,0.654,0.395
0.010,0.043,0.232,0.578,0.631
0.005,0.029,0.254,0.512,0.756
0.003,0.024,0.255,0.464,0.723
0.002,0.020,0.220,0.379,0.795
0.001,0.016,0.228,0.284,0.656
0.001,0.019,0.237,0.191,0.637
0.001,0.022,0.252,0.091,0.710
0.004,0.027,0.310,0.029,0.599
0.011,0.030,0.280,0.015,0.636
0.019,0.030,0.229,0.015,0.679
0.022,0.039,0.218,0.015,0.565
0.016,0.040,0.197,0.013,0.627
0.009,0.025,0.188,0.009,0.643
0.005,0.018,0.191,0.004,0.549
0.003,0.016,0.183,0.001,0.627
0.002,0.018,0.191,0.000,0.610
0.001,0.024,0.300,0.000,0.545
0.001,0.023,0.384,0.000,0.624
0.001,0.020,0.347,0.214,0.576
0.006,0.016,0.295,0.727,0.544
0.011,0.017,0.254,0.783,0.614
0.010,0.018,0.262,0.657,0.545
0.006,0.019,0.272,0.591,0.546
0.003,0.023,0.276,0.524,0.600
0.002,0.025,0.297,0.456,0.519
0.002,0.029,0.313,0.398,0.548
0.001,0.025,0.313,0.300,0.581
0.001,0.023,0.347,0.211,0.503
0.001,0.041,0.352,0.110,0.549
0.002,0.035,0.346,0.039,0.556
0.030,0.025,0.359,0.016,0.474
0.069,0.022,0.345,0.015,0.431
0.065,0.021,0.331,0.016,0.365
0.039,0.017,0.354,0.013,0.486
0.020,0.015,0.333,0.010,0.522
0.010,0.019,0.325,0.005,0.463
0.006,0.018,0.326,0.001,0.441
0.004,0.017,0.307,0.000,0.414
0.003,0.017,0.260,0.000,0.400
0.003,0.020,0.221,0.000,0.397
0.205,0.019,0.202,0.111,0.388
0.737,0.020,0.301,0.640,0.377
0.777,0.019,0.374,0.786,0.372
0.537,0.015,0.359,0.648,0.367
0.350,0.014,0.334,0.598,0.357
0.227,0.016,0.299,0.527,0.349
0.165,0.019,0.266,0.468,0.344
0.135,0.017,0.264,0.426,0.335
0.108,0.017,0.243,0.317,0.327
0.091,0.018,0.217,0.232,0.322
0.077,0.016,0.230,0.133,0.315
0.067,0.015,0.228,0.052,0.305
0.063,0.021,0.218,0.014,0.300
0.064,0.035,0.230,0.002,0.294
0.061,0.025,0.213,0.001,0.284
0.049,0.017,0.206,0.000,0.278
0.038,0.017,0.211,0.000,0.273
0.029,0.023,0.197,0.000,0.264
0.021,0.026,0.205,0.000,0.257
0.017,0.021,0.212,0.000,0.252
0.015,0.019,0.203,0.000,0.246
0.013,0.020,0.202,0.000,0.238
0.009,0.021,0.207,0.000,0.233
0.006,0.020,0.202,0.000,0.228
0.011,0.018,0.271,0.000,0.220
0.016,0.019,0.460,0.000,0.215
0.015,0.021,0.767,0.000,0.210
0.012,0.019,0.779,0.000,0.204
0.008,0.019,0.609,0.000,0.198
0.004,0.017,0.565,0.000,0.194
0.003,0.019,0.634,0.000,0.189
0.002,0.021,0.814,0.000,0.183
0.002,0.021,0.744,0.000,0.179
0.001,0.021,0.633,0.000,0.175
0.007,0.021,0.596,0.000,0.169
0.027,0.022,0.564,0.000,0.165
0.039,0.019,0.538,0.000,0.162
0.034,0.017,0.445,0.000,0.156
0.023,0.016,0.359,0.000,0.152
0.015,0.019,0.331,0.000,0.149
0.010,0.019,0.322,0.000,0.145
0.007,0.017,0.323,0.000,0.140
0.004,0.021,0.306,0.000,0.138
0.003,0.022,0.258,0.000,0.135
0.001,0.020,0.372,0.004,0.131
0.005,0.025,0.513,0.408,0.138
0.018,0.032,0.405,0.788,0.154
0.022,0.025,0.305,0.721,0.127
0.016,0.022,0.258,0.640,0.138
0.009,0.020,0.252,0.572,0.352
0.005,0.016,0.249,0.504,0.694
0.003,0.016,0.220,0.459,0.776
0.002,0.019,0.295,0.366,0.723
0.002,0.019,0.347,0.275,0.684
0.001,0.019,0.335,0.180,0.658
0.001,0.020,0.391,0.082,0.646
0.005,0.024,0.458,0.025,0.647
0.013,0.034,0.501,0.010,0.646
0.020,0.035,0.478,0.006,0.642
0.022,0.028,0.447,0.003,0.638
0.016,0.021,0.413,0.001,0.634
0.009,0.020,0.407,0.000,0.631
0.005,0.026,0.418,0.000,0.625
0.003,0.028,0.416,0.000,0.621
0.002,0.028,0.400,0.000,0.615
0.001,0.025,0.381,0.000,0.609
0.001,0.025,0.371,0.000,0.602
0.004,0.024,0.374,0.000,0.597
0.025,0.019,0.385,0.000,0.590
0.031,0.017,0.363,0.000,0.582
0.021,0.020,0.338,0.000,0.574
0.011,0.023,0.335,0.000,0.565
0.006,0.019,0.309,0.000,0.557
0.004,0.014,0.310,0.000,0.548
0.003,0.015,0.299,0.000,0.539
0.002,0.014,0.295,0.000,0.530
0.002,0.015,0.280,0.000,0.520
0.002,0.017,0.277,0.000,0.512
0.345,0.015,0.266,0.000,0.505
0.781,0.018,0.328,0.000,0.499
0.681,0.021,0.416,0.000,0.503
0.389,0.039,0.395,0.000,0.513
0.188,0.037,0.352,0.000,0.512
0.078,0.020,0.344,0.000,0.463
0.033,0.015,0.335,0.000,0.385
0.017,0.012,0.331,0.000,0.346
0.011,0.013,0.284,0.000,0.336
0.007,0.026,0.256,0.000,0.330
0.006,0.027,0.258,0.000,0.321
0.005,0.017,0.255,0.000,0.314
0.005,0.012,0.257,0.000,0.305
0.004,0.012,0.256,0.000,0.296
0.004,0.011,0.250,0.000,0.231
0.003,0.013,0.240,0.000,0.134
0.003,0.014,0.233,0.000,0.061
0.003,0.012,0.230,0.000,0.023
0.003,0.013,0.221,0.000,0.009
0.002,0.013,0.217,0.000,0.005
0.002,0.014,0.212,0.000,0.003
0.002,0.012,0.211,0.000,0.003
0.002,0.011,0.204,0.000,0.003
0.015,0.011,0.215,0.000,0.002
0.029,0.010,0.304,0.000,0.013
0.023,0.010,0.381,0.000,0.035
0.013,0.012,0.370,0.000,0.036
0.007,0.011,0.363,0.000,0.036
0.004,0.011,0.346,0.000,0.036
0.002,0.011,0.346,0.000,0.030
0.002,0.013,0.328,0.000,0.027
0.001,0.012,0.312,0.000,0.027
0.001,0.012,0.338,0.000,0.026
0.001,0.013,0.333,0.000,0.027
0.016,0.014,0.310,0.000,0.022
0.037,0.015,0.283,0.000,0.020
0.036,0.013,0.261,0.000,0.017
0.021,0.014,0.302,0.000,0.017
0.013,0.021,0.358,0.000,0.018
0.008,0.017,0.362,0.000,0.016
0.004,0.015,0.353,0.000,0.017
0.003,0.016,0.349,0.000,0.016
0.002,0.015,0.371,0.000,0.019
0.001,0.012,0.378,0.000,0.021
0.001,0.012,0.350,0.000,0.016
0.020,0.013,0.340,0.000,0.065
0.110,0.015,0.367,0.000,0.339
0.140,0.018,0.359,0.000,0.332
0.084,0.014,0.322,0.000,0.203
0.037,0.016,0.310,0.000,0.122
0.017,0.016,0.308,0.000,0.066
0.008,0.016,0.273,0.000,0.037
0.005,0.016,0.236,0.000,0.021
0.003,0.017,0.222,0.000,0.019
0.003,0.014,0.248,0.000,0.023
0.006,0.017,0.237,0.024,0.027
0.142,0.016,0.256,0.532,0.019
0.252,0.012,0.270,0.828,0.006
0.200,0.015,0.273,0.695,0.030
0.155,0.018,0.249,0.624,0.144
0.140,0.017,0.243,0.563,0.304
0.111,0.017,0.259,0.502,0.626
0.085,0.019,0.256,0.454,0.751
0.061,0.017,0.247,0.352,0.708
0.046,0.017,0.228,0.266,0.661
0.038,0.017,0.257,0.169,0.625
0.035,0.013,0.263,0.074,0.609
0.039,0.016,0.235,0.022,0.603
0.061,0.015,0.214,0.015,0.597
0.056,0.016,0.204,0.016,0.590
0.029,0.019,0.211,0.015,0.584
0.015,0.017,0.207,0.012,0.577
0.009,0.015,0.180,0.007,0.569
0.005,0.017,0.196,0.003,0.561
0.003,0.016,0.191,0.001,0.553
0.002,0.013,0.193,0.000,0.544
0.002,0.016,0.181,0.000,0.535
0.001,0.017,0.189,0.001,0.526
0.024,0.018,0.180,0.397,0.517
0.143,0.018,0.188,0.835,0.508
0.233,0.018,0.191,0.764,0.498
0.214,0.017,0.203,0.655,0.488
0.157,0.017,0.194,0.577,0.478
0.115,0.018,0.180,0.511,0.468
0.086,0.018,0.212,0.463,0.459
0.066,0.019,0.210,0.377,0.451
0.052,0.024,0.201,0.283,0.445
0.042,0.022,0.196,0.190,0.440
0.036,0.017,0.206,0.089,0.436
0.037,0.019,0.215,0.028,0.432
0.044,0.021,0.183,0.015,0.435
0.053,0.017,0.183,0.015,0.422
0.050,0.015,0.198,0.015,0.446
0.042,0.015,0.202,0.013,0.560
0.033,0.017,0.190,0.008,0.538
0.024,0.019,0.175,0.004,0.473
0.019,0.021,0.186,0.001,0.446
0.016,0.019,0.181,0.000,0.432
0.013,0.018,0.175,0.000,0.421
0.010,0.016,0.147,0.000,0.412
0.349,0.018,0.159,0.000,0.402
0.790,0.017,0.163,0.000,0.402
0.681,0.016,0.143,0.000,0.343
0.388,0.020,0.153,0.000,0.243
0.190,0.015,0.159,0.000,0.151
0.080,0.013,0.163,0.000,0.077
0.035,0.014,0.142,0.000,0.037
0.018,0.012,0.146,0.000,0.020
0.011,0.010,0.160,0.000,0.012
0.007,0.011,0.145,0.000,0.007
0.006,0.013,0.131,0.000,0.005
0.005,0.015,0.134,0.000,0.004
0.005,0.016,0.147,0.000,0.004
0.004,0.014,0.143,0.000,0.003
0.004,0.013,0.132,0.000,0.003
0.003,0.013,0.136,0.000,0.003
0.003,0.014,0.144,0.000,0.003
0.003,0.016,0.143,0.000,0.002
0.003,0.015,0.123,0.000,0.002
0.002,0.016,0.129,0.000,0.002
0.002,0.022,0.133,0.000,0.002
0.002,0.019,0.138,0.000,0.002
0.002,0.014,0.129,0.000,0.004
0.006,0.014,0.132,0.000,0.009
0.016,0.013,0.154,0.000,0.010
0.017,0.014,0.142,0.000,0.014
0.012,0.016,0.138,0.000,0.018
0.009,0.014,0.151,0.000,0.014
0.006,0.013,0.143,0.000,0.009
0.004,0.014,0.136,0.000,0.009
0.003,0.015,0.127,0.000,0.011
0.001,0.015,0.132,0.000,0.007
0.001,0.013,0.137,0.000,0.007
0.001,0.012,0.140,0.022,0.007
0.013,0.014,0.137,0.183,0.011
0.032,0.015,0.136,0.194,0.246
0.042,0.015,0.135,0.090,0.272
0.034,0.012,0.123,0.030,0.148
0.022,0.016,0.116,0.009,0.084
0.014,0.018,0.124,0.002,0.047
0.009,0.020,0.135,0.001,0.024
0.006,0.020,0.115,0.000,0.018
0.004,0.015,0.124,0.000,0.016
0.002,0.012,0.204,0.000,0.015
0.001,0.012,0.192,0.039,0.016
0.006,0.014,0.148,0.539,0.012
0.017,0.013,0.297,0.784,0.063
0.018,0.013,0.347,0.660,0.225
0.012,0.014,0.277,0.607,0.539
0.008,0.016,0.232,0.549,0.816
0.005,0.018,0.402,0.495,0.928
0.003,0.016,0.461,0.444,0.889
0.002,0.014,0.379,0.335,0.727
0.002,0.012,0.336,0.255,0.641
0.001,0.013,0.321,0.157,0.683
0.001,0.015,0.372,0.065,0.726
0.008,0.019,0.391,0.020,0.672
0.018,0.020,0.382,0.015,0.599
0.023,0.016,0.366,0.016,0.610
0.021,0.017,0.342,0.015,0.658
0.013,0.016,0.321,0.011,0.644
0.007,0.016,0.309,0.007,0.572
0.004,0.018,0.304,0.002,0.552
0.002,0.019,0.311,0.000,0.597
0.002,0.017,0.329,0.000,0.613
0.001,0.014,0.338,0.000,0.552
0.001,0.011,0.332,0.000,0.515
0.008,0.012,0.328,0.000,0.546
0.026,0.014,0.323,0.000,0.578
0.026,0.018,0.310,0.000,0.544
0.017,0.020,0.301,0.000,0.495
0.010,0.020,0.303,0.000,0.503
0.006,0.016,0.303,0.000,0.539
0.004,0.014,0.303,0.000,0.532
0.003,0.016,0.302,0.000,0.478
0.002,0.019,0.295,0.000,0.466
0.002,0.016,0.289,0.000,0.501
0.009,0.013,0.285,0.000,0.515
0.485,0.011,0.291,0.000,0.469
0.799,0.012,0.348,0.000,0.450
0.610,0.013,0.346,0.000,0.505
0.338,0.011,0.326,0.000,0.629
0.156,0.021,0.320,0.000,0.676
0.065,0.028,0.280,0.000,0.575
0.029,0.022,0.243,0.000,0.526
0.016,0.017,0.237,0.000,0.510
0.010,0.017,0.243,0.000,0.489
0.007,0.017,0.260,0.000,0.472
0.006,0.015,0.283,0.000,0.465
0.005,0.028,0.295,0.000,0.446
0.005,0.030,0.323,0.000,0.408
0.004,0.020,0.341,0.000,0.309
0.004,0.012,0.343,0.000,0.188
0.003,0.009,0.346,0.000,0.104
0.003,0.011,0.349,0.000,0.060
0.003,0.011,0.342,0.000,0.039
0.003,0.009,0.318,0.000,0.031
0.002,0.009,0.303,0.000,0.023
0.002,0.012,0.296,0.000,0.012
0.002,0.013,0.286,0.000,0.008
0.002,0.011,0.278,0.223,0.009
0.008,0.010,0.283,0.740,0.010
0.016,0.010,0.376,0.774,0.006
0.013,0.008,0.407,0.653,0.006
0.009,0.010,0.366,0.588,0.006
0.006,0.011,0.374,0.523,0.005
0.003,0.010,0.412,0.456,0.004
0.002,0.011,0.447,0.397,0.004
0.001,0.011,0.468,0.298,0.004
0.001,0.011,0.451,0.209,0.004
0.000,0.014,0.437,0.107,0.004
0.001,0.017,0.446,0.038,0.007
0.001,0.013,0.435,0.016,0.016
0.001,0.009,0.452,0.015,0.019
0.002,0.010,0.462,0.016,0.019
0.002,0.011,0.459,0.013,0.019
0.001,0.013,0.465,0.010,0.018
0.001,0.011,0.424,0.005,0.017
0.001,0.009,0.411,0.001,0.016
0.001,0.011,0.403,0.000,0.016
0.001,0.012,0.388,0.000,0.017
0.001,0.009,0.372,0.000,0.018
0.001,0.009,0.353,0.000,0.019
0.012,0.010,0.372,0.000,0.017
0.037,0.010,0.369,0.000,0.127
0.038,0.011,0.339,0.000,0.322
0.030,0.011,0.348,0.000,0.264
0.021,0.009,0.353,0.000,0.127
0.014,0.011,0.356,0.000,0.061
0.009,0.012,0.357,0.000,0.037
0.006,0.012,0.353,0.000,0.023
0.004,0.011,0.366,0.000,0.017
0.003,0.012,0.359,0.000,0.016
0.003,0.012,0.364,0.073,0.015
0.014,0.011,0.369,0.602,0.054
0.030,0.012,0.346,0.782,0.180
0.024,0.010,0.331,0.647,0.447
0.013,0.009,0.311,0.598,0.726
0.007,0.009,0.288,0.534,0.871
0.004,0.011,0.281,0.483,0.830
0.002,0.012,0.261,0.436,0.682
0.002,0.016,0.248,0.323,0.630
0.001,0.019,0.258,0.243,0.685
0.001,0.016,0.243,0.144,0.713
0.001,0.017,0.240,0.057,0.641
0.008,0.017,0.247,0.018,0.586
0.014,0.016,0.226,0.015,0.629
0.022,0.014,0.219,0.016,0.678
0.020,0.014,0.215,0.014,0.639
0.012,0.015,0.209,0.011,0.571
0.007,0.016,0.214,0.006,0.581
0.004,0.017,0.201,0.002,0.636
0.002,0.011,0.195,0.000,0.635
0.002,0.011,0.211,0.000,0.565
0.001,0.015,0.202,0.000,0.545
0.001,0.017,0.187,0.017,0.594
0.003,0.041,0.194,0.485,0.620
0.008,0.033,0.190,0.795,0.565
0.011,0.019,0.183,0.690,0.524
0.009,0.015,0.176,0.627,0.555
0.005,0.013,0.182,0.562,0.595
0.003,0.012,0.183,0.501,0.568
0.002,0.013,0.172,0.452,0.515
0.001,0.015,0.178,0.350,0.520
0.001,0.018,0.178,0.265,0.561
0.001,0.016,0.167,0.167,0.563
0.001,0.015,0.156,0.073,0.507
0.010,0.017,0.153,0.022,0.475
0.053,0.027,0.163,0.015,0.437
0.072,0.022,0.161,0.016,0.297
0.053,0.015,0.153,0.015,0.661
0.028,0.014,0.156,0.012,0.803
0.014,0.017,0.153,0.007,0.677
0.007,0.017,0.147,0.003,0.656
0.004,0.017,0.154,0.001,0.683
0.003,0.019,0.153,0.000,0.651
0.003,0.017,0.145,0.000,0.573
0.010,0.014,0.142,0.000,0.552
0.489,0.015,0.137,0.000,0.593
0.813,0.018,0.146,0.000,0.583
0.665,0.017,0.150,0.000,0.402
0.446,0.016,0.135,0.000,0.279
0.285,0.020,0.144,0.000,0.239
0.192,0.020,0.157,0.000,0.230
0.148,0.019,0.149,0.000,0.195
0.122,0.019,0.139,0.000,0.143
0.100,0.015,0.150,0.000,0.119
0.085,0.014,0.145,0.000,0.103
0.072,0.018,0.148,0.000,0.081
0.065,0.016,0.153,0.000,0.063
0.063,0.014,0.147,0.000,0.051
0.064,0.014,0.142,0.000,0.057
0.056,0.014,0.141,0.000,0.056
0.043,0.015,0.138,0.000,0.039
0.033,0.018,0.142,0.000,0.046
0.025,0.019,0.145,0.000,0.048
0.019,0.019,0.133,0.000,0.042
0.016,0.017,0.142,0.000,0.034
0.014,0.021,0.149,0.000,0.025
0.011,0.022,0.131,0.000,0.026
0.007,0.020,0.130,0.000,0.031
0.008,0.019,0.138,0.000,0.024
0.014,0.016,0.144,0.000,0.020
0.016,0.019,0.150,0.000,0.021
0.014,0.021,0.134,0.000,0.022
0.010,0.022,0.136,0.000,0.017
0.006,0.019,0.139,0.000,0.017
0.004,0.021,0.125,0.000,0.019
0.002,0.019,0.124,0.000,0.018
0.002,0.020,0.136,0.000,0.020
0.002,0.020,0.142,0.000,0.020
0.002,0.018,0.153,0.000,0.017
0.017,0.015,0.159,0.000,0.176
0.033,0.017,0.172,0.000,0.367
0.040,0.020,0.217,0.000,0.291
0.030,0.022,0.230,0.000,0.177
0.019,0.021,0.204,0.000,0.109
0.013,0.017,0.224,0.000,0.056
0.008,0.017,0.237,0.000,0.030
0.005,0.019,0.220,0.000,0.019
0.004,0.019,0.250,0.000,0.020
0.002,0.017,0.283,0.000,0.027
0.001,0.017,0.280,0.145,0.027
0.011,0.017,0.263,0.728,0.066
0.021,0.019,0.302,0.801,0.167
0.020,0.019,0.324,0.641,0.297
0.012,0.018,0.295,0.595,0.665
0.007,0.015,0.291,0.523,0.818
0.004,0.018,0.310,0.467,0.787
0.003,0.039,0.280,0.425,0.734
0.002,0.038,0.279,0.312,0.686
0.001,0.023,0.271,0.230,0.666
0.001,0.019,0.279,0.130,0.658
0.002,0.018,0.307,0.050,0.649
0.009,0.015,0.301,0.015,0.641
0.016,0.016,0.329,0.008,0.632
0.023,0.018,0.447,0.004,0.623
0.020,0.019,0.510,0.002,0.613
0.012,0.021,0.494,0.001,0.602
0.007,0.021,0.492,0.000,0.591
0.004,0.017,0.499,0.000,0.581
0.002,0.017,0.481,0.000,0.570
0.002,0.018,0.474,0.000,0.558
0.001,0.020,0.447,0.000,0.547
0.001,0.016,0.426,0.000,0.536
0.014,0.018,0.411,0.000,0.527
0.031,0.021,0.372,0.000,0.518
0.027,0.022,0.295,0.000,0.510
0.015,0.022,0.246,0.000,0.504
0.008,0.019,0.221,0.000,0.499
0.005,0.018,0.224,0.000,0.494
0.003,0.021,0.230,0.000,0.489
0.003,0.023,0.225,0.000,0.485
0.002,0.019,0.220,0.000,0.481
0.002,0.021,0.210,0.000,0.477
0.056,0.019,0.207,0.000,0.473
0.618,0.017,0.217,0.000,0.469
0.782,0.019,0.256,0.000,0.465
0.533,0.017,0.256,0.000,0.431
0.284,0.016,0.270,0.000,0.359
0.125,0.017,0.248,0.000,0.454
0.051,0.017,0.223,0.000,0.472
0.023,0.016,0.209,0.000,0.428
0.013,0.016,0.196,0.000,0.401
0.009,0.017,0.191,0.000,0.385
0.007,0.016,0.190,0.000,0.374
0.006,0.015,0.192,0.000,0.369
0.005,0.015,0.202,0.000,0.362
0.005,0.013,0.215,0.000,0.358
0.004,0.015,0.224,0.000,0.357
0.004,0.016,0.237,0.000,0.294
0.003,0.013,0.248,0.000,0.189
0.003,0.011,0.250,0.000,0.093
0.003,0.012,0.247,0.000,0.043
0.002,0.028,0.247,0.000,0.023
0.002,0.023,0.246,0.000,0.012
0.002,0.016,0.244,0.000,0.006
0.002,0.015,0.242,0.001,0.004
0.004,0.015,0.249,0.412,0.003
0.025,0.013,0.278,0.841,0.003
0.027,0.017,0.361,0.753,0.003
0.018,0.017,0.446,0.652,0.002
0.010,0.017,0.438,0.573,0.002
0.005,0.012,0.441,0.510,0.002
0.003,0.010,0.424,0.462,0.002
0.002,0.009,0.401,0.375,0.002
0.001,0.012,0.361,0.281,0.002
0.001,0.017,0.353,0.188,0.002
0.001,0.015,0.361,0.087,0.002
0.005,0.016,0.353,0.027,0.008
0.027,0.016,0.319,0.010,0.014
0.040,0.014,0.343,0.007,0.206
0.029,0.014,0.358,0.003,0.301
0.017,0.015,0.318,0.001,0.200
0.011,0.014,0.312,0.000,0.110
0.006,0.016,0.292,0.000,0.059
0.003,0.017,0.324,0.000,0.032
0.002,0.019,0.309,0.000,0.018
0.002,0.018,0.273,0.000,0.015
0.001,0.016,0.305,0.000,0.019
0.002,0.020,0.307,0.000,0.022
0.058,0.020,0.281,0.000,0.021
0.143,0.017,0.255,0.000,0.113
0.117,0.015,0.269,0.000,0.248
0.057,0.015,0.284,0.000,0.217
0.025,0.017,0.267,0.000,0.143
0.012,0.019,0.248,0.000,0.089
0.006,0.013,0.240,0.000,0.066
0.004,0.011,0.270,0.000,0.041
0.003,0.011,0.256,0.000,0.023
0.003,0.010,0.232,0.000,0.020
0.045,0.013,0.259,0.205,0.020
0.224,0.012,0.262,0.780,0.017
0.231,0.011,0.263,0.798,0.036
0.169,0.012,0.223,0.646,0.128
0.149,0.011,0.230,0.594,0.478
0.125,0.009,0.241,0.524,0.548
0.098,0.008,0.222,0.454,0.451
0.074,0.009,0.218,0.410,0.401
0.052,0.013,0.229,0.303,0.376
0.041,0.012,0.239,0.218,0.357
0.036,0.012,0.216,0.116,0.340
0.034,0.015,0.204,0.043,0.324
0.051,0.014,0.216,0.016,0.307
0.063,0.014,0.233,0.015,0.293
0.043,0.012,0.236,0.016,0.279
0.021,0.013,0.206,0.014,0.266
0.012,0.011,0.191,0.010,0.254
0.007,0.011,0.213,0.005,0.240
0.004,0.012,0.218,0.002,0.228
0.003,0.014,0.205,0.000,0.217
0.002,0.016,0.191,0.000,0.206
0.002,0.013,0.211,0.000,0.196
0.002,0.012,0.211,0.094,0.186
0.073,0.012,0.190,0.677,0.176
0.200,0.013,0.185,0.811,0.168
0.236,0.012,0.202,0.647,0.159
0.189,0.011,0.213,0.599,0.152
0.136,0.012,0.191,0.533,0.145
0.100,0.014,0.185,0.482,0.138
0.077,0.014,0.192,0.435,0.131
0.058,0.019,0.189,0.320,0.124
0.047,0.018,0.163,0.242,0.119
0.038,0.015,0.141,0.142,0.114
0.035,0.015,0.152,0.056,0.110
0.039,0.015,0.168,0.018,0.116
0.049,0.014,0.159,0.015,0.125
0.053,0.027,0.143,0.016,0.354
0.046,0.069,0.144,0.014,0.634
0.037,0.035,0.150,0.011,0.579
0.029,0.014,0.153,0.006,0.480
0.021,0.018,0.150,0.002,0.444
0.017,0.014,0.169,0.000,0.428
0.014,0.017,0.173,0.000,0.415
0.012,0.014,0.146,0.000,0.402
0.060,0.013,0.155,0.000,0.396
0.619,0.014,0.178,0.000,0.391
0.755,0.014,0.169,0.000,0.381
0.490,0.014,0.151,0.000,0.369
0.257,0.018,0.137,0.000,0.364
0.112,0.015,0.144,0.000,0.358
0.046,0.012,0.173,0.000,0.349
0.021,0.013,0.154,0.000,0.343
0.012,0.014,0.176,0.000,0.340
0.008,0.017,0.174,0.000,0.338
0.006,0.017,0.165,0.000,0.329
0.004,0.022,0.158,0.000,0.320
0.004,0.018,0.158,0.000,0.314
0.003,0.015,0.134,0.000,0.305
0.003,0.017,0.114,0.000,0.296
0.003,0.015,0.101,0.000,0.292
0.002,0.017,0.097,0.000,0.284
0.002,0.017,0.113,0.000,0.274
0.002,0.016,0.106,0.000,0.265
0.002,0.014,0.090,0.000,0.258
0.002,0.016,0.100,0.000,0.250
0.001,0.016,0.102,0.000,0.241
0.001,0.016,0.099,0.000,0.234
0.001,0.018,0.089,0.000,0.241
0.001,0.017,0.090,0.000,0.199
0.001,0.020,0.099,0.000,0.244
0.001,0.018,0.094,0.000,0.615
0.001,0.019,0.084,0.000,0.735
0.001,0.019,0.091,0.000,0.665
0.001,0.016,0.100,0.000,0.603
0.001,0.017,0.088,0.000,0.562
0.001,0.016,0.084,0.000,0.541
0.000,0.015,0.101,0.000,0.528
0.000,0.015,0.095,0.000,0.520
0.002,0.017,0.087,0.000,0.507
0.023,0.016,0.083,0.000,0.581
0.037,0.018,0.090,0.000,0.630
0.040,0.017,0.090,0.000,0.621
0.028,0.014,0.080,0.000,0.564
0.018,0.015,0.077,0.000,0.512
0.012,0.033,0.085,0.000,0.493
0.008,0.036,0.097,0.000,0.477
0.005,0.027,0.148,0.000,0.473
0.003,0.023,0.164,0.000,0.463
0.002,0.023,0.137,0.000,0.461
0.002,0.016,0.172,0.230,0.455
0.011,0.017,0.162,0.753,0.414
0.020,0.020,0.151,0.767,0.277
0.015,0.019,0.132,0.650,0.572
0.010,0.019,0.165,0.586,0.759
0.007,0.017,0.150,0.520,0.574
0.004,0.015,0.155,0.454,0.302
0.003,0.018,0.153,0.396,0.504
0.002,0.019,0.144,0.295,0.758
0.001,0.023,0.149,0.207,0.721
0.001,0.021,0.138,0.105,0.645
0.002,0.020,0.181,0.037,0.593
0.014,0.020,0.180,0.016,0.570
0.020,0.022,0.187,0.015,0.553
0.023,0.019,0.212,0.016,0.541
0.017,0.019,0.219,0.013,0.529
0.009,0.017,0.221,0.009,0.520
0.005,0.014,0.213,0.005,0.512
0.003,0.016,0.212,0.001,0.502
0.002,0.019,0.213,0.000,0.497
0.001,0.014,0.199,0.000,0.490
0.001,0.016,0.188,0.000,0.487
0.001,0.019,0.199,0.000,0.479
0.018,0.017,0.191,0.000,0.474
0.028,0.016,0.176,0.000,0.468
0.023,0.017,0.177,0.000,0.464
0.013,0.017,0.170,0.000,0.460
0.007,0.014,0.180,0.000,0.455
0.005,0.014,0.172,0.000,0.450
0.003,0.014,0.158,0.000,0.444
0.003,0.014,0.179,0.000,0.442
0.002,0.015,0.150,0.000,0.437
0.001,0.017,0.143,0.000,0.434
0.155,0.017,0.122,0.000,0.428
0.726,0.016,0.170,0.000,0.426
0.752,0.013,0.393,0.000,0.429
0.467,0.013,0.464,0.000,0.541
0.240,0.013,0.450,0.000,0.674
0.103,0.017,0.396,0.000,0.702
0.043,0.017,0.397,0.000,0.586
0.021,0.017,0.407,0.000,0.440
0.012,0.015,0.372,0.000,0.414
0.008,0.017,0.367,0.000,0.407
0.006,0.020,0.383,0.000,0.392
0.005,0.017,0.373,0.000,0.382
0.005,0.014,0.347,0.000,0.373
0.004,0.015,0.354,0.000,0.296
0.004,0.018,0.349,0.000,0.152
0.003,0.020,0.355,0.000,0.071
0.003,0.018,0.352,0.000,0.046
0.003,0.018,0.328,0.000,0.031
0.003,0.022,0.345,0.000,0.021
0.003,0.025,0.351,0.000,0.014
0.002,0.028,0.323,0.000,0.008
0.002,0.025,0.342,0.000,0.006
0.002,0.022,0.337,0.018,0.005
0.003,0.021,0.320,0.501,0.005
0.014,0.020,0.334,0.796,0.004
0.018,0.024,0.311,0.682,0.004
0.014,0.054,0.310,0.625,0.003
0.010,0.037,0.318,0.559,0.003
0.007,0.024,0.298,0.500,0.003
0.004,0.028,0.296,0.452,0.003
0.003,0.029,0.320,0.347,0.002
0.002,0.023,0.289,0.264,0.002
0.001,0.020,0.284,0.165,0.002
0.001,0.020,0.293,0.071,0.003
0.010,0.027,0.273,0.021,0.024
0.036,0.023,0.275,0.015,0.061
0.040,0.025,0.273,0.016,0.166
0.026,0.025,0.257,0.015,0.387
0.015,0.022,0.286,0.012,0.760
0.009,0.024,0.267,0.007,0.912
0.005,0.021,0.251,0.003,0.812
0.003,0.021,0.267,0.001,0.671
0.002,0.019,0.254,0.000,0.657
0.001,0.019,0.252,0.000,0.740
0.001,0.021,0.248,0.000,0.736
0.003,0.019,0.240,0.000,0.646
0.026,0.017,0.244,0.000,0.623
0.041,0.019,0.238,0.000,0.764
0.035,0.022,0.236,0.000,0.512
0.025,0.027,0.238,0.000,0.272
0.017,0.027,0.237,0.000,0.179
0.012,0.021,0.228,0.000,0.169
0.008,0.017,0.215,0.000,0.170
0.005,0.019,0.229,0.000,0.130
0.004,0.023,0.222,0.000,0.097
0.002,0.022,0.204,0.000,0.082
0.005,0.019,0.227,0.298,0.076
0.025,0.016,0.213,0.783,0.121
0.028,0.019,0.209,0.759,0.232
0.018,0.018,0.224,0.656,0.681
0.010,0.015,0.191,0.576,0.841
0.005,0.013,0.214,0.515,0.723
0.003,0.016,0.220,0.459,0.786
0.002,0.017,0.183,0.383,0.673
0.001,0.019,0.208,0.285,0.618
0.001,0.018,0.211,0.196,0.721
0.001,0.020,0.185,0.094,0.626
0.003,0.022,0.201,0.031,0.629
0.011,0.025,0.187,0.016,0.698
0.018,0.021,0.178,0.015,0.588
0.022,0.021,0.186,0.016,0.631
0.017,0.021,0.174,0.013,0.669
0.009,0.015,0.172,0.009,0.559
0.005,0.013,0.181,0.004,0.630
0.003,0.016,0.168,0.001,0.637
0.002,0.015,0.163,0.000,0.542
0.001,0.012,0.172,0.000,0.625
0.001,0.017,0.160,0.000,0.604
0.001,0.018,0.161,0.172,0.540
0.005,0.017,0.168,0.725,0.621
0.011,0.013,0.158,0.775,0.573
0.010,0.013,0.164,0.646,0.544
0.007,0.017,0.169,0.594,0.614
0.003,0.034,0.154,0.522,0.545
0.002,0.027,0.162,0.453,0.550
0.002,0.019,0.166,0.409,0.601
0.001,0.017,0.152,0.301,0.522
0.001,0.018,0.159,0.217,0.555
0.001,0.017,0.157,0.114,0.583
0.001,0.019,0.149,0.042,0.492
0.027,0.023,0.158,0.016,0.508
0.070,0.022,0.152,0.016,0.322
0.066,0.015,0.145,0.016,0.504
0.040,0.012,0.155,0.014,0.741
0.021,0.018,0.149,0.010,0.664
0.010,0.016,0.143,0.005,0.582
0.006,0.019,0.150,0.002,0.556
0.004,0.016,0.143,0.000,0.538
0.003,0.014,0.141,0.000,0.528
0.003,0.017,0.143,0.000,0.515
0.156,0.016,0.131,0.000,0.505
0.735,0.014,0.136,0.000,0.500
0.779,0.017,0.143,0.000,0.491
0.549,0.017,0.136,0.000,0.480
0.359,0.014,0.139,0.000,0.477
0.233,0.015,0.139,0.000,0.472
0.168,0.015,0.133,0.000,0.461
0.137,0.014,0.138,0.000,0.458
0.109,0.020,0.134,0.000,0.455
0.092,0.020,0.135,0.000,0.445
0.078,0.020,0.141,0.000,0.441
0.068,0.027,0.136,0.000,0.439
0.063,0.022,0.221,0.000,0.432
0.064,0.016,0.288,0.000,0.425
0.062,0.020,0.359,0.000,0.423
0.050,0.021,0.324,0.000,0.419
0.038,0.018,0.296,0.000,0.409
0.029,0.024,0.289,0.000,0.407
0.022,0.016,0.297,0.000,0.404
0.018,0.015,0.304,0.000,0.394
0.015,0.016,0.278,0.000,0.390
0.013,0.018,0.290,0.000,0.386
0.010,0.017,0.315,0.000,0.378
0.006,0.016,0.292,0.000,0.369
0.011,0.019,0.280,0.000,0.354
0.016,0.021,0.283,0.000,0.289
0.015,0.019,0.271,0.000,0.235
0.013,0.016,0.284,0.000,0.242
0.008,0.017,0.290,0.000,0.257
0.005,0.021,0.267,0.000,0.240
0.003,0.022,0.277,0.000,0.226
0.002,0.022,0.309,0.000,0.219
0.002,0.016,0.280,0.000,0.213
0.001,0.019,0.304,0.000,0.208
0.006,0.023,0.345,0.000,0.204
0.027,0.022,0.303,0.000,0.201
0.038,0.029,0.320,0.000,0.197
0.035,0.024,0.304,0.000,0.194
0.024,0.019,0.291,0.000,0.190
0.016,0.021,0.324,0.000,0.187
0.010,0.018,0.322,0.000,0.184
0.007,0.017,0.346,0.000,0.181
0.005,0.022,0.366,0.000,0.178
0.003,0.023,0.375,0.000,0.175
0.001,0.022,0.360,0.001,0.173
0.004,0.021,0.314,0.372,0.179
0.018,0.020,0.218,0.797,0.152
0.022,0.019,0.181,0.734,0.187
0.017,0.024,0.147,0.650,0.224
0.009,0.020,0.119,0.570,0.570
0.005,0.016,0.106,0.509,0.782
0.003,0.020,0.101,0.461,0.786
0.002,0.023,0.099,0.372,0.724
0.002,0.070,0.097,0.279,0.668
0.001,0.065,0.098,0.186,0.652
0.001,0.039,0.097,0.084,0.642
0.004,0.028,0.152,0.026,0.626
0.012,0.024,0.175,0.010,0.612
0.020,0.022,0.173,0.006,0.602
0.022,0.064,0.144,0.003,0.593
0.016,0.068,0.116,0.001,0.587
0.009,0.031,0.096,0.000,0.582
0.005,0.028,0.089,0.000,0.578
0.003,0.033,0.088,0.000,0.574
0.002,0.029,0.087,0.000,0.570
0.001,0.026,0.086,0.000,0.566
0.001,0.020,0.085,0.000,0.563
0.003,0.024,0.090,0.000,0.561
0.024,0.027,0.136,0.000,0.560
0.031,0.024,0.135,0.000,0.559
0.021,0.020,0.103,0.000,0.558
0.011,0.019,0.076,0.000,0.557
0.006,0.022,0.065,0.000,0.556
0.004,0.024,0.062,0.000,0.554
0.003,0.030,0.061,0.000,0.553
0.002,0.031,0.060,0.000,0.552
0.002,0.027,0.060,0.000,0.551
0.002,0.021,0.062,0.000,0.550
0.298,0.019,0.076,0.000,0.547
0.792,0.045,0.300,0.000,0.545
0.692,0.045,0.381,0.000,0.546
0.401,0.030,0.378,0.000,0.511
0.197,0.023,0.376,0.000,0.502
0.081,0.028,0.368,0.000,0.512
0.034,0.033,0.320,0.000,0.460
0.018,0.030,0.348,0.000,0.416
0.011,0.032,0.349,0.000,0.399
0.007,0.037,0.325,0.000,0.381
0.006,0.033,0.320,0.000,0.366
0.006,0.084,0.317,0.000,0.358
0.005,0.061,0.333,0.000,0.348
0.004,0.033,0.308,0.000,0.340
0.004,0.024,0.306,0.000,0.339
0.003,0.026,0.321,0.000,0.279
0.003,0.029,0.319,0.000,0.282
0.003,0.029,0.306,0.000,0.178
0.003,0.030,0.295,0.000,0.084
0.002,0.024,0.312,0.000,0.042
0.002,0.025,0.297,0.000,0.024
0.002,0.026,0.289,0.000,0.015
0.002,0.021,0.275,0.000,0.010
0.013,0.021,0.301,0.000,0.007
0.030,0.020,0.298,0.000,0.013
0.023,0.018,0.256,0.000,0.038
0.013,0.021,0.281,0.000,0.037
0.007,0.021,0.274,0.000,0.036
0.004,0.021,0.280,0.000,0.036
0.002,0.020,0.247,0.000,0.031
0.002,0.025,0.259,0.000,0.027
0.001,0.022,0.271,0.000,0.026
0.001,0.023,0.257,0.000,0.025
0.001,0.021,0.240,0.000,0.027
0.015,0.019,0.248,0.000,0.022
0.037,0.019,0.262,0.000,0.020
0.037,0.016,0.247,0.000,0.017
0.022,0.018,0.239,0.000,0.017
0.013,0.018,0.240,0.000,0.018
0.008,0.020,0.247,0.000,0.016
0.005,0.022,0.238,0.000,0.018
0.003,0.020,0.218,0.000,0.017
0.002,0.018,0.242,0.000,0.019
0.001,0.018,0.243,0.000,0.021
0.001,0.020,0.220,0.000,0.016
0.015,0.018,0.228,0.000,0.042
0.106,0.015,0.226,0.000,0.342
0.144,0.015,0.244,0.000,0.327
0.087,0.020,0.211,0.000,0.204
0.039,0.019,0.212,0.000,0.122
0.017,0.015,0.224,0.000,0.069
0.009,0.010,0.224,0.000,0.039
0.005,0.012,0.205,0.000,0.022
0.003,0.022,0.206,0.000,0.019
0.003,0.019,0.224,0.000,0.023
0.004,0.018,0.215,0.008,0.027
0.130,0.018,0.205,0.502,0.021
0.258,0.014,0.197,0.844,0.086
0.201,0.013,0.221,0.713,0.166
0.156,0.014,0.217,0.640,0.503
0.142,0.014,0.183,0.567,0.812
0.112,0.012,0.207,0.503,0.817
0.087,0.013,0.199,0.458,0.742
0.063,0.012,0.206,0.360,0.691
0.046,0.012,0.188,0.272,0.661
0.038,0.014,0.191,0.175,0.654
0.035,0.013,0.216,0.077,0.652
0.037,0.014,0.196,0.023,0.649
0.061,0.017,0.191,0.015,0.644
0.057,0.015,0.193,0.015,0.641
0.030,0.011,0.208,0.015,0.636
0.015,0.011,0.187,0.012,0.632
0.010,0.011,0.189,0.008,0.628
0.006,0.015,0.191,0.003,0.622
0.003,0.016,0.202,0.001,0.617
0.002,0.018,0.196,0.000,0.613
0.002,0.016,0.174,0.000,0.608
0.002,0.014,0.201,0.000,0.603
0.018,0.013,0.193,0.352,0.598
0.137,0.099,0.184,0.847,0.592
0.232,0.331,0.181,0.771,0.586
0.217,0.287,0.187,0.656,0.579
0.160,0.164,0.196,0.576,0.572
0.117,0.103,0.178,0.515,0.565
0.087,0.068,0.172,0.459,0.557
0.068,0.058,0.188,0.382,0.549
0.052,0.059,0.188,0.284,0.540
0.043,0.054,0.171,0.195,0.531
0.036,0.046,0.177,0.092,0.522
0.036,0.040,0.184,0.031,0.505
0.043,0.037,0.178,0.016,0.391
0.053,0.069,0.172,0.015,0.359
0.050,0.223,0.162,0.016,0.503
0.042,0.231,0.186,0.013,0.564
0.033,0.174,0.180,0.009,0.534
0.025,0.151,0.160,0.004,0.522
0.019,0.133,0.175,0.001,0.511
0.016,0.119,0.178,0.000,0.503
0.013,0.108,0.173,0.000,0.497
0.010,0.094,0.164,0.000,0.491
0.301,0.079,0.166,0.000,0.477
0.801,0.080,0.182,0.000,0.373
0.694,0.077,0.170,0.000,0.325
0.402,0.074,0.155,0.000,0.239
0.198,0.081,0.167,0.000,0.126
0.083,0.080,0.176,0.000,0.072
0.036,0.083,0.163,0.000,0.049
0.018,0.081,0.158,0.000,0.033
0.011,0.072,0.163,0.000,0.024
0.008,0.071,0.167,0.000,0.020
0.006,0.068,0.164,0.000,0.014
0.005,0.071,0.143,0.000,0.011
0.005,0.071,0.165,0.000,0.008
0.004,0.066,0.158,0.000,0.006
0.004,0.099,0.151,0.000,0.004
0.003,0.177,0.148,0.000,0.004
0.003,0.160,0.154,0.000,0.003
0.003,0.116,0.161,0.000,0.002
0.003,0.096,0.145,0.000,0.002
0.002,0.080,0.141,0.000,0.002
0.002,0.074,0.151,0.000,0.002
0.002,0.067,0.158,0.000,0.002
0.002,0.062,0.137,0.000,0.003
0.005,0.061,0.145,0.000,0.009
0.016,0.055,0.152,0.000,0.010
0.017,0.052,0.144,0.000,0.013
0.013,0.045,0.141,0.000,0.019
0.009,0.045,0.130,0.000,0.015
0.006,0.046,0.153,0.000,0.010
0.004,0.044,0.146,0.000,0.009
0.003,0.046,0.132,0.000,0.011
0.001,0.049,0.139,0.000,0.008
0.001,0.045,0.144,0.000,0.007
0.001,0.047,0.140,0.013,0.007
0.012,0.119,0.126,0.178,0.009
0.031,0.237,0.133,0.201,0.240
0.042,0.222,0.139,0.096,0.277
0.035,0.169,0.140,0.032,0.161
0.022,0.127,0.121,0.010,0.089
0.015,0.103,0.133,0.003,0.048
0.010,0.092,0.138,0.001,0.025
0.006,0.084,0.125,0.000,0.018
0.004,0.070,0.122,0.000,0.016
0.002,0.059,0.123,0.000,0.015
0.001,0.048,0.132,0.018,0.015
0.005,0.049,0.127,0.514,0.055
0.017,0.048,0.113,0.796,0.174
0.018,0.040,0.124,0.676,0.270
0.012,0.035,0.126,0.624,0.694
0.008,0.041,0.117,0.557,0.916
0.005,0.048,0.114,0.499,0.784
0.003,0.046,0.119,0.451,0.728
0.002,0.052,0.123,0.344,0.754
0.002,0.047,0.114,0.262,0.750
0.001,0.039,0.109,0.162,0.653
0.001,0.037,0.117,0.069,0.604
0.007,0.039,0.123,0.020,0.658
0.018,0.202,0.109,0.015,0.700
0.023,0.347,0.111,0.016,0.644
0.021,0.240,0.118,0.015,0.575
0.013,0.151,0.113,0.011,0.598
0.007,0.116,0.111,0.007,0.651
0.004,0.096,0.103,0.003,0.633
0.003,0.082,0.115,0.001,0.556
0.002,0.073,0.113,0.000,0.548
0.001,0.074,0.099,0.000,0.601
0.001,0.068,0.107,0.000,0.615
0.006,0.071,0.110,0.000,0.547
0.026,0.063,0.111,0.000,0.515
0.026,0.062,0.096,0.000,0.555
0.018,0.054,0.102,0.000,0.588
0.010,0.048,0.104,0.000,0.547
0.006,0.041,0.105,0.000,0.496
0.004,0.041,0.092,0.000,0.513
0.003,0.045,0.097,0.000,0.553
0.002,0.044,0.108,0.000,0.541
0.002,0.042,0.094,0.000,0.481
0.003,0.041,0.095,0.000,0.477
0.452,0.038,0.092,0.000,0.518
0.812,0.042,0.158,0.000,0.529
0.627,0.096,0.461,0.000,0.387
0.350,0.225,0.563,0.000,0.410
0.163,0.219,0.539,0.000,0.686
0.068,0.186,0.487,0.000,0.751
0.030,0.152,0.477,0.000,0.659
0.016,0.130,0.488,0.000,0.603
0.010,0.105,0.473,0.000,0.571
0.007,0.089,0.490,0.000,0.551
0.006,0.084,0.495,0.000,0.525
0.005,0.082,0.445,0.000,0.514
0.005,0.082,0.459,0.000,0.502
0.004,0.083,0.476,0.000,0.445
0.004,0.079,0.432,0.000,0.339
0.003,0.064,0.434,0.000,0.221
0.003,0.065,0.442,0.000,0.095
0.003,0.054,0.412,0.000,0.036
0.003,0.042,0.423,0.000,0.024
0.002,0.037,0.428,0.000,0.021
0.002,0.036,0.406,0.000,0.015
0.002,0.038,0.418,0.000,0.012
0.002,0.037,0.411,0.179,0.012
0.007,0.044,0.395,0.740,0.010
0.016,0.176,0.424,0.766,0.009
0.013,0.244,0.412,0.641,0.008
0.009,0.201,0.381,0.592,0.007
0.006,0.154,0.394,0.521,0.006
0.003,0.136,0.396,0.452,0.006
0.002,0.119,0.381,0.409,0.005
0.001,0.106,0.382,0.299,0.005
0.001,0.098,0.368,0.216,0.004
0.000,0.088,0.364,0.112,0.005
0.000,0.088,0.369,0.041,0.007
0.001,0.091,0.349,0.016,0.018
0.001,0.075,0.352,0.016,0.020
0.002,0.066,0.359,0.016,0.019
0.002,0.062,0.334,0.014,0.018
0.001,0.058,0.344,0.010,0.017
0.001,0.056,0.366,0.005,0.017
0.001,0.053,0.340,0.001,0.016
0.001,0.057,0.329,0.000,0.016
0.001,0.048,0.335,0.000,0.017
0.001,0.041,0.320,0.000,0.017
0.001,0.043,0.330,0.000,0.019
0.010,0.047,0.326,0.000,0.017
0.037,0.062,0.298,0.000,0.100
0.039,0.081,0.313,0.000,0.335
0.031,0.074,0.314,0.000,0.265
0.021,0.064,0.287,0.000,0.126
0.014,0.053,0.303,0.000,0.063
0.010,0.053,0.299,0.000,0.039
0.006,0.050,0.271,0.000,0.024
0.004,0.044,0.288,0.000,0.017
0.003,0.045,0.299,0.000,0.016
0.003,0.043,0.281,0.043,0.016
0.012,0.039,0.280,0.584,0.077
0.031,0.036,0.274,0.790,0.208
0.024,0.042,0.270,0.652,0.581
0.014,0.048,0.280,0.610,0.772
0.007,0.035,0.261,0.544,0.820
0.004,0.030,0.253,0.493,0.837
0.002,0.030,0.265,0.440,0.729
0.002,0.040,0.252,0.327,0.634
0.001,0.039,0.244,0.252,0.644
0.001,0.038,0.257,0.149,0.709
0.001,0.032,0.240,0.060,0.706
0.007,0.034,0.231,0.018,0.623
0.014,0.091,0.240,0.016,0.602
0.022,0.184,0.236,0.016,0.660
0.020,0.164,0.241,0.015,0.688
0.013,0.124,0.235,0.011,0.622
0.007,0.095,0.215,0.007,0.577
0.004,0.071,0.232,0.002,0.615
0.002,0.054,0.239,0.000,0.660
0.002,0.046,0.211,0.000,0.629
0.001,0.044,0.219,0.000,0.568
0.001,0.038,0.225,0.005,0.574
0.002,0.038,0.207,0.452,0.623
0.008,0.035,0.214,0.809,0.625
0.011,0.031,0.221,0.707,0.560
0.009,0.029,0.204,0.643,0.543
0.005,0.026,0.206,0.566,0.588
0.003,0.027,0.206,0.501,0.612
0.002,0.025,0.205,0.456,0.561
0.002,0.027,0.217,0.357,0.527
0.001,0.028,0.202,0.270,0.553
0.001,0.028,0.192,0.173,0.589
0.001,0.027,0.210,0.075,0.566
0.008,0.027,0.206,0.023,0.518
0.051,0.030,0.193,0.015,0.508
0.073,0.073,0.201,0.015,0.463
0.054,0.094,0.193,0.015,0.804
0.030,0.074,0.191,0.012,0.859
0.015,0.060,0.195,0.008,0.696
0.008,0.052,0.190,0.003,0.621
0.005,0.044,0.189,0.001,0.658
0.003,0.043,0.187,0.000,0.680
0.003,0.041,0.175,0.000,0.612
0.004,0.042,0.188,0.000,0.538
0.455,0.038,0.195,0.000,0.567
0.825,0.036,0.172,0.000,0.595
0.679,0.034,0.177,0.000,0.369
0.456,0.040,0.187,0.000,0.199
0.290,0.040,0.175,0.000,0.143
0.194,0.035,0.176,0.000,0.115
0.149,0.030,0.179,0.000,0.091
0.124,0.032,0.165,0.000,0.081
0.100,0.035,0.172,0.000,0.066
0.086,0.036,0.173,0.000,0.051
0.073,0.033,0.166,0.000,0.045
0.065,0.033,0.172,0.000,0.040
0.062,0.103,0.163,0.000,0.037
0.064,0.156,0.154,0.000,0.046
0.056,0.126,0.170,0.000,0.049
0.044,0.099,0.167,0.000,0.034
0.034,0.092,0.153,0.000,0.042
0.025,0.084,0.159,0.000,0.045
0.019,0.077,0.158,0.000,0.040
0.016,0.066,0.157,0.000,0.034
0.014,0.061,0.160,0.000,0.025
0.011,0.063,0.152,0.000,0.024
0.008,0.056,0.148,0.000,0.030
0.007,0.050,0.153,0.000,0.024
0.014,0.046,0.146,0.000,0.018
0.016,0.046,0.150,0.000,0.019
0.014,0.046,0.153,0.000,0.021
0.010,0.065,0.135,0.000,0.018
0.006,0.049,0.142,0.000,0.016
0.004,0.036,0.152,0.000,0.018
0.002,0.032,0.141,0.000,0.017
0.002,0.030,0.140,0.000,0.019
0.002,0.032,0.142,0.000,0.020
0.001,0.048,0.134,0.000,0.016
0.015,0.101,0.141,0.000,0.146
0.032,0.160,0.143,0.000,0.379
0.041,0.156,0.132,0.000,0.296
0.030,0.118,0.135,0.000,0.183
0.019,0.089,0.134,0.000,0.110
0.013,0.089,0.129,0.000,0.057
0.009,0.086,0.138,0.000,0.032
0.006,0.080,0.135,0.000,0.019
0.004,0.082,0.123,0.000,0.020
0.002,0.081,0.133,0.000,0.026
0.001,0.078,0.134,0.102,0.027
0.010,0.073,0.129,0.714,0.035
0.022,0.073,0.132,0.799,0.105
0.020,0.070,0.128,0.636,0.315
0.013,0.057,0.125,0.597,0.616
0.007,0.051,0.131,0.528,0.677
0.004,0.058,0.128,0.481,0.631
0.003,0.054,0.128,0.432,0.596
0.002,0.053,0.129,0.314,0.570
0.001,0.055,0.119,0.239,0.560
0.001,0.059,0.124,0.136,0.560
0.001,0.053,0.132,0.053,0.557
0.009,0.051,0.120,0.015,0.554
0.015,0.051,0.118,0.008,0.551
0.023,0.052,0.125,0.005,0.547
0.020,0.050,0.120,0.002,0.542
0.012,0.042,0.123,0.001,0.538
0.007,0.039,0.125,0.000,0.533
0.004,0.049,0.117,0.000,0.527
0.002,0.039,0.121,0.000,0.521
0.002,0.039,0.122,0.000,0.515
0.001,0.036,0.118,0.000,0.508
0.001,0.033,0.123,0.000,0.501
0.012,0.031,0.120,0.000,0.494
0.031,0.033,0.110,0.000,0.486
0.028,0.034,0.121,0.000,0.477
0.016,0.038,0.123,0.000,0.469
0.008,0.039,0.113,0.000,0.460
0.005,0.032,0.116,0.000,0.451
0.004,0.035,0.116,0.000,0.443
0.003,0.035,0.114,0.000,0.435
0.002,0.035,0.118,0.000,0.428
0.002,0.034,0.116,0.000,0.422
0.028,0.035,0.113,0.000,0.417
0.599,0.030,0.121,0.000,0.413
0.792,0.034,0.288,0.000,0.396
0.552,0.027,0.489,0.000,0.344
0.295,0.024,0.534,0.000,0.281
0.130,0.029,0.529,0.000,0.345
0.054,0.032,0.461,0.000,0.358
0.024,0.031,0.471,0.000,0.334
0.014,0.028,0.459,0.000,0.315
0.009,0.031,0.454,0.000,0.301
0.007,0.028,0.421,0.000,0.290
0.006,0.029,0.445,0.000,0.284
0.005,0.027,0.451,0.000,0.277
0.005,0.022,0.409,0.000,0.271
0.004,0.028,0.424,0.000,0.266
0.004,0.025,0.404,0.000,0.247
0.003,0.029,0.423,0.000,0.163
0.003,0.032,0.397,0.000,0.084
0.003,0.028,0.381,0.000,0.034
0.003,0.029,0.411,0.000,0.013
0.002,0.028,0.393,0.000,0.005
0.002,0.025,0.371,0.000,0.004
0.002,0.022,0.375,0.000,0.003
0.003,0.023,0.387,0.365,0.003
0.024,0.023,0.383,0.857,0.002
0.027,0.025,0.355,0.759,0.002
0.019,0.023,0.351,0.652,0.002
0.010,0.023,0.370,0.572,0.002
0.005,0.023,0.359,0.513,0.002
0.003,0.024,0.323,0.457,0.001
0.002,0.023,0.347,0.380,0.002
0.001,0.025,0.351,0.281,0.002
0.001,0.028,0.336,0.193,0.002
0.001,0.031,0.330,0.090,0.001
0.003,0.025,0.319,0.030,0.007
0.026,0.023,0.342,0.011,0.013
0.041,0.027,0.319,0.007,0.188
0.029,0.027,0.299,0.003,0.311
0.017,0.023,0.321,0.001,0.211
0.011,0.022,0.322,0.000,0.117
0.006,0.021,0.309,0.000,0.060
0.004,0.023,0.304,0.000,0.032
0.002,0.025,0.303,0.000,0.018
0.002,0.027,0.312,0.000,0.015
0.001,0.025,0.293,0.000,0.019
0.002,0.024,0.285,0.000,0.022
0.051,0.022,0.300,0.000,0.021
0.144,0.024,0.306,0.000,0.093
0.120,0.021,0.266,0.000,0.255
0.060,0.025,0.287,0.000,0.223
0.026,0.027,0.278,0.000,0.143
0.012,0.021,0.290,0.000,0.089
0.006,0.019,0.267,0.000,0.069
0.004,0.020,0.259,0.000,0.042
0.003,0.015,0.288,0.000,0.023
0.003,0.016,0.267,0.000,0.020
0.033,0.018,0.250,0.157,0.020
0.221,0.020,0.252,0.775,0.012
0.235,0.021,0.271,0.791,0.003
0.171,0.020,0.249,0.636,0.001
0.149,0.019,0.246,0.596,0.001
0.128,0.016,0.235,0.518,0.001
0.099,0.017,0.260,0.465,0.001
0.076,0.020,0.250,0.423,0.001
0.053,0.020,0.217,0.304,0.001
0.041,0.019,0.248,0.227,0.001
0.036,0.022,0.240,0.123,0.001
0.034,0.028,0.232,0.046,0.001
0.049,0.022,0.226,0.016,0.001
0.064,0.017,0.226,0.016,0.001
0.045,0.018,0.244,0.016,0.001
0.021,0.016,0.221,0.014,0.001
0.012,0.021,0.213,0.010,0.000
0.007,0.021,0.226,0.005,0.000
0.004,0.020,0.236,0.002,0.001
0.003,0.019,0.204,0.000,0.001
0.002,0.018,0.217,0.000,0.001
0.002,0.019,0.220,0.000,0.001
0.002,0.021,0.218,0.058,0.000
0.064,0.018,0.208,0.659,0.007
0.196,0.016,0.186,0.821,0.044
0.239,0.017,0.220,0.653,0.120
0.192,0.019,0.208,0.611,0.522
0.138,0.017,0.193,0.542,0.716
0.101,0.015,0.196,0.492,0.595
0.078,0.021,0.206,0.439,0.502
0.059,0.023,0.199,0.325,0.454
0.047,0.026,0.180,0.251,0.426
0.038,0.023,0.180,0.148,0.405
0.034,0.018,0.197,0.059,0.387
0.039,0.015,0.194,0.018,0.373
0.048,0.015,0.168,0.016,0.329
0.053,0.018,0.185,0.016,0.259
0.046,0.017,0.197,0.015,0.304
0.038,0.018,0.178,0.011,0.223
0.029,0.019,0.172,0.007,0.138
0.021,0.021,0.173,0.002,0.112
0.017,0.024,0.186,0.000,0.106
0.014,0.021,0.182,0.000,0.097
0.012,0.016,0.154,0.000,0.089
0.032,0.016,0.181,0.000,0.086
0.601,0.017,0.178,0.000,0.082
0.770,0.018,0.168,0.000,0.059
0.508,0.024,0.160,0.000,0.076
0.268,0.024,0.169,0.000,0.101
0.117,0.019,0.180,0.000,0.071
0.049,0.021,0.161,0.000,0.060
0.023,0.018,0.154,0.000,0.050
0.013,0.020,0.160,0.000,0.047
0.008,0.022,0.171,0.000,0.054
0.006,0.022,0.148,0.000,0.051
0.005,0.018,0.152,0.000,0.045
0.004,0.015,0.164,0.000,0.042
0.003,0.013,0.155,0.000,0.042
0.003,0.016,0.157,0.000,0.041
0.003,0.015,0.138,0.000,0.039
0.002,0.021,0.161,0.000,0.038
0.002,0.024,0.151,0.000,0.039
0.002,0.023,0.138,0.000,0.036
0.002,0.017,0.143,0.000,0.034
0.002,0.017,0.149,0.000,0.033
0.002,0.020,0.152,0.000,0.033
0.001,0.020,0.130,0.000,0.031
0.001,0.017,0.145,0.000,0.028
0.001,0.013,0.141,0.000,0.029
0.001,0.012,0.150,0.000,0.028
0.001,0.015,0.126,0.000,0.041
0.001,0.014,0.138,0.000,0.075
0.001,0.014,0.147,0.000,0.122
0.001,0.031,0.131,0.000,0.120
0.001,0.031,0.131,0.000,0.094
0.001,0.024,0.132,0.000,0.078
0.001,0.021,0.143,0.000,0.082
0.000,0.023,0.136,0.000,0.092
0.002,0.022,0.124,0.000,0.093
0.022,0.020,0.135,0.000,0.229
0.036,0.046,0.136,0.000,0.362
0.041,0.038,0.129,0.000,0.314
0.028,0.024,0.120,0.000,0.207
0.018,0.015,0.132,0.000,0.155
0.012,0.014,0.130,0.000,0.117
0.008,0.016,0.125,0.000,0.085
0.005,0.015,0.119,0.000,0.075
0.003,0.011,0.125,0.000,0.075
0.002,0.015,0.130,0.000,0.080
0.002,0.018,0.113,0.185,0.076
0.010,0.020,0.114,0.755,0.060
0.020,0.015,0.126,0.760,0.078
0.015,0.014,0.120,0.638,0.098
0.010,0.013,0.113,0.591,0.442
0.007,0.012,0.111,0.518,0.771
0.004,0.016,0.120,0.451,0.716
0.003,0.017,0.123,0.408,0.616
0.002,0.015,0.108,0.295,0.563
0.001,0.019,0.115,0.214,0.541
0.001,0.017,0.121,0.109,0.526
0.002,0.018,0.121,0.040,0.515
0.013,0.023,0.104,0.016,0.474
0.020,0.023,0.114,0.016,0.380
0.023,0.017,0.117,0.016,0.284
0.018,0.014,0.117,0.014,0.196
0.010,0.017,0.106,0.010,0.143
0.005,0.016,0.109,0.005,0.129
0.003,0.020,0.125,0.001,0.125
0.002,0.015,0.108,0.000,0.127
0.001,0.013,0.106,0.000,0.128
0.001,0.017,0.106,0.000,0.128
0.001,0.016,0.113,0.000,0.128
0.001,0.013,0.109,0.000,0.133
0.000,0.014,0.101,0.000,0.134
0.000,0.014,0.107,0.000,0.223
0.000,0.013,0.111,0.000,0.228
0.000,0.015,0.108,0.000,0.182
0.000,0.014,0.092,0.000,0.146
0.000,0.012,0.109,0.000,0.134
0.000,0.015,0.104,0.000,0.133
0.000,0.017,0.102,0.000,0.120
0.000,0.014,0.098,0.000,0.122
0.108,0.013,0.100,0.000,0.124
0.723,0.015,0.110,0.000,0.115
0.757,0.013,0.101,0.000,0.124
0.481,0.013,0.267,0.000,0.148
0.250,0.014,0.469,0.000,0.447
0.107,0.011,0.497,0.000,0.716
0.045,0.011,0.482,0.000,0.609
0.022,0.010,0.426,0.000,0.508
0.013,0.012,0.400,0.000,0.459
0.008,0.014,0.427,0.000,0.440
0.006,0.018,0.429,0.000,0.432
0.005,0.018,0.384,0.000,0.420
0.005,0.014,0.399,0.000,0.408
0.004,0.015,0.400,0.000,0.398
0.004,0.016,0.375,0.000,0.385
0.004,0.014,0.385,0.000,0.372
0.003,0.013,0.376,0.000,0.361
0.003,0.011,0.357,0.000,0.354
0.003,0.013,0.362,0.000,0.347
0.003,0.014,0.351,0.000,0.338
0.002,0.013,0.349,0.000,0.327
0.002,0.008,0.357,0.000,0.314
0.002,0.010,0.329,0.005,0.303
0.003,0.014,0.329,0.468,0.295
0.013,0.016,0.346,0.813,0.288
0.018,0.034,0.321,0.698,0.280
0.014,0.020,0.307,0.641,0.271
0.010,0.013,0.317,0.563,0.260
0.007,0.012,0.301,0.500,0.249
0.005,0.010,0.302,0.456,0.241
0.003,0.010,0.305,0.355,0.235
0.002,0.011,0.284,0.268,0.239
0.001,0.014,0.291,0.170,0.194
0.001,0.015,0.284,0.073,0.113
0.008,0.013,0.260,0.022,0.062
0.036,0.013,0.282,0.016,0.048
0.041,0.019,0.278,0.015,0.166
0.026,0.024,0.244,0.015,0.403
0.015,0.017,0.263,0.012,0.697
0.009,0.012,0.271,0.008,0.863
0.005,0.014,0.247,0.003,0.788
0.003,0.015,0.251,0.001,0.636
0.002,0.015,0.246,0.000,0.597
0.001,0.015,0.235,0.000,0.657
0.001,0.017,0.247,0.000,0.682
0.002,0.014,0.239,0.000,0.601
0.024,0.013,0.231,0.000,0.562
0.041,0.013,0.241,0.000,0.752
0.035,0.018,0.222,0.000,0.707
0.025,0.016,0.221,0.000,0.599
0.018,0.015,0.239,0.000,0.522
0.012,0.021,0.223,0.000,0.559
0.008,0.019,0.212,0.000,0.610
0.005,0.018,0.227,0.000,0.582
0.004,0.018,0.219,0.000,0.516
0.003,0.013,0.221,0.000,0.511
0.005,0.016,0.221,0.250,0.560
0.024,0.018,0.203,0.792,0.573
0.028,0.015,0.213,0.757,0.469
0.019,0.013,0.217,0.649,0.389
0.010,0.013,0.198,0.583,0.600
0.005,0.013,0.210,0.517,0.664
0.003,0.015,0.211,0.450,0.798
0.002,0.019,0.184,0.392,0.780
0.001,0.020,0.202,0.287,0.603
0.001,0.019,0.212,0.203,0.694
0.001,0.018,0.189,0.098,0.661
0.002,0.023,0.193,0.034,0.565
0.011,0.023,0.199,0.015,0.682
0.018,0.021,0.191,0.016,0.612
0.022,0.019,0.202,0.016,0.567
0.017,0.016,0.195,0.013,0.668
0.009,0.019,0.184,0.009,0.571
0.006,0.023,0.196,0.004,0.577
0.003,0.021,0.187,0.001,0.650
0.002,0.018,0.181,0.000,0.539
0.001,0.022,0.195,0.000,0.582
0.001,0.019,0.180,0.000,0.622
0.001,0.020,0.172,0.129,0.512
0.005,0.020,0.187,0.717,0.585
0.010,0.017,0.182,0.769,0.593
0.011,0.013,0.178,0.635,0.499
0.007,0.015,0.178,0.597,0.587
0.004,0.019,0.171,0.517,0.562
0.002,0.019,0.178,0.465,0.497
0.002,0.017,0.183,0.422,0.582
0.001,0.015,0.165,0.302,0.532
0.001,0.016,0.171,0.226,0.501
0.001,0.018,0.177,0.121,0.574
0.001,0.016,0.157,0.045,0.504
0.024,0.015,0.168,0.016,0.505
0.070,0.015,0.174,0.016,0.442
0.067,0.014,0.153,0.016,0.334
0.042,0.019,0.157,0.014,0.518
0.021,0.016,0.165,0.010,0.586
0.011,0.017,0.156,0.005,0.507
0.006,0.014,0.162,0.002,0.478
0.004,0.019,0.155,0.000,0.452
0.003,0.038,0.148,0.000,0.437
0.003,0.027,0.162,0.000,0.429
0.109,0.017,0.156,0.044,0.422
0.731,0.015,0.146,0.604,0.415
0.783,0.012,0.156,0.792,0.406
0.561,0.011,0.151,0.647,0.401
0.369,0.011,0.141,0.612,0.396
0.239,0.012,0.153,0.541,0.385
0.171,0.013,0.149,0.491,0.380
0.138,0.015,0.141,0.438,0.377
0.110,0.013,0.144,0.323,0.368
0.093,0.012,0.142,0.250,0.361
0.079,0.012,0.145,0.146,0.357
0.068,0.013,0.147,0.058,0.351
0.063,0.014,0.132,0.015,0.342
0.064,0.011,0.137,0.003,0.337
0.062,0.012,0.146,0.001,0.332
0.050,0.015,0.131,0.000,0.321
0.039,0.015,0.136,0.000,0.316
0.030,0.015,0.142,0.000,0.311
0.022,0.012,0.127,0.000,0.302
0.018,0.012,0.133,0.000,0.295
0.015,0.017,0.140,0.000,0.290
0.013,0.015,0.128,0.000,0.284
0.010,0.014,0.132,0.000,0.275
0.006,0.017,0.129,0.000,0.271
0.011,0.014,0.153,0.000,0.265
0.016,0.013,0.385,0.000,0.256
0.015,0.015,0.569,0.000,0.252
0.013,0.013,0.527,0.000,0.248
0.008,0.013,0.488,0.000,0.240
0.005,0.015,0.437,0.000,0.235
0.003,0.014,0.411,0.000,0.231
0.002,0.014,0.411,0.000,0.226
0.002,0.015,0.380,0.000,0.218
0.001,0.015,0.383,0.000,0.216
0.004,0.014,0.383,0.000,0.211
0.026,0.013,0.358,0.000,0.204
0.037,0.013,0.377,0.000,0.201
0.036,0.013,0.349,0.000,0.197
0.024,0.015,0.359,0.000,0.191
0.016,0.015,0.353,0.000,0.187
0.011,0.011,0.339,0.000,0.184
0.007,0.010,0.345,0.000,0.179
0.005,0.017,0.333,0.000,0.174
0.003,0.031,0.329,0.000,0.172
0.001,0.021,0.320,0.000,0.168
0.044,0.016,0.318,0.324,0.164
0.098,0.069,0.324,0.813,0.162
0.082,0.177,0.352,0.741,0.154
0.052,0.138,0.347,0.651,0.196
0.029,0.093,0.362,0.569,0.316
0.018,0.084,0.366,0.511,0.710
0.010,0.079,0.342,0.455,0.806
0.007,0.068,0.358,0.377,0.769
0.006,0.064,0.393,0.278,0.722
0.005,0.064,0.393,0.191,0.681
0.004,0.067,0.366,0.087,0.665
0.005,0.101,0.410,0.028,0.661
0.021,0.178,0.390,0.011,0.655
0.021,0.186,0.408,0.007,0.647
0.009,0.158,0.420,0.003,0.640
0.003,0.119,0.437,0.001,0.632
0.002,0.110,0.448,0.000,0.623
0.002,0.108,0.454,0.000,0.613
0.002,0.105,0.459,0.000,0.604
0.001,0.093,0.423,0.000,0.593
0.002,0.093,0.449,0.000,0.582
0.002,0.096,0.446,0.000,0.571
0.011,0.292,0.442,0.000,0.561
0.026,0.459,0.434,0.000,0.550
0.022,0.436,0.414,0.000,0.539
0.013,0.381,0.418,0.000,0.530
0.006,0.359,0.414,0.000,0.523
0.004,0.351,0.396,0.000,0.516
0.002,0.333,0.409,0.000,0.511
0.002,0.324,0.390,0.000,0.506
0.001,0.314,0.378,0.000,0.502
0.001,0.299,0.382,0.000,0.498
0.001,0.296,0.354,0.000,0.494
0.001,0.290,0.374,0.000,0.490
0.042,0.361,0.445,0.000,0.486
0.066,0.788,0.507,0.000,0.492
0.033,0.763,0.504,0.000,0.515
0.014,0.628,0.537,0.000,0.558
0.010,0.592,0.533,0.000,0.513
0.008,0.567,0.458,0.000,0.422
0.006,0.548,0.475,0.000,0.375
0.004,0.523,0.499,0.000,0.366
0.003,0.502,0.510,0.000,0.352
0.004,0.476,0.523,0.000,0.348
0.007,0.458,0.432,0.000,0.336
0.024,0.447,0.402,0.000,0.324
0.023,0.439,0.360,0.000,0.318
0.015,0.425,0.336,0.000,0.248
0.007,0.410,0.348,0.000,0.150
0.004,0.395,0.375,0.000,0.068
0.002,0.386,0.372,0.000,0.024
0.001,0.371,0.352,0.000,0.010
0.001,0.360,0.399,0.000,0.005
0.001,0.349,0.436,0.000,0.004
0.000,0.346,0.487,0.000,0.003
0.000,0.336,0.478,0.000,0.003
0.011,0.341,0.492,0.000,0.003
0.023,0.519,0.462,0.000,0.008
0.012,0.571,0.411,0.000,0.037
0.003,0.487,0.341,0.000,0.035
0.000,0.419,0.296,0.000,0.034
0.000,0.376,0.294,0.000,0.036
0.000,0.359,0.319,0.000,0.030
0.000,0.338,0.293,0.000,0.027
0.000,0.320,0.292,0.000,0.026
0.000,0.319,0.262,0.000,0.025
0.004,0.303,0.289,0.000,0.027
0.077,0.289,0.292,0.000,0.022
0.098,0.294,0.291,0.000,0.020
0.075,0.377,0.309,0.000,0.017
0.047,0.382,0.331,0.000,0.017
0.028,0.360,0.342,0.000,0.019
0.015,0.356,0.375,0.000,0.016
0.008,0.307,0.362,0.000,0.017
0.006,0.285,0.354,0.000,0.016
0.005,0.273,0.325,0.000,0.018
0.004,0.265,0.326,0.000,0.021
0.004,0.260,0.354,0.000,0.016
0.010,0.242,0.326,0.000,0.024
0.024,0.277,0.298,0.000,0.341
0.016,0.591,0.294,0.000,0.330
0.005,0.561,0.306,0.000,0.207
0.002,0.451,0.276,0.000,0.126
0.002,0.370,0.284,0.000,0.074
0.001,0.348,0.249,0.000,0.040
0.001,0.330,0.283,0.000,0.022
0.001,0.322,0.255,0.000,0.018
0.001,0.310,0.259,0.000,0.022
0.002,0.309,0.272,0.001,0.028
0.017,0.311,0.271,0.460,0.022
0.025,0.301,0.235,0.867,0.006
0.019,0.273,0.255,0.727,0.007
0.010,0.261,0.252,0.649,0.110
0.005,0.254,0.256,0.564,0.217
0.003,0.251,0.239,0.507,0.650
0.002,0.249,0.233,0.458,0.812
0.001,0.242,0.265,0.366,0.775
0.001,0.243,0.236,0.274,0.708
0.001,0.247,0.219,0.180,0.659
0.001,0.252,0.210,0.078,0.643
0.002,0.250,0.222,0.024,0.635
0.011,0.246,0.226,0.015,0.625
0.009,0.298,0.202,0.015,0.616
0.003,0.386,0.190,0.015,0.606
0.001,0.344,0.198,0.012,0.595
0.000,0.287,0.201,0.008,0.584
0.000,0.272,0.182,0.003,0.573
0.000,0.253,0.165,0.001,0.561
0.000,0.241,0.179,0.000,0.550
0.000,0.235,0.169,0.000,0.538
0.000,0.232,0.168,0.000,0.528
0.006,0.222,0.153,0.302,0.520
0.014,0.218,0.175,0.864,0.512
0.016,0.200,0.162,0.768,0.505
0.010,0.231,0.175,0.649,0.499
0.005,0.228,0.183,0.583,0.494
0.003,0.212,0.185,0.516,0.489
0.002,0.181,0.176,0.449,0.485
0.001,0.179,0.169,0.391,0.481
0.001,0.194,0.198,0.286,0.477
0.001,0.187,0.172,0.202,0.474
0.000,0.188,0.181,0.096,0.471
0.001,0.182,0.166,0.033,0.469
0.009,0.177,0.195,0.015,0.467
0.010,0.360,0.183,0.016,0.466
0.004,0.684,0.169,0.016,0.469
0.001,0.551,0.182,0.013,0.669
0.000,0.404,0.183,0.009,0.647
0.000,0.393,0.193,0.004,0.549
0.000,0.364,0.165,0.001,0.499
0.000,0.338,0.171,0.000,0.478
0.000,0.328,0.171,0.000,0.457
0.000,0.307,0.172,0.000,0.448
0.028,0.297,0.155,0.000,0.435
0.119,0.282,0.159,0.000,0.428
0.096,0.274,0.158,0.000,0.397
0.065,0.265,0.143,0.000,0.297
0.041,0.256,0.133,0.000,0.209
0.025,0.246,0.137,0.000,0.103
0.014,0.244,0.140,0.000,0.040
0.009,0.230,0.138,0.000,0.016
0.007,0.223,0.117,0.000,0.010
0.005,0.225,0.135,0.000,0.008
0.004,0.214,0.138,0.000,0.005
0.004,0.207,0.137,0.000,0.005
0.016,0.212,0.126,0.000,0.004
0.024,0.290,0.132,0.000,0.003
0.011,0.281,0.141,0.000,0.003
0.003,0.254,0.126,0.000,0.003
0.001,0.219,0.117,0.000,0.003
0.001,0.209,0.126,0.000,0.003
0.001,0.190,0.135,0.000,0.002
0.001,0.181,0.135,0.000,0.002
0.001,0.176,0.119,0.000,0.002
0.001,0.171,0.141,0.000,0.002
0.003,0.169,0.132,0.000,0.003
0.021,0.168,0.124,0.000,0.009
0.022,0.185,0.116,0.000,0.010
0.016,0.262,0.119,0.000,0.013
0.007,0.259,0.137,0.000,0.019
0.003,0.226,0.110,0.000,0.015
0.002,0.208,0.117,0.000,0.009
0.001,0.194,0.132,0.000,0.009
0.001,0.188,0.153,0.000,0.011
0.001,0.179,0.125,0.000,0.007
0.000,0.163,0.119,0.000,0.007
0.000,0.154,0.126,0.006,0.007
0.035,0.153,0.124,0.170,0.008
0.083,0.206,0.128,0.211,0.223
0.052,0.493,0.117,0.101,0.293
0.029,0.467,0.137,0.034,0.174
0.018,0.357,0.112,0.010,0.093
0.010,0.311,0.104,0.003,0.048
0.006,0.273,0.122,0.001,0.026
0.003,0.251,0.126,0.000,0.017
0.001,0.247,0.127,0.000,0.016
0.001,0.240,0.174,0.000,0.015
0.002,0.234,0.204,0.005,0.015
0.076,0.222,0.184,0.479,0.013
0.111,0.260,0.259,0.816,0.064
0.083,0.323,0.328,0.691,0.153
0.052,0.280,0.256,0.639,0.342
0.032,0.226,0.214,0.560,0.748
0.017,0.233,0.405,0.499,0.923
0.010,0.219,0.486,0.454,0.797
0.007,0.232,0.425,0.352,0.670
0.006,0.232,0.381,0.267,0.685
0.005,0.236,0.369,0.168,0.739
0.004,0.223,0.434,0.071,0.697
0.008,0.253,0.479,0.021,0.604
0.025,0.352,0.476,0.016,0.611
0.018,0.451,0.444,0.015,0.678
0.007,0.393,0.396,0.015,0.682
0.003,0.355,0.379,0.012,0.594
0.002,0.327,0.368,0.007,0.566
0.002,0.306,0.371,0.003,0.624
0.002,0.308,0.382,0.001,0.658
0.002,0.278,0.394,0.000,0.600
0.002,0.263,0.406,0.000,0.543
0.002,0.247,0.388,0.000,0.575
0.015,0.380,0.388,0.000,0.626
0.025,0.419,0.371,0.000,0.604
0.020,0.418,0.383,0.000,0.532
0.011,0.357,0.366,0.000,0.534
0.005,0.288,0.365,0.000,0.587
0.003,0.249,0.370,0.000,0.597
0.002,0.252,0.369,0.000,0.526
0.002,0.235,0.366,0.000,0.503
0.001,0.229,0.357,0.000,0.548
0.001,0.219,0.350,0.000,0.578
0.001,0.229,0.352,0.000,0.534
0.002,0.217,0.325,0.000,0.488
0.020,0.286,0.387,0.000,0.518
0.020,0.595,0.660,0.000,0.581
0.007,0.599,0.674,0.000,0.692
0.002,0.491,0.659,0.000,0.722
0.001,0.463,0.630,0.000,0.623
0.000,0.438,0.581,0.000,0.573
0.000,0.418,0.578,0.000,0.530
0.000,0.411,0.545,0.000,0.497
0.000,0.393,0.524,0.000,0.494
0.000,0.400,0.493,0.000,0.467
0.010,0.378,0.479,0.000,0.469
0.025,0.387,0.470,0.000,0.444
0.021,0.359,0.482,0.000,0.308
0.012,0.357,0.526,0.000,0.205
0.005,0.340,0.490,0.000,0.131
0.003,0.358,0.472,0.000,0.076
0.002,0.327,0.495,0.000,0.040
0.001,0.329,0.467,0.000,0.030
0.001,0.302,0.460,0.000,0.021
0.001,0.311,0.471,0.000,0.012
0.000,0.295,0.467,0.000,0.010
0.000,0.296,0.499,0.134,0.011
0.016,0.327,0.490,0.734,0.009
0.022,0.504,0.502,0.761,0.007
0.009,0.428,0.500,0.630,0.007
0.002,0.361,0.439,0.595,0.006
0.000,0.333,0.437,0.514,0.005
0.000,0.336,0.413,0.464,0.005
0.000,0.342,0.432,0.421,0.004
0.000,0.331,0.421,0.299,0.004
0.000,0.346,0.386,0.225,0.004
0.000,0.323,0.407,0.118,0.004
0.012,0.323,0.404,0.044,0.005
0.067,0.310,0.378,0.015,0.015
0.069,0.341,0.396,0.016,0.018
0.055,0.418,0.361,0.016,0.018
0.035,0.415,0.375,0.014,0.019
0.018,0.357,0.378,0.010,0.018
0.008,0.339,0.384,0.005,0.017
0.005,0.321,0.412,0.001,0.016
0.003,0.318,0.383,0.000,0.016
0.002,0.309,0.397,0.000,0.017
0.001,0.297,0.392,0.000,0.017
0.001,0.282,0.381,0.000,0.019
0.012,0.283,0.395,0.000,0.017
0.023,0.303,0.371,0.000,0.072
0.012,0.482,0.368,0.000,0.346
0.003,0.513,0.378,0.000,0.260
0.000,0.480,0.351,0.000,0.127
0.000,0.433,0.359,0.000,0.066
0.000,0.407,0.354,0.000,0.041
0.000,0.381,0.317,0.000,0.025
0.000,0.361,0.323,0.000,0.016
0.000,0.358,0.314,0.000,0.016
0.002,0.352,0.330,0.020,0.016
0.020,0.356,0.311,0.557,0.047
0.023,0.340,0.319,0.809,0.142
0.016,0.309,0.318,0.666,0.308
0.007,0.289,0.293,0.627,0.748
0.003,0.291,0.297,0.552,0.893
0.002,0.288,0.285,0.496,0.764
0.001,0.289,0.267,0.447,0.668
0.001,0.291,0.273,0.336,0.684
0.000,0.285,0.264,0.258,0.710
0.000,0.288,0.265,0.155,0.641
0.000,0.284,0.274,0.063,0.565
0.007,0.285,0.265,0.018,0.588
0.023,0.326,0.309,0.016,0.634
0.014,0.359,0.291,0.015,0.605
0.004,0.402,0.265,0.015,0.525
0.001,0.432,0.296,0.011,0.518
0.000,0.390,0.303,0.007,0.565
0.000,0.355,0.310,0.002,0.569
0.000,0.349,0.307,0.000,0.500
0.000,0.332,0.283,0.000,0.469
0.000,0.308,0.263,0.000,0.506
0.000,0.295,0.281,0.001,0.528
0.016,0.283,0.282,0.409,0.484
0.023,0.281,0.256,0.830,0.435
0.018,0.264,0.251,0.721,0.454
0.009,0.280,0.256,0.652,0.485
0.004,0.275,0.274,0.564,0.468
0.002,0.250,0.350,0.505,0.411
0.001,0.234,0.482,0.457,0.410
0.001,0.231,0.628,0.364,0.446
0.001,0.231,0.577,0.272,0.448
0.000,0.233,0.512,0.178,0.398
0.000,0.236,0.498,0.076,0.380
0.003,0.233,0.512,0.024,0.406
0.021,0.228,0.500,0.015,0.353
0.017,0.341,0.495,0.015,0.302
0.005,0.463,0.481,0.015,0.671
0.001,0.365,0.440,0.012,0.756
0.000,0.314,0.322,0.008,0.706
0.000,0.259,0.255,0.003,0.717
0.000,0.266,0.222,0.001,0.678
0.000,0.246,0.214,0.000,0.575
0.000,0.259,0.228,0.000,0.540
0.000,0.240,0.225,0.000,0.584
0.044,0.242,0.272,0.000,0.608
0.108,0.221,0.342,0.000,0.528
0.081,0.227,0.337,0.000,0.401
0.054,0.206,0.357,0.000,0.337
0.035,0.215,0.384,0.000,0.333
0.020,0.214,0.412,0.000,0.238
0.011,0.216,0.438,0.000,0.194
0.007,0.197,0.403,0.000,0.163
0.005,0.199,0.370,0.000,0.114
0.004,0.189,0.336,0.000,0.091
0.003,0.188,0.290,0.000,0.086
0.003,0.182,0.269,0.000,0.079
0.019,0.190,0.272,0.000,0.068
0.020,0.232,0.265,0.000,0.070
0.008,0.293,0.272,0.000,0.073
0.002,0.288,0.270,0.000,0.073
0.001,0.231,0.247,0.000,0.076
0.001,0.199,0.239,0.000,0.065
0.000,0.193,0.221,0.000,0.048
0.000,0.199,0.189,0.000,0.042
0.000,0.186,0.189,0.000,0.047
0.000,0.193,0.247,0.000,0.049
0.017,0.177,0.357,0.000,0.041
0.070,0.173,0.523,0.000,0.035
0.066,0.184,0.576,0.000,0.034
0.052,0.265,0.537,0.000,0.030
0.033,0.251,0.546,0.000,0.026
0.017,0.230,0.598,0.000,0.027
0.008,0.192,0.701,0.000,0.025
0.005,0.191,0.685,0.000,0.024
0.003,0.189,0.701,0.000,0.021
0.002,0.178,0.612,0.000,0.025
0.001,0.161,0.539,0.000,0.026
0.001,0.163,0.615,0.000,0.017
0.065,0.163,0.601,0.000,0.112
0.096,0.231,0.570,0.000,0.391
0.055,0.354,0.638,0.000,0.296
0.034,0.339,0.620,0.000,0.184
0.021,0.303,0.558,0.000,0.108
0.012,0.282,0.525,0.000,0.057
0.006,0.283,0.523,0.000,0.033
0.003,0.260,0.469,0.000,0.019
0.002,0.239,0.427,0.000,0.020
0.001,0.223,0.401,0.000,0.025
0.009,0.217,0.542,0.063,0.027
0.099,0.230,0.640,0.696,0.038
0.108,0.273,0.747,0.814,0.149
0.077,0.276,0.868,0.640,0.219
0.048,0.230,0.775,0.609,0.673
0.029,0.206,0.655,0.537,0.850
0.015,0.206,0.655,0.491,0.829
0.009,0.200,0.613,0.436,0.748
0.007,0.203,0.575,0.319,0.689
0.006,0.202,0.619,0.248,0.670
0.006,0.202,0.583,0.142,0.657
0.006,0.194,0.556,0.056,0.640
0.013,0.255,0.584,0.015,0.625
0.026,0.307,0.532,0.008,0.611
0.015,0.255,0.500,0.005,0.597
0.005,0.214,0.505,0.002,0.584
0.003,0.195,0.415,0.001,0.573
0.002,0.195,0.376,0.000,0.564
0.002,0.181,0.419,0.000,0.556
0.002,0.179,0.400,0.000,0.550
0.002,0.179,0.439,0.000,0.545
0.002,0.168,0.488,0.000,0.541
0.003,0.249,0.453,0.000,0.536
0.019,0.537,0.446,0.000,0.532
0.024,0.518,0.405,0.000,0.528
0.018,0.431,0.373,0.000,0.524
0.008,0.423,0.343,0.000,0.521
0.004,0.414,0.306,0.000,0.518
0.003,0.403,0.293,0.000,0.516
0.002,0.390,0.334,0.000,0.513
0.002,0.371,0.414,0.000,0.510
0.001,0.356,0.483,0.000,0.507
0.001,0.351,0.648,0.000,0.504
0.001,0.357,0.679,0.000,0.501
0.012,0.343,0.702,0.000,0.498
0.081,0.631,0.578,0.000,0.498
0.061,0.836,0.494,0.000,0.461
0.026,0.669,0.524,0.000,0.352
0.015,0.558,0.432,0.000,0.497
0.012,0.560,0.398,0.000,0.545
0.009,0.540,0.352,0.000,0.494
0.006,0.526,0.381,0.000,0.457
0.005,0.503,0.443,0.000,0.436
0.004,0.473,0.434,0.000,0.416
0.003,0.460,0.396,0.000,0.404
0.016,0.450,0.420,0.000,0.396
0.025,0.434,0.411,0.000,0.386
0.019,0.426,0.374,0.000,0.384
0.010,0.417,0.424,0.000,0.422
0.005,0.394,0.424,0.000,0.397
0.003,0.379,0.457,0.000,0.249
0.002,0.365,0.443,0.000,0.121
0.001,0.356,0.464,0.000,0.063
0.001,0.351,0.464,0.000,0.035
0.001,0.342,0.424,0.000,0.020
0.000,0.334,0.438,0.000,0.012
0.002,0.328,0.455,0.312,0.007
0.020,0.416,0.433,0.876,0.004
0.018,0.542,0.396,0.757,0.004
0.006,0.464,0.439,0.644,0.003
0.001,0.372,0.412,0.580,0.003
0.000,0.329,0.416,0.514,0.002
0.000,0.327,0.379,0.447,0.002
0.000,0.318,0.355,0.390,0.002
0.000,0.301,0.384,0.283,0.002
0.000,0.303,0.338,0.200,0.002
0.000,0.306,0.347,0.093,0.002
0.030,0.294,0.345,0.032,0.006
0.100,0.278,0.357,0.011,0.013
0.084,0.322,0.377,0.007,0.162
0.059,0.392,0.328,0.003,0.326
0.038,0.365,0.347,0.001,0.220
0.021,0.301,0.350,0.000,0.122
0.011,0.281,0.336,0.000,0.061
0.007,0.273,0.319,0.000,0.034
0.005,0.262,0.329,0.000,0.019
0.004,0.258,0.341,0.000,0.015
0.004,0.251,0.335,0.000,0.019
0.003,0.241,0.335,0.000,0.022
0.018,0.237,0.310,0.000,0.021
0.023,0.356,0.351,0.000,0.071
0.010,0.533,0.340,0.000,0.264
0.003,0.482,0.298,0.000,0.227
0.002,0.387,0.323,0.000,0.141
0.001,0.371,0.316,0.000,0.091
0.001,0.346,0.319,0.000,0.071
0.001,0.325,0.302,0.000,0.043
0.001,0.308,0.297,0.000,0.023
0.001,0.301,0.319,0.000,0.020
0.006,0.307,0.300,0.109,0.020
0.024,0.302,0.275,0.762,0.013
0.022,0.283,0.270,0.794,0.039
0.014,0.263,0.300,0.628,0.110
0.006,0.249,0.255,0.598,0.431
0.003,0.251,0.252,0.523,0.524
0.002,0.250,0.261,0.479,0.421
0.002,0.248,0.253,0.429,0.367
0.001,0.252,0.251,0.305,0.338
0.001,0.249,0.213,0.237,0.317
0.001,0.248,0.232,0.129,0.297
0.001,0.250,0.233,0.049,0.282
0.012,0.247,0.214,0.015,0.268
0.023,0.245,0.207,0.016,0.253
0.012,0.306,0.175,0.016,0.238
0.003,0.320,0.193,0.014,0.224
0.001,0.273,0.177,0.010,0.212
0.000,0.254,0.164,0.006,0.201
0.000,0.244,0.168,0.002,0.191
0.000,0.234,0.174,0.000,0.181
0.000,0.235,0.172,0.000,0.169
0.000,0.234,0.149,0.000,0.160
0.002,0.222,0.164,0.029,0.151
0.020,0.213,0.164,0.633,0.143
0.022,0.203,0.175,0.845,0.137
0.015,0.190,0.146,0.668,0.129
0.007,0.210,0.188,0.628,0.122
0.003,0.208,0.203,0.550,0.117
0.002,0.206,0.197,0.495,0.110
0.001,0.181,0.224,0.446,0.106
0.001,0.166,0.272,0.334,0.101
0.001,0.170,0.335,0.257,0.096
0.000,0.176,0.363,0.154,0.092
0.000,0.173,0.430,0.062,0.087
0.007,0.168,0.365,0.018,0.087
0.024,0.173,0.320,0.016,0.093
0.014,0.565,0.288,0.015,0.273
0.004,0.698,0.295,0.015,0.643
0.001,0.552,0.275,0.011,0.570
0.000,0.470,0.254,0.007,0.476
0.000,0.413,0.229,0.002,0.440
0.000,0.385,0.209,0.000,0.411
0.000,0.358,0.196,0.000,0.398
0.000,0.350,0.176,0.000,0.391
0.001,0.339,0.182,0.000,0.384
0.077,0.327,0.221,0.000,0.372
0.111,0.309,0.300,0.000,0.366
0.076,0.299,0.258,0.000,0.361
0.048,0.284,0.335,0.000,0.353
0.031,0.283,0.436,0.000,0.342
0.017,0.268,0.480,0.000,0.339
0.010,0.265,0.389,0.000,0.335
0.008,0.256,0.331,0.000,0.326
0.006,0.243,0.355,0.000,0.324
0.005,0.237,0.472,0.000,0.323
0.004,0.228,0.475,0.000,0.315
0.007,0.223,0.462,0.000,0.303
0.025,0.301,0.463,0.000,0.296
0.020,0.479,0.425,0.000,0.291
0.007,0.434,0.409,0.000,0.283
0.003,0.343,0.389,0.000,0.273
0.002,0.292,0.421,0.000,0.268
0.002,0.263,0.412,0.000,0.262
0.002,0.247,0.401,0.000,0.252
0.002,0.230,0.386,0.000,0.242
0.002,0.217,0.330,0.000,0.237
0.002,0.215,0.302,0.000,0.231
0.013,0.203,0.276,0.000,0.230
0.026,0.196,0.307,0.000,0.216
0.020,0.226,0.289,0.000,0.152
0.011,0.278,0.243,0.000,0.586
0.005,0.268,0.183,0.000,0.770
0.003,0.250,0.174,0.000,0.666
0.002,0.227,0.166,0.000,0.606
0.002,0.220,0.138,0.000,0.555
0.001,0.197,0.159,0.000,0.533
0.001,0.187,0.160,0.000,0.517
0.001,0.172,0.160,0.000,0.508
0.004,0.164,0.138,0.000,0.495
0.092,0.163,0.135,0.000,0.539
0.091,0.548,0.156,0.000,0.636
0.051,0.790,0.153,0.000,0.594
0.033,0.600,0.146,0.000,0.524
0.020,0.500,0.152,0.000,0.485
0.011,0.481,0.174,0.000,0.478
0.006,0.494,0.163,0.000,0.451
0.003,0.456,0.201,0.000,0.440
0.002,0.441,0.253,0.000,0.431
0.001,0.424,0.235,0.000,0.430
0.022,0.421,0.237,0.137,0.426
0.094,0.421,0.193,0.749,0.387
0.083,0.424,0.197,0.756,0.251
0.060,0.368,0.204,0.626,0.614
0.038,0.297,0.204,0.594,0.872
0.021,0.283,0.189,0.512,0.700
0.011,0.253,0.167,0.463,0.346
0.007,0.263,0.199,0.420,0.429
0.005,0.261,0.186,0.295,0.665
0.004,0.273,0.193,0.223,0.632
0.003,0.265,0.192,0.115,0.585
0.003,0.278,0.167,0.043,0.550
0.016,0.332,0.187,0.015,0.533
0.024,0.359,0.214,0.016,0.518
0.011,0.332,0.242,0.016,0.512
0.003,0.295,0.256,0.014,0.504
0.002,0.264,0.265,0.010,0.504
0.001,0.256,0.252,0.005,0.499
0.001,0.250,0.257,0.001,0.495
0.001,0.234,0.256,0.000,0.489
0.001,0.231,0.258,0.000,0.487
0.001,0.216,0.250,0.000,0.483
0.004,0.263,0.238,0.000,0.480
0.023,0.368,0.217,0.000,0.475
0.022,0.382,0.222,0.000,0.469
0.014,0.422,0.224,0.000,0.466
0.006,0.300,0.224,0.000,0.461
0.003,0.265,0.220,0.000,0.459
0.002,0.258,0.205,0.000,0.453
0.002,0.230,0.193,0.000,0.451
0.001,0.226,0.199,0.000,0.446
0.001,0.222,0.206,0.000,0.443
0.001,0.222,0.186,0.000,0.438
0.001,0.214,0.169,0.000,0.434
0.048,0.231,0.153,0.000,0.435
0.170,0.592,0.335,0.000,0.455
0.096,0.728,0.491,0.000,0.546
0.043,0.496,0.441,0.000,0.772
0.030,0.445,0.460,0.000,0.738
0.024,0.431,0.448,0.000,0.634
0.019,0.435,0.416,0.000,0.480
0.012,0.394,0.422,0.000,0.459
0.010,0.400,0.411,0.000,0.453
0.010,0.378,0.379,0.000,0.436
0.010,0.389,0.404,0.000,0.420
0.024,0.358,0.391,0.000,0.409
0.026,0.366,0.362,0.000,0.380
0.017,0.349,0.361,0.000,0.260
0.008,0.344,0.339,0.000,0.145
0.004,0.325,0.344,0.000,0.084
0.003,0.320,0.355,0.000,0.051
0.002,0.321,0.326,0.000,0.031
0.001,0.306,0.334,0.000,0.017
0.001,0.297,0.339,0.000,0.010
0.001,0.280,0.311,0.000,0.007
0.000,0.274,0.330,0.001,0.006
0.005,0.264,0.335,0.423,0.005
0.022,0.394,0.296,0.837,0.005
0.015,0.454,0.306,0.711,0.004
0.004,0.383,0.308,0.649,0.003
0.001,0.295,0.275,0.560,0.003
0.000,0.258,0.292,0.505,0.003
0.000,0.246,0.297,0.456,0.002
0.000,0.256,0.281,0.362,0.002
0.000,0.232,0.314,0.270,0.002
0.000,0.258,0.314,0.176,0.002
0.000,0.241,0.290,0.074,0.002
0.050,0.249,0.306,0.023,0.022
0.103,0.225,0.291,0.015,0.035
0.077,0.241,0.277,0.015,0.178
0.051,0.230,0.299,0.015,0.333
0.033,0.249,0.291,0.012,0.791
0.018,0.221,0.272,0.008,0.919
0.009,0.217,0.282,0.003,0.753
0.006,0.198,0.271,0.001,0.705
0.005,0.199,0.273,0.000,0.735
0.004,0.188,0.277,0.000,0.750
0.003,0.194,0.250,0.000,0.654
0.004,0.188,0.251,0.000,0.615
0.022,0.188,0.262,0.000,0.666
0.021,0.389,0.242,0.000,0.776
0.008,0.605,0.232,0.000,0.502
0.002,0.509,0.232,0.000,0.330
0.002,0.406,0.203,0.000,0.232
0.001,0.399,0.201,0.000,0.259
0.001,0.353,0.218,0.000,0.237
0.001,0.329,0.204,0.000,0.170
0.001,0.331,0.208,0.000,0.151
0.002,0.311,0.212,0.000,0.126
0.011,0.296,0.194,0.199,0.111
0.025,0.293,0.217,0.798,0.177
0.019,0.270,0.212,0.752,0.232
0.010,0.255,0.194,0.635,0.697
0.005,0.229,0.216,0.590,0.749
0.003,0.223,0.221,0.513,0.794
0.002,0.213,0.209,0.447,0.812
0.001,0.222,0.242,0.406,0.604
0.001,0.217,0.239,0.287,0.693
0.001,0.220,0.239,0.210,0.706
0.001,0.211,0.273,0.102,0.570
0.001,0.219,0.314,0.036,0.698
0.017,0.201,0.317,0.015,0.661
0.022,0.202,0.278,0.016,0.563
0.009,0.196,0.251,0.016,0.687
0.002,0.274,0.238,0.014,0.616
0.001,0.296,0.244,0.009,0.568
0.000,0.243,0.215,0.005,0.675
0.000,0.253,0.208,0.001,0.576
0.000,0.215,0.221,0.000,0.578
0.000,0.203,0.206,0.000,0.654
0.000,0.199,0.208,0.000,0.543
0.005,0.190,0.210,0.087,0.591
0.023,0.202,0.193,0.700,0.631
0.019,0.200,0.186,0.774,0.520
0.011,0.177,0.194,0.626,0.598
0.004,0.201,0.180,0.600,0.603
0.002,0.186,0.209,0.521,0.507
0.001,0.172,0.215,0.478,0.601
0.001,0.153,0.208,0.428,0.573
0.001,0.157,0.241,0.303,0.504
0.000,0.149,0.281,0.236,0.598
0.000,0.156,0.302,0.127,0.544
0.000,0.150,0.339,0.048,0.507
0.012,0.146,0.344,0.015,0.536
0.023,0.179,0.329,0.016,0.332
0.011,0.577,0.336,0.016,0.483
0.002,0.575,0.318,0.014,0.786
0.000,0.430,0.297,0.010,0.698
0.000,0.319,0.286,0.006,0.607
0.000,0.338,0.273,0.002,0.579
0.000,0.294,0.265,0.000,0.551
0.000,0.300,0.270,0.000,0.540
0.000,0.268,0.235,0.000,0.534
0.008,0.289,0.209,0.000,0.518
0.176,0.262,0.201,0.000,0.510
0.188,0.272,0.181,0.000,0.507
0.107,0.259,0.173,0.000,0.497
0.064,0.262,0.208,0.000,0.489
0.043,0.247,0.177,0.000,0.486
0.029,0.249,0.174,0.000,0.480
0.020,0.239,0.177,0.000,0.470
0.014,0.229,0.165,0.000,0.469
0.012,0.243,0.173,0.000,0.466
0.009,0.215,0.170,0.000,0.456
0.007,0.233,0.157,0.000,0.453
0.012,0.204,0.173,0.000,0.451
0.026,0.264,0.171,0.000,0.444
0.016,0.324,0.150,0.000,0.437
0.006,0.340,0.155,0.000,0.436
0.002,0.276,0.164,0.000,0.432
0.002,0.259,0.151,0.000,0.422
0.001,0.220,0.155,0.000,0.421
0.001,0.225,0.161,0.000,0.417
0.001,0.200,0.148,0.000,0.407
0.001,0.208,0.158,0.000,0.403
0.001,0.194,0.166,0.000,0.399
0.046,0.193,0.156,0.000,0.390
0.073,0.184,0.214,0.000,0.378
0.058,0.254,0.386,0.000,0.313
0.039,0.286,0.647,0.000,0.249
0.024,0.254,0.758,0.000,0.235
0.011,0.210,0.572,0.000,0.263
0.006,0.191,0.549,0.000,0.242
0.004,0.189,0.595,0.000,0.228
0.002,0.179,0.906,0.000,0.219
0.001,0.182,0.802,0.000,0.213
0.001,0.161,0.671,0.000,0.208
0.016,0.160,0.610,0.000,0.205
0.105,0.167,0.520,0.000,0.201
0.076,0.566,0.497,0.000,0.197
0.044,0.614,0.449,0.000,0.194
0.029,0.487,0.414,0.000,0.191
0.016,0.405,0.390,0.000,0.187
0.009,0.385,0.344,0.000,0.184
0.005,0.348,0.392,0.000,0.182
0.002,0.340,0.397,0.000,0.178
0.001,0.325,0.394,0.000,0.176
0.001,0.311,0.342,0.000,0.173
0.046,0.304,0.344,0.271,0.173
0.121,0.322,0.458,0.827,0.123
0.091,0.352,0.403,0.738,0.137
0.060,0.283,0.384,0.643,0.175
0.039,0.245,0.348,0.578,0.595
0.022,0.237,0.414,0.512,0.881
0.011,0.228,0.481,0.446,0.841
0.008,0.220,0.466,0.389,0.760
0.007,0.222,0.460,0.280,0.704
0.006,0.214,0.454,0.198,0.680
0.006,0.214,0.489,0.091,0.674
0.006,0.239,0.442,0.031,0.669
0.022,0.344,0.421,0.011,0.664
0.022,0.329,0.388,0.007,0.662
0.009,0.270,0.408,0.003,0.660
0.003,0.237,0.396,0.001,0.658
0.003,0.220,0.401,0.000,0.655
0.002,0.213,0.374,0.000,0.652
0.002,0.200,0.371,0.000,0.649
0.002,0.189,0.362,0.000,0.646
0.002,0.180,0.363,0.000,0.642
0.002,0.189,0.358,0.000,0.640
0.009,0.480,0.344,0.000,0.637
0.025,0.701,0.345,0.000,0.634
0.022,0.582,0.333,0.000,0.630
0.014,0.517,0.332,0.000,0.626
0.007,0.492,0.326,0.000,0.622
0.004,0.480,0.308,0.000,0.617
0.003,0.477,0.298,0.000,0.612
0.002,0.455,0.292,0.000,0.606
0.001,0.426,0.294,0.000,0.600
0.001,0.406,0.277,0.000,0.593
0.001,0.396,0.267,0.000,0.586
0.001,0.387,0.278,0.000,0.578
0.082,0.442,0.429,0.000,0.570
0.165,0.805,0.515,0.000,0.566
0.079,0.762,0.509,0.000,0.507
0.037,0.619,0.491,0.000,0.503
0.027,0.595,0.450,0.000,0.504
0.022,0.605,0.454,0.000,0.429
0.017,0.583,0.466,0.000,0.396
0.011,0.564,0.446,0.000,0.390
0.010,0.532,0.442,0.000,0.367
0.008,0.504,0.387,0.000,0.358
0.010,0.490,0.434,0.000,0.346
0.027,0.487,0.508,0.000,0.336
0.025,0.479,0.486,0.000,0.330
0.017,0.463,0.494,0.000,0.319
0.008,0.442,0.480,0.000,0.251
0.004,0.431,0.491,0.000,0.155
0.003,0.410,0.513,0.000,0.089
0.002,0.400,0.449,0.000,0.056
0.001,0.385,0.447,0.000,0.035
0.001,0.381,0.442,0.000,0.024
0.001,0.376,0.406,0.000,0.016
0.000,0.363,0.399,0.000,0.010
0.009,0.353,0.378,0.000,0.007
0.023,0.522,0.366,0.000,0.009
0.012,0.589,0.359,0.000,0.039
0.003,0.483,0.377,0.000,0.036
0.001,0.439,0.387,0.000,0.034
0.000,0.405,0.371,0.000,0.037
0.000,0.388,0.349,0.000,0.030
0.000,0.363,0.374,0.000,0.026
0.000,0.351,0.343,0.000,0.026
0.000,0.350,0.365,0.000,0.025
0.002,0.340,0.337,0.000,0.028
0.064,0.320,0.394,0.000,0.023
0.091,0.304,0.404,0.000,0.021
0.070,0.370,0.388,0.000,0.017
0.044,0.397,0.342,0.000,0.017
0.027,0.354,0.344,0.000,0.019
0.014,0.325,0.359,0.000,0.015
0.007,0.314,0.341,0.000,0.017
0.005,0.302,0.304,0.000,0.016
0.004,0.285,0.327,0.000,0.018
0.003,0.278,0.322,0.000,0.021
0.003,0.265,0.325,0.000,0.017
0.007,0.259,0.309,0.000,0.018
0.025,0.256,0.269,0.000,0.334
0.017,0.486,0.256,0.000,0.340
0.005,0.567,0.204,0.000,0.211
0.002,0.473,0.218,0.000,0.133
0.001,0.377,0.220,0.000,0.080
0.001,0.361,0.223,0.000,0.040
0.001,0.349,0.205,0.000,0.022
0.001,0.330,0.202,0.000,0.018
0.001,0.320,0.219,0.000,0.022
0.001,0.311,0.214,0.000,0.028
0.015,0.308,0.211,0.405,0.023
0.025,0.297,0.195,0.895,0.071
0.020,0.273,0.224,0.732,0.152
0.010,0.264,0.212,0.649,0.397
0.005,0.256,0.196,0.565,0.788
0.003,0.248,0.206,0.510,0.826
0.002,0.246,0.204,0.453,0.769
0.001,0.244,0.216,0.373,0.726
0.001,0.245,0.182,0.273,0.688
0.001,0.250,0.203,0.186,0.678
0.001,0.254,0.219,0.081,0.673
0.002,0.252,0.196,0.026,0.668
0.021,0.239,0.188,0.015,0.662
0.018,0.270,0.195,0.016,0.656
0.006,0.371,0.209,0.015,0.649
0.001,0.324,0.194,0.012,0.643
0.000,0.296,0.187,0.008,0.636
0.000,0.281,0.183,0.004,0.628
0.000,0.265,0.210,0.001,0.621
0.000,0.259,0.187,0.000,0.612
0.000,0.249,0.178,0.000,0.603
0.000,0.246,0.204,0.000,0.594
0.017,0.239,0.186,0.244,0.586
0.048,0.231,0.189,0.874,0.576
0.043,0.207,0.166,0.762,0.566
0.030,0.224,0.188,0.634,0.556
0.017,0.238,0.195,0.591,0.545
0.009,0.228,0.184,0.512,0.535
0.004,0.188,0.182,0.446,0.526
0.002,0.179,0.203,0.405,0.519
0.002,0.173,0.186,0.285,0.512
0.001,0.178,0.176,0.210,0.506
0.001,0.178,0.182,0.100,0.500
0.001,0.166,0.183,0.036,0.493
0.017,0.171,0.195,0.014,0.425
0.022,0.316,0.174,0.016,0.388
0.008,0.695,0.168,0.016,0.619
0.002,0.558,0.201,0.013,0.716
0.000,0.399,0.187,0.009,0.638
0.000,0.381,0.180,0.005,0.600
0.000,0.351,0.173,0.001,0.566
0.000,0.339,0.212,0.000,0.550
0.000,0.324,0.215,0.000,0.537
0.000,0.295,0.211,0.000,0.527
0.048,0.296,0.277,0.000,0.519
0.195,0.279,0.383,0.000,0.384
0.116,0.270,0.442,0.000,0.320
0.071,0.268,0.470,0.000,0.248
0.046,0.249,0.483,0.000,0.136
0.030,0.236,0.473,0.000,0.077
0.021,0.232,0.469,0.000,0.049
0.016,0.228,0.443,0.000,0.034
0.013,0.220,0.447,0.000,0.027
0.011,0.220,0.450,0.000,0.020
0.010,0.204,0.414,0.000,0.013
0.008,0.200,0.390,0.000,0.011
0.019,0.204,0.490,0.000,0.008
0.029,0.283,0.456,0.000,0.006
0.016,0.305,0.421,0.000,0.004
0.007,0.252,0.387,0.000,0.003
0.005,0.233,0.407,0.000,0.003
0.005,0.205,0.411,0.000,0.002
0.005,0.184,0.383,0.000,0.002
0.004,0.172,0.358,0.000,0.002
0.004,0.165,0.363,0.000,0.002
0.004,0.165,0.359,0.000,0.002
0.005,0.165,0.332,0.000,0.002
0.024,0.157,0.331,0.000,0.009
0.025,0.182,0.378,0.000,0.010
0.019,0.266,0.415,0.000,0.012
0.010,0.247,0.402,0.000,0.019
0.005,0.208,0.434,0.000,0.016
0.004,0.189,0.386,0.000,0.010
0.003,0.174,0.353,0.000,0.008
0.002,0.169,0.363,0.000,0.011
0.002,0.162,0.347,0.000,0.008
0.001,0.153,0.330,0.000,0.007
0.001,0.145,0.289,0.002,0.007
0.032,0.147,0.228,0.157,0.008
0.097,0.216,0.221,0.224,0.199
0.058,0.489,0.230,0.106,0.319
0.035,0.432,0.219,0.036,0.184
0.023,0.344,0.212,0.011,0.094
0.013,0.285,0.226,0.003,0.049
0.007,0.268,0.233,0.001,0.026
0.004,0.237,0.231,0.000,0.016
0.002,0.228,0.223,0.000,0.017
0.001,0.222,0.216,0.000,0.015
0.002,0.222,0.255,0.001,0.015
0.052,0.206,0.248,0.432,0.014
0.086,0.249,0.248,0.842,0.157
0.068,0.300,0.263,0.704,0.301
0.044,0.259,0.263,0.648,0.788
0.027,0.218,0.246,0.557,0.873
0.014,0.215,0.206,0.504,0.763
0.007,0.204,0.174,0.455,0.801
0.005,0.215,0.171,0.360,0.767
0.004,0.203,0.187,0.268,0.676
0.003,0.214,0.186,0.174,0.598
0.002,0.203,0.176,0.072,0.637
0.005,0.257,0.165,0.022,0.689
0.023,0.383,0.181,0.015,0.650
0.018,0.450,0.193,0.015,0.563
0.006,0.390,0.192,0.015,0.563
0.002,0.346,0.183,0.012,0.621
0.001,0.319,0.171,0.008,0.623
0.001,0.302,0.111,0.003,0.541
0.001,0.302,0.121,0.001,0.513
0.001,0.272,0.110,0.000,0.561
0.001,0.250,0.107,0.000,0.589
0.001,0.246,0.110,0.000,0.537
0.013,0.334,0.152,0.000,0.485
0.025,0.394,0.189,0.000,0.511
0.020,0.466,0.161,0.000,0.550
0.011,0.419,0.148,0.000,0.530
0.005,0.333,0.126,0.000,0.465
0.003,0.315,0.176,0.000,0.466
0.002,0.308,0.213,0.000,0.510
0.001,0.289,0.216,0.000,0.514
0.001,0.290,0.191,0.000,0.453
0.001,0.268,0.170,0.000,0.434
0.001,0.271,0.240,0.000,0.470
0.002,0.255,0.364,0.000,0.489
0.127,0.308,0.400,0.000,0.451
0.159,0.648,0.564,0.000,0.365
0.071,0.697,0.771,0.000,0.347
0.037,0.547,0.880,0.000,0.773
0.028,0.515,0.810,0.000,0.868
0.023,0.502,0.762,0.000,0.715
0.017,0.486,0.732,0.000,0.648
0.012,0.474,0.659,0.000,0.614
0.010,0.459,0.645,0.000,0.584
0.008,0.460,0.659,0.000,0.580
0.013,0.443,0.637,0.000,0.554
0.028,0.430,0.658,0.000,0.538
0.023,0.396,0.656,0.000,0.490
0.014,0.401,0.597,0.000,0.321
0.007,0.383,0.620,0.000,0.170
0.004,0.388,0.625,0.000,0.087
0.003,0.365,0.568,0.000,0.045
0.002,0.368,0.585,0.000,0.040
0.001,0.337,0.610,0.000,0.030
0.001,0.343,0.606,0.000,0.017
0.001,0.323,0.640,0.000,0.014
0.000,0.334,0.655,0.090,0.013
0.014,0.320,0.652,0.717,0.011
0.022,0.496,0.659,0.767,0.009
0.009,0.468,0.609,0.620,0.008
0.002,0.416,0.613,0.598,0.007
0.000,0.391,0.644,0.519,0.007
0.000,0.394,0.600,0.478,0.006
0.000,0.378,0.575,0.428,0.006
0.000,0.376,0.588,0.300,0.005
0.000,0.374,0.574,0.235,0.005
0.000,0.373,0.558,0.124,0.004
0.009,0.358,0.546,0.046,0.005
0.093,0.364,0.530,0.014,0.016
0.097,0.362,0.478,0.016,0.020
0.070,0.467,0.459,0.016,0.021
0.043,0.485,0.476,0.014,0.020
0.026,0.425,0.456,0.010,0.018
0.013,0.386,0.471,0.005,0.018
0.008,0.346,0.459,0.001,0.016
0.006,0.333,0.409,0.000,0.016
0.005,0.309,0.435,0.000,0.017
0.004,0.315,0.429,0.000,0.017
0.003,0.293,0.377,0.000,0.020
0.012,0.293,0.397,0.000,0.018
0.026,0.284,0.407,0.000,0.046
0.014,0.467,0.393,0.000,0.355
0.004,0.563,0.421,0.000,0.254
0.002,0.529,0.398,0.000,0.130
0.002,0.448,0.392,0.000,0.069
0.001,0.420,0.379,0.000,0.043
0.001,0.398,0.318,0.000,0.026
0.001,0.394,0.330,0.000,0.015
0.002,0.378,0.323,0.000,0.016
0.003,0.366,0.298,0.006,0.015
0.021,0.367,0.319,0.517,0.062
0.024,0.345,0.315,0.837,0.185
0.018,0.321,0.296,0.681,0.460
0.008,0.309,0.314,0.642,0.747
0.004,0.303,0.295,0.555,0.845
0.003,0.310,0.279,0.496,0.775
0.002,0.313,0.296,0.452,0.623
0.001,0.304,0.275,0.345,0.595
0.001,0.299,0.270,0.262,0.654
0.001,0.298,0.280,0.162,0.662
0.001,0.306,0.250,0.065,0.578
0.005,0.296,0.244,0.019,0.540
0.023,0.321,0.272,0.016,0.586
0.015,0.359,0.262,0.015,0.614
0.004,0.388,0.257,0.015,0.562
0.001,0.447,0.259,0.011,0.504
0.000,0.396,0.243,0.007,0.524
0.000,0.360,0.251,0.003,0.566
0.000,0.353,0.253,0.000,0.550
0.000,0.336,0.243,0.000,0.482
0.000,0.314,0.250,0.000,0.478
0.000,0.304,0.245,0.000,0.523
0.014,0.293,0.221,0.354,0.534
0.024,0.287,0.250,0.853,0.475
0.019,0.270,0.250,0.726,0.450
0.009,0.270,0.220,0.651,0.484
0.004,0.266,0.232,0.564,0.509
0.002,0.258,0.244,0.508,0.475
0.002,0.241,0.229,0.451,0.431
0.001,0.236,0.233,0.371,0.446
0.001,0.233,0.231,0.271,0.480
0.000,0.237,0.223,0.185,0.471
0.000,0.242,0.243,0.079,0.417
0.002,0.245,0.230,0.025,0.417
0.021,0.229,0.224,0.015,0.458
0.018,0.551,0.235,0.016,0.315
0.006,0.824,0.230,0.015,0.693
0.001,0.531,0.242,0.012,0.720
0.000,0.472,0.237,0.008,0.626
0.000,0.456,0.216,0.003,0.662
0.000,0.404,0.213,0.001,0.676
0.000,0.399,0.234,0.000,0.606
0.000,0.368,0.225,0.000,0.524
0.000,0.376,0.217,0.000,0.548
0.109,0.345,0.229,0.000,0.601
0.238,0.359,0.215,0.000,0.560
0.112,0.330,0.190,0.000,0.391
0.064,0.344,0.222,0.000,0.318
0.043,0.309,0.177,0.000,0.303
0.032,0.334,0.174,0.000,0.227
0.024,0.297,0.186,0.000,0.173
0.019,0.319,0.166,0.000,0.155
0.016,0.291,0.173,0.000,0.115
0.013,0.301,0.176,0.000,0.085
0.011,0.272,0.176,0.000,0.075
0.010,0.293,0.171,0.000,0.067
0.026,0.282,0.165,0.000,0.058
0.028,0.358,0.156,0.000,0.058
0.014,0.447,0.169,0.000,0.059
0.007,0.419,0.163,0.000,0.050
0.006,0.343,0.149,0.000,0.060
0.006,0.307,0.164,0.000,0.058
0.005,0.300,0.167,0.000,0.047
0.005,0.292,0.157,0.000,0.034
0.005,0.289,0.184,0.000,0.029
0.005,0.280,0.154,0.000,0.034
0.009,0.267,0.156,0.000,0.035
0.027,0.245,0.179,0.000,0.023
0.024,0.280,0.179,0.000,0.024
0.017,0.342,0.159,0.000,0.025
0.009,0.333,0.140,0.000,0.022
0.005,0.259,0.120,0.000,0.020
0.004,0.257,0.149,0.000,0.019
0.003,0.237,0.174,0.000,0.022
0.002,0.244,0.168,0.000,0.018
0.002,0.223,0.160,0.000,0.021
0.002,0.231,0.150,0.000,0.024
0.001,0.210,0.132,0.000,0.015
0.055,0.230,0.138,0.000,0.079
0.095,0.294,0.185,0.000,0.407
0.052,0.411,0.206,0.000,0.296
0.032,0.364,0.199,0.000,0.187
0.020,0.352,0.217,0.000,0.108
0.012,0.346,0.176,0.000,0.058
0.006,0.326,0.177,0.000,0.034
0.004,0.310,0.208,0.000,0.019
0.002,0.287,0.236,0.000,0.020
0.001,0.282,0.263,0.000,0.024
0.006,0.272,0.291,0.031,0.027
0.102,0.287,0.225,0.669,0.042
0.119,0.304,0.268,0.844,0.090
0.083,0.285,0.400,0.653,0.219
0.051,0.229,0.381,0.625,0.561
0.031,0.209,0.372,0.545,0.668
0.017,0.207,0.754,0.494,0.625
0.010,0.204,0.713,0.444,0.584
0.008,0.202,0.531,0.329,0.550
0.007,0.205,0.517,0.254,0.538
0.006,0.204,0.519,0.148,0.532
0.007,0.201,0.527,0.058,0.526
0.013,0.252,0.540,0.015,0.519
0.027,0.287,0.516,0.009,0.512
0.016,0.251,0.608,0.005,0.504
0.006,0.214,0.566,0.002,0.495
0.003,0.201,0.512,0.001,0.487
0.003,0.196,0.488,0.000,0.477
0.002,0.204,0.492,0.000,0.468
0.002,0.199,0.523,0.000,0.458
0.002,0.181,0.487,0.000,0.448
0.002,0.175,0.470,0.000,0.438
0.002,0.211,0.453,0.000,0.429
0.018,0.430,0.447,0.000,0.420
0.025,0.444,0.474,0.000,0.412
0.018,0.398,0.509,0.000,0.405
0.009,0.364,0.506,0.000,0.399
0.005,0.355,0.483,0.000,0.393
0.003,0.332,0.461,0.000,0.389
0.002,0.314,0.477,0.000,0.384
0.002,0.296,0.469,0.000,0.380
0.001,0.282,0.473,0.000,0.376
0.001,0.290,0.429,0.000,0.372
0.001,0.293,0.400,0.000,0.367
0.012,0.283,0.393,0.000,0.363
0.160,0.490,0.496,0.000,0.357
0.132,0.827,0.571,0.000,0.331
0.058,0.629,0.590,0.000,0.251
0.035,0.539,0.575,0.000,0.456
0.027,0.546,0.470,0.000,0.489
0.021,0.532,0.490,0.000,0.434
0.015,0.499,0.473,0.000,0.402
0.011,0.488,0.481,0.000,0.371
0.010,0.459,0.438,0.000,0.359
0.008,0.438,0.430,0.000,0.344
0.018,0.425,0.472,0.000,0.334
0.029,0.415,0.422,0.000,0.325
0.021,0.402,0.432,0.000,0.321
0.011,0.397,0.421,0.000,0.304
0.006,0.384,0.498,0.000,0.182
0.004,0.375,0.479,0.000,0.095
0.002,0.361,0.493,0.000,0.041
0.002,0.349,0.486,0.000,0.016
0.001,0.344,0.475,0.000,0.007
0.001,0.331,0.434,0.000,0.004
0.001,0.323,0.473,0.000,0.004
0.001,0.317,0.463,0.253,0.003
0.019,0.363,0.497,0.890,0.002
0.020,0.541,0.502,0.750,0.002
0.007,0.528,0.526,0.630,0.002
0.001,0.436,0.516,0.588,0.002
0.000,0.370,0.469,0.510,0.002
0.000,0.331,0.408,0.444,0.002
0.000,0.309,0.418,0.404,0.001
0.000,0.304,0.446,0.282,0.002
0.000,0.313,0.435,0.208,0.002
0.000,0.325,0.414,0.097,0.002
0.020,0.297,0.389,0.034,0.006
0.081,0.291,0.428,0.011,0.014
0.071,0.309,0.407,0.008,0.131
0.053,0.395,0.367,0.003,0.343
0.033,0.368,0.383,0.001,0.225
0.018,0.327,0.411,0.000,0.124
0.008,0.304,0.404,0.000,0.060
0.005,0.287,0.408,0.000,0.034
0.004,0.274,0.380,0.000,0.020
0.003,0.265,0.413,0.000,0.014
0.002,0.256,0.366,0.000,0.019
0.001,0.246,0.393,0.000,0.022
0.015,0.241,0.380,0.000,0.022
0.023,0.283,0.353,0.000,0.051
0.010,0.507,0.358,0.000,0.270
0.002,0.458,0.363,0.000,0.228
0.001,0.381,0.362,0.000,0.139
0.001,0.334,0.362,0.000,0.094
0.000,0.305,0.308,0.000,0.072
0.000,0.291,0.335,0.000,0.044
0.000,0.281,0.310,0.000,0.023
0.000,0.274,0.293,0.000,0.020
0.004,0.277,0.254,0.067,0.020
0.023,0.271,0.232,0.743,0.014
0.021,0.253,0.262,0.816,0.002
0.014,0.238,0.251,0.630,0.001
0.006,0.233,0.252,0.612,0.001
0.003,0.229,0.237,0.532,0.001
0.002,0.227,0.277,0.489,0.001
0.001,0.226,0.235,0.433,0.001
0.001,0.225,0.228,0.312,0.001
0.001,0.225,0.254,0.245,0.000
0.000,0.226,0.233,0.135,0.000
0.000,0.227,0.250,0.051,0.000
0.010,0.220,0.214,0.015,0.001
0.024,0.222,0.228,0.016,0.000
0.012,0.321,0.240,0.015,0.001
0.003,0.334,0.228,0.015,0.001
0.001,0.284,0.209,0.010,0.001
0.000,0.262,0.233,0.006,0.000
0.000,0.250,0.229,0.002,0.000
0.000,0.235,0.209,0.000,0.000
0.000,0.238,0.216,0.000,0.000
0.000,0.224,0.193,0.000,0.000
0.001,0.215,0.238,0.009,0.000
0.019,0.206,0.222,0.594,0.003
0.022,0.194,0.205,0.880,0.054
0.016,0.181,0.223,0.683,0.094
0.007,0.197,0.208,0.642,0.430
0.003,0.186,0.192,0.553,0.708
0.002,0.176,0.192,0.495,0.578
0.001,0.164,0.201,0.451,0.496
0.001,0.159,0.208,0.343,0.445
0.000,0.153,0.182,0.261,0.416
0.000,0.161,0.184,0.160,0.393
0.000,0.163,0.204,0.064,0.375
0.005,0.165,0.187,0.018,0.360
0.022,0.176,0.176,0.016,0.326
0.014,0.642,0.183,0.015,0.250
0.003,0.784,0.202,0.015,0.303
0.001,0.523,0.188,0.011,0.221
0.000,0.452,0.179,0.007,0.138
0.000,0.446,0.168,0.002,0.112
0.000,0.414,0.198,0.000,0.107
0.000,0.380,0.216,0.000,0.098
0.000,0.360,0.207,0.000,0.089
0.000,0.351,0.263,0.000,0.086
0.247,0.334,0.343,0.000,0.083
0.301,0.319,0.361,0.000,0.061
0.128,0.304,0.366,0.000,0.071
0.073,0.291,0.383,0.000,0.104
0.051,0.280,0.317,0.000,0.074
0.042,0.272,0.295,0.000,0.061
0.034,0.269,0.322,0.000,0.051
0.027,0.256,0.314,0.000,0.045
0.021,0.249,0.298,0.000,0.055
0.019,0.241,0.262,0.000,0.052
0.017,0.231,0.259,0.000,0.045
0.018,0.225,0.212,0.000,0.043
0.035,0.326,0.182,0.000,0.042
0.029,0.483,0.214,0.000,0.041
0.016,0.420,0.208,0.000,0.039
0.010,0.333,0.197,0.000,0.039
0.009,0.280,0.197,0.000,0.039
0.009,0.259,0.215,0.000,0.036
0.008,0.244,0.174,0.000,0.035
0.008,0.238,0.185,0.000,0.033
0.008,0.224,0.168,0.000,0.033
0.007,0.220,0.139,0.000,0.032
0.017,0.205,0.145,0.000,0.029
0.030,0.203,0.144,0.000,0.029
0.024,0.245,0.196,0.000,0.027
0.016,0.271,0.287,0.000,0.038
0.009,0.270,0.317,0.000,0.069
0.006,0.238,0.339,0.000,0.119
0.005,0.213,0.367,0.000,0.121
0.004,0.206,0.433,0.000,0.099
0.003,0.192,0.374,0.000,0.075
0.003,0.180,0.332,0.000,0.080
0.003,0.179,0.302,0.000,0.091
0.003,0.181,0.292,0.000,0.092
0.064,0.165,0.283,0.000,0.160
0.072,0.505,0.304,0.000,0.405
0.039,0.731,0.302,0.000,0.323
0.025,0.569,0.304,0.000,0.188
0.016,0.477,0.307,0.000,0.159
0.009,0.448,0.206,0.000,0.125
0.006,0.462,0.157,0.000,0.091
0.003,0.417,0.120,0.000,0.072
0.002,0.404,0.131,0.000,0.072
0.002,0.395,0.164,0.000,0.081
0.019,0.392,0.210,0.092,0.078
0.114,0.385,0.240,0.733,0.061
0.102,0.460,0.278,0.764,0.061
0.075,0.394,0.226,0.615,0.084
0.050,0.303,0.301,0.597,0.318
0.033,0.273,0.360,0.517,0.692
0.020,0.259,0.370,0.477,0.627
0.015,0.264,0.337,0.426,0.552
0.013,0.263,0.293,0.297,0.509
0.011,0.273,0.278,0.233,0.494
0.010,0.260,0.301,0.122,0.489
0.010,0.259,0.522,0.045,0.476
0.020,0.323,0.647,0.014,0.454
0.028,0.376,0.600,0.017,0.366
0.014,0.322,0.491,0.015,0.283
0.007,0.307,0.439,0.014,0.206
0.005,0.268,0.377,0.010,0.144
0.005,0.264,0.393,0.005,0.130
0.004,0.245,0.395,0.001,0.126
0.004,0.258,0.391,0.000,0.127
0.004,0.228,0.375,0.000,0.128
0.005,0.236,0.359,0.000,0.128
0.006,0.237,0.371,0.000,0.127
0.024,0.332,0.370,0.000,0.133
0.023,0.359,0.369,0.000,0.131
0.015,0.417,0.337,0.000,0.212
0.007,0.339,0.347,0.000,0.237
0.005,0.278,0.356,0.000,0.185
0.003,0.268,0.383,0.000,0.149
0.003,0.264,0.422,0.000,0.134
0.002,0.242,0.426,0.000,0.134
0.002,0.246,0.411,0.000,0.122
0.002,0.239,0.369,0.000,0.120
0.002,0.240,0.374,0.000,0.126
0.017,0.232,0.407,0.000,0.116
0.078,0.528,0.382,0.000,0.112
0.044,0.816,0.480,0.000,0.133
0.019,0.630,0.631,0.000,0.432
0.012,0.539,0.681,0.000,0.709
0.010,0.492,0.666,0.000,0.619
0.007,0.465,0.583,0.000,0.518
0.005,0.411,0.586,0.000,0.485
0.004,0.414,0.605,0.000,0.465
0.004,0.381,0.517,0.000,0.448
0.003,0.396,0.491,0.000,0.436
0.019,0.372,0.467,0.000,0.424
0.024,0.383,0.467,0.000,0.416
0.016,0.345,0.460,0.000,0.408
0.007,0.356,0.437,0.000,0.396
0.004,0.330,0.466,0.000,0.384
0.003,0.342,0.446,0.000,0.374
0.002,0.316,0.433,0.000,0.368
0.001,0.323,0.468,0.000,0.361
0.001,0.294,0.445,0.000,0.356
0.001,0.296,0.424,0.000,0.348
0.001,0.285,0.430,0.000,0.337
0.004,0.289,0.411,0.365,0.325
0.023,0.364,0.406,0.863,0.316
0.016,0.510,0.387,0.716,0.309
0.005,0.443,0.338,0.648,0.301
0.001,0.336,0.364,0.561,0.293
0.000,0.308,0.361,0.508,0.283
0.000,0.282,0.327,0.450,0.271
0.000,0.254,0.361,0.370,0.262
0.000,0.251,0.356,0.269,0.244
0.000,0.258,0.346,0.183,0.208
0.000,0.241,0.344,0.077,0.136
0.040,0.239,0.327,0.024,0.064
0.100,0.222,0.334,0.015,0.058
0.074,0.269,0.322,0.016,0.104
0.051,0.320,0.292,0.015,0.267
0.033,0.328,0.325,0.012,0.757
0.017,0.268,0.324,0.008,0.881
0.009,0.250,0.284,0.003,0.723
0.006,0.226,0.299,0.001,0.664
0.005,0.222,0.301,0.000,0.689
0.004,0.199,0.275,0.000,0.710
0.003,0.206,0.275,0.000,0.645
0.003,0.195,0.253,0.000,0.587
0.021,0.191,0.228,0.000,0.643
0.021,0.384,0.226,0.000,0.810
0.008,0.581,0.211,0.000,0.694
0.002,0.526,0.213,0.000,0.566
0.002,0.470,0.228,0.000,0.567
0.002,0.459,0.223,0.000,0.648
0.003,0.429,0.212,0.000,0.640
0.002,0.411,0.240,0.000,0.552
0.002,0.385,0.233,0.000,0.535
0.002,0.374,0.213,0.000,0.591
0.008,0.374,0.225,0.148,0.614
0.025,0.363,0.208,0.794,0.559
0.019,0.329,0.202,0.751,0.488
0.011,0.306,0.221,0.621,0.449
0.005,0.294,0.221,0.595,0.563
0.003,0.282,0.224,0.506,0.690
0.005,0.278,0.240,0.461,0.886
0.008,0.277,0.221,0.417,0.702
0.006,0.276,0.237,0.287,0.667
0.004,0.278,0.235,0.220,0.739
0.003,0.278,0.197,0.108,0.582
0.002,0.267,0.211,0.039,0.645
0.016,0.259,0.217,0.014,0.708
0.024,0.248,0.195,0.017,0.542
0.012,0.244,0.202,0.016,0.652
0.005,0.306,0.197,0.014,0.666
0.003,0.309,0.180,0.009,0.522
0.005,0.265,0.194,0.005,0.659
0.011,0.251,0.180,0.001,0.625
0.007,0.246,0.171,0.000,0.523
0.005,0.245,0.181,0.000,0.653
0.003,0.238,0.163,0.000,0.580
0.006,0.233,0.162,0.050,0.528
0.027,0.227,0.182,0.681,0.640
0.024,0.205,0.177,0.795,0.540
0.014,0.210,0.164,0.626,0.540
0.007,0.235,0.182,0.614,0.628
0.005,0.213,0.183,0.531,0.507
0.008,0.196,0.177,0.488,0.554
0.017,0.180,0.185,0.432,0.602
0.013,0.176,0.180,0.309,0.486
0.008,0.187,0.174,0.244,0.565
0.006,0.187,0.182,0.133,0.572
0.005,0.188,0.171,0.050,0.475
0.017,0.179,0.173,0.014,0.568
0.037,0.311,0.173,0.017,0.421
0.023,0.914,0.147,0.015,0.337
0.012,0.744,0.155,0.015,0.479
0.009,0.579,0.166,0.010,0.576
0.011,0.453,0.147,0.006,0.499
0.031,0.426,0.147,0.002,0.459
0.025,0.373,0.158,0.000,0.431
0.015,0.371,0.153,0.000,0.427
0.011,0.339,0.162,0.000,0.416
0.025,0.363,0.150,0.006,0.405
0.349,0.329,0.141,0.534,0.403
0.300,0.333,0.155,0.846,0.395
0.147,0.291,0.150,0.675,0.385
0.093,0.283,0.151,0.643,0.381
0.074,0.271,0.157,0.551,0.376
0.071,0.265,0.148,0.494,0.364
0.072,0.264,0.142,0.450,0.361
0.061,0.268,0.154,0.341,0.357
0.050,0.266,0.145,0.259,0.347
0.043,0.267,0.139,0.158,0.341
0.038,0.278,0.146,0.062,0.338
0.046,0.251,0.139,0.017,0.331
0.054,0.450,0.138,0.003,0.321
0.042,0.546,0.147,0.001,0.317
0.031,0.471,0.132,0.000,0.312
0.028,0.341,0.135,0.000,0.300
0.027,0.315,0.142,0.000,0.297
0.027,0.283,0.130,0.000,0.292
0.027,0.298,0.138,0.000,0.282
0.026,0.249,0.144,0.000,0.276
0.024,0.248,0.128,0.000,0.272
0.024,0.229,0.126,0.000,0.265
0.035,0.243,0.126,0.000,0.257
0.042,0.232,0.127,0.000,0.254
0.034,0.300,0.174,0.000,0.248
0.026,0.308,0.348,0.000,0.240
0.022,0.301,0.383,0.000,0.237
0.020,0.247,0.337,0.000,0.232
0.018,0.231,0.289,0.000,0.225
0.017,0.212,0.328,0.000,0.220
0.016,0.208,0.352,0.000,0.217
0.016,0.192,0.328,0.000,0.211
0.015,0.182,0.372,0.000,0.204
0.023,0.179,0.348,0.000,0.203
0.086,0.180,0.323,0.000,0.197
0.071,0.619,0.312,0.000,0.191
0.045,0.793,0.331,0.000,0.189
0.035,0.630,0.350,0.000,0.184
0.025,0.534,0.383,0.000,0.179
0.020,0.514,0.336,0.000,0.175
0.017,0.481,0.378,0.000,0.173
0.014,0.468,0.330,0.000,0.168
0.013,0.439,0.400,0.000,0.163
0.012,0.435,0.380,0.000,0.162
0.036,0.507,0.373,0.215,0.151
0.108,0.440,0.297,0.838,0.114
0.092,0.230,0.173,0.737,0.066
0.066,0.146,0.065,0.627,0.027
0.036,0.097,0.029,0.586,0.009
0.022,0.087,0.010,0.507,0.004
0.012,0.082,0.005,0.442,0.002
0.008,0.084,0.003,0.403,0.002
0.007,0.073,0.003,0.278,0.001
0.005,0.071,0.003,0.206,0.001
0.005,0.066,0.003,0.094,0.001
0.005,0.089,0.002,0.033,0.001
0.025,0.179,0.002,0.010,0.001
0.033,0.191,0.002,0.008,0.001
0.028,0.168,0.002,0.003,0.001
0.018,0.123,0.002,0.001,0.001
0.010,0.112,0.002,0.000,0.001
0.007,0.107,0.002,0.000,0.001
0.004,0.110,0.001,0.000,0.001
0.003,0.105,0.001,0.000,0.001
0.003,0.095,0.001,0.000,0.001
0.003,0.093,0.001,0.000,0.001
0.008,0.240,0.001,0.000,0.001
0.038,0.470,0.001,0.000,0.001
0.044,0.416,0.001,0.000,0.001
0.031,0.375,0.001,0.000,0.001
0.015,0.350,0.001,0.000,0.001
0.008,0.353,0.001,0.000,0.001
0.006,0.329,0.001,0.000,0.001
0.004,0.326,0.001,0.000,0.001
0.003,0.329,0.001,0.000,0.001
0.002,0.304,0.001,0.000,0.001
0.002,0.308,0.001,0.000,0.001
0.126,0.294,0.012,0.000,0.001
0.823,0.304,0.256,0.000,0.001
0.718,0.723,0.383,0.000,0.001
0.442,0.791,0.389,0.000,0.001
0.225,0.609,0.379,0.000,0.001
0.093,0.588,0.383,0.000,0.000
0.042,0.552,0.315,0.000,0.001
0.022,0.538,0.365,0.000,0.001
0.013,0.515,0.330,0.000,0.001
0.009,0.489,0.354,0.000,0.001
0.008,0.470,0.308,0.000,0.001
0.009,0.444,0.323,0.000,0.000
0.027,0.431,0.351,0.000,0.000
0.027,0.418,0.301,0.000,0.000
0.019,0.400,0.317,0.000,0.000
0.010,0.394,0.303,0.000,0.000
0.006,0.379,0.333,0.000,0.000
0.005,0.363,0.304,0.000,0.000
0.004,0.352,0.297,0.000,0.000
0.003,0.347,0.298,0.000,0.000
0.003,0.335,0.304,0.000,0.000
0.002,0.329,0.283,0.000,0.000
0.002,0.323,0.264,0.000,0.000
0.012,0.313,0.301,0.000,0.000
0.046,0.452,0.284,0.000,0.000
0.031,0.565,0.267,0.000,0.000
0.016,0.472,0.269,0.000,0.000
0.008,0.405,0.266,0.000,0.000
0.004,0.370,0.295,0.000,0.000
0.003,0.338,0.236,0.000,0.000
0.002,0.320,0.264,0.000,0.000
0.001,0.295,0.271,0.000,0.000
0.001,0.292,0.263,0.000,0.000
0.001,0.289,0.244,0.000,0.000
0.067,0.274,0.251,0.000,0.000
0.121,0.268,0.269,0.000,0.000
0.101,0.332,0.254,0.000,0.000
0.062,0.381,0.234,0.000,0.000
0.039,0.338,0.236,0.000,0.000
0.022,0.307,0.260,0.000,0.000
0.011,0.290,0.234,0.000,0.000
0.008,0.274,0.219,0.000,0.000
0.006,0.258,0.237,0.000,0.000
0.005,0.267,0.237,0.000,0.000
0.005,0.245,0.229,0.000,0.000
0.008,0.244,0.208,0.000,0.000
0.093,0.234,0.224,0.000,0.000
0.163,0.537,0.250,0.000,0.000
0.096,0.570,0.202,0.000,0.000
0.044,0.457,0.213,0.000,0.000
0.020,0.359,0.216,0.000,0.000
0.010,0.357,0.224,0.000,0.000
0.006,0.333,0.208,0.000,0.000
0.004,0.320,0.196,0.000,0.000
0.003,0.299,0.224,0.000,0.000
0.003,0.289,0.220,0.000,0.000
0.082,0.293,0.208,0.344,0.000
0.279,0.281,0.193,0.923,0.000
0.207,0.268,0.231,0.729,0.000
0.159,0.258,0.199,0.638,0.000
0.146,0.248,0.201,0.575,0.000
0.115,0.240,0.194,0.509,0.000
0.090,0.238,0.208,0.442,0.000
0.067,0.234,0.219,0.386,0.000
0.047,0.234,0.181,0.273,0.000
0.039,0.243,0.201,0.194,0.000
0.035,0.239,0.213,0.084,0.000
0.034,0.236,0.199,0.028,0.000
0.061,0.227,0.189,0.014,0.000
0.065,0.260,0.198,0.016,0.000
0.035,0.389,0.206,0.015,0.000
0.016,0.338,0.195,0.013,0.000
0.010,0.286,0.180,0.009,0.000
0.006,0.271,0.185,0.004,0.000
0.004,0.259,0.215,0.001,0.000
0.003,0.240,0.183,0.000,0.000
0.002,0.238,0.179,0.000,0.000
0.002,0.233,0.195,0.000,0.000
0.007,0.224,0.184,0.185,0.000
0.112,0.216,0.193,0.878,0.000
0.233,0.189,0.161,0.761,0.000
0.230,0.224,0.192,0.619,0.000
0.170,0.224,0.193,0.596,0.000
0.123,0.212,0.180,0.505,0.000
0.091,0.181,0.170,0.461,0.000
0.071,0.180,0.195,0.417,0.000
0.054,0.184,0.184,0.284,0.000
0.044,0.187,0.179,0.219,0.000
0.036,0.179,0.175,0.106,0.000
0.035,0.169,0.180,0.038,0.000
0.045,0.165,0.192,0.013,0.000
0.058,0.320,0.171,0.017,0.000
0.053,0.715,0.172,0.015,0.000
0.043,0.544,0.192,0.014,0.000
0.035,0.392,0.171,0.009,0.000
0.026,0.391,0.172,0.005,0.000
0.020,0.363,0.170,0.001,0.000
0.016,0.339,0.177,0.000,0.000
0.014,0.328,0.182,0.000,0.000
0.011,0.309,0.158,0.000,0.000
0.130,0.299,0.169,0.000,0.000
0.867,0.284,0.178,0.000,0.000
0.758,0.276,0.168,0.000,0.000
0.465,0.266,0.153,0.000,0.000
0.244,0.260,0.166,0.000,0.000
0.106,0.255,0.169,0.000,0.000
0.047,0.249,0.167,0.000,0.000
0.025,0.233,0.151,0.000,0.000
0.015,0.228,0.152,0.000,0.000
0.011,0.222,0.176,0.000,0.000
0.009,0.211,0.154,0.000,0.000
0.007,0.213,0.145,0.000,0.000
0.016,0.208,0.163,0.000,0.000
0.029,0.290,0.153,0.000,0.000
0.015,0.280,0.168,0.000,0.000
0.006,0.256,0.137,0.000,0.000
0.004,0.218,0.160,0.000,0.000
0.004,0.208,0.162,0.000,0.000
0.003,0.192,0.150,0.000,0.000
0.003,0.178,0.142,0.000,0.000
0.002,0.172,0.156,0.000,0.000
0.003,0.172,0.159,0.000,0.000
0.003,0.174,0.140,0.000,0.000
0.022,0.166,0.149,0.000,0.000
0.033,0.181,0.141,0.000,0.000
0.029,0.275,0.160,0.000,0.000
0.017,0.267,0.136,0.000,0.000
0.011,0.230,0.136,0.000,0.000
0.007,0.216,0.155,0.000,0.000
0.005,0.204,0.137,0.000,0.000
0.003,0.189,0.139,0.000,0.000
0.002,0.180,0.129,0.000,0.000
0.001,0.164,0.144,0.000,0.000
0.001,0.155,0.143,0.000,0.000
0.022,0.163,0.126,0.141,0.000
0.098,0.177,0.128,0.239,0.000
0.076,0.469,0.140,0.109,0.000
0.061,0.480,0.138,0.036,0.000
0.039,0.358,0.117,0.011,0.000
0.025,0.312,0.133,0.003,0.000
0.015,0.261,0.128,0.001,0.000
0.009,0.238,0.133,0.000,0.000
0.005,0.243,0.117,0.000,0.000
0.003,0.226,0.119,0.000,0.000
0.001,0.221,0.139,0.000,0.000
0.061,0.212,0.135,0.373,0.000
0.124,0.240,0.251,0.871,0.000
0.091,0.325,0.400,0.709,0.000
0.061,0.285,0.322,0.646,0.000
0.039,0.218,0.261,0.558,0.000
0.022,0.216,0.383,0.506,0.000
0.012,0.212,0.488,0.449,0.000
0.008,0.223,0.423,0.368,0.000
0.007,0.208,0.374,0.266,0.000
0.006,0.229,0.360,0.181,0.000
0.005,0.208,0.419,0.074,0.000
0.007,0.239,0.465,0.023,0.000
0.033,0.304,0.427,0.015,0.000
0.033,0.462,0.412,0.016,0.000
0.026,0.367,0.405,0.015,0.000
0.015,0.365,0.380,0.012,0.000
0.009,0.318,0.351,0.008,0.000
0.006,0.321,0.329,0.003,0.000
0.004,0.307,0.360,0.001,0.000
0.003,0.285,0.385,0.000,0.000
0.003,0.255,0.395,0.000,0.000
0.002,0.243,0.361,0.000,0.000
0.013,0.336,0.378,0.000,0.000
0.040,0.465,0.356,0.000,0.000
0.038,0.414,0.356,0.000,0.000
0.025,0.390,0.371,0.000,0.000
0.013,0.295,0.368,0.000,0.000
0.008,0.268,0.352,0.000,0.000
0.005,0.263,0.330,0.000,0.000
0.004,0.251,0.331,0.000,0.000
0.003,0.234,0.360,0.000,0.000
0.002,0.218,0.332,0.000,0.000
0.002,0.228,0.347,0.000,0.000
0.279,0.220,0.337,0.000,0.000
0.886,0.247,0.352,0.000,0.000
0.674,0.550,0.584,0.000,0.000
0.386,0.683,0.649,0.000,0.000
0.185,0.484,0.594,0.000,0.000
0.075,0.501,0.598,0.000,0.000
0.033,0.441,0.552,0.000,0.000
0.017,0.441,0.562,0.000,0.000
0.011,0.423,0.617,0.000,0.000
0.007,0.410,0.635,0.000,0.000
0.006,0.377,0.687,0.000,0.000
0.010,0.371,0.688,0.000,0.000
0.029,0.360,0.703,0.000,0.000
0.024,0.352,0.677,0.000,0.000
0.016,0.341,0.616,0.000,0.000
0.008,0.333,0.652,0.000,0.000
0.005,0.331,0.612,0.000,0.000
0.004,0.312,0.584,0.000,0.000
0.004,0.317,0.597,0.000,0.000
0.003,0.292,0.544,0.000,0.000
0.002,0.310,0.545,0.000,0.000
0.002,0.282,0.547,0.000,0.000
0.002,0.297,0.506,0.052,0.000
0.016,0.275,0.526,0.698,0.000
0.034,0.463,0.495,0.791,0.000
0.020,0.445,0.511,0.619,0.000
0.010,0.404,0.506,0.612,0.000
0.006,0.342,0.542,0.528,0.000
0.004,0.342,0.541,0.488,0.000
0.002,0.321,0.539,0.431,0.000
0.002,0.333,0.564,0.307,0.000
0.001,0.335,0.546,0.243,0.000
0.000,0.337,0.526,0.131,0.000
0.005,0.319,0.540,0.048,0.000
0.065,0.323,0.514,0.013,0.000
0.072,0.323,0.503,0.017,0.000
0.058,0.401,0.495,0.015,0.000
0.036,0.412,0.467,0.015,0.000
0.020,0.358,0.502,0.010,0.000
0.009,0.349,0.462,0.006,0.000
0.006,0.315,0.453,0.001,0.000
0.004,0.318,0.443,0.000,0.000
0.003,0.301,0.472,0.000,0.000
0.002,0.297,0.491,0.000,0.000
0.002,0.269,0.442,0.000,0.000
0.010,0.280,0.467,0.000,0.000
0.047,0.278,0.476,0.000,0.000
0.045,0.484,0.434,0.000,0.000
0.033,0.519,0.446,0.000,0.000
0.022,0.505,0.451,0.000,0.000
0.016,0.445,0.435,0.000,0.000
0.010,0.411,0.456,0.000,0.000
0.007,0.388,0.423,0.000,0.000
0.005,0.375,0.445,0.000,0.000
0.003,0.370,0.430,0.000,0.000
0.002,0.363,0.382,0.001,0.000
0.022,0.358,0.399,0.465,0.000
0.045,0.340,0.363,0.871,0.000
0.034,0.301,0.339,0.693,0.000
0.019,0.289,0.318,0.649,0.000
0.009,0.286,0.270,0.552,0.000
0.005,0.282,0.285,0.501,0.000
0.003,0.288,0.278,0.452,0.000
0.002,0.285,0.234,0.353,0.000
0.001,0.279,0.247,0.263,0.000
0.001,0.280,0.236,0.168,0.000
0.001,0.284,0.230,0.065,0.000
0.006,0.280,0.230,0.019,0.000
0.031,0.313,0.242,0.015,0.000
0.030,0.357,0.256,0.015,0.000
0.024,0.377,0.228,0.015,0.000
0.014,0.430,0.229,0.012,0.000
0.008,0.380,0.254,0.007,0.000
0.005,0.343,0.230,0.003,0.000
0.003,0.341,0.234,0.001,0.000
0.002,0.311,0.241,0.000,0.000
0.001,0.295,0.212,0.000,0.000
0.001,0.289,0.217,0.000,0.000
0.014,0.284,0.220,0.293,0.000
0.029,0.278,0.208,0.875,0.000
0.025,0.255,0.223,0.726,0.000
0.016,0.272,0.221,0.640,0.000
0.008,0.259,0.220,0.575,0.000
0.004,0.245,0.248,0.507,0.000
0.003,0.237,0.228,0.440,0.000
0.002,0.230,0.215,0.385,0.000
0.002,0.234,0.229,0.271,0.000
0.001,0.234,0.214,0.193,0.000
0.001,0.230,0.215,0.082,0.000
0.003,0.230,0.215,0.027,0.000
0.051,0.222,0.197,0.014,0.000
0.088,0.338,0.195,0.016,0.000
0.060,0.505,0.196,0.015,0.000
0.033,0.368,0.180,0.013,0.000
0.016,0.310,0.194,0.009,0.000
0.008,0.267,0.195,0.004,0.000
0.005,0.270,0.166,0.001,0.000
0.003,0.249,0.184,0.000,0.000
0.002,0.260,0.194,0.000,0.000
0.003,0.230,0.177,0.000,0.000
0.287,0.238,0.180,0.000,0.000
0.932,0.219,0.169,0.000,0.000
0.733,0.233,0.170,0.000,0.000
0.508,0.206,0.178,0.000,0.000
0.327,0.220,0.163,0.000,0.000
0.213,0.199,0.162,0.000,0.000
0.158,0.217,0.164,0.000,0.000
0.131,0.190,0.160,0.000,0.000
0.103,0.202,0.176,0.000,0.000
0.089,0.181,0.184,0.000,0.000
0.073,0.195,0.164,0.000,0.000
0.065,0.183,0.165,0.000,0.000
0.069,0.197,0.168,0.000,0.000
0.078,0.224,0.158,0.000,0.000
0.063,0.293,0.166,0.000,0.000
0.046,0.287,0.161,0.000,0.000
0.035,0.237,0.153,0.000,0.000
0.026,0.200,0.168,0.000,0.000
0.020,0.201,0.165,0.000,0.000
0.017,0.204,0.146,0.000,0.000
0.015,0.183,0.171,0.000,0.000
0.012,0.181,0.158,0.000,0.000
0.014,0.173,0.132,0.000,0.000
0.071,0.170,0.150,0.000,0.000
0.072,0.177,0.158,0.000,0.000
0.063,0.257,0.155,0.000,0.000
0.042,0.255,0.159,0.000,0.000
0.026,0.242,0.148,0.000,0.000
0.012,0.201,0.149,0.000,0.000
0.008,0.193,0.152,0.000,0.000
0.005,0.192,0.133,0.000,0.000
0.003,0.185,0.140,0.000,0.000
0.003,0.161,0.151,0.000,0.000
0.002,0.174,0.166,0.000,0.000
0.051,0.154,0.164,0.000,0.000
0.118,0.193,0.164,0.000,0.000
0.082,0.359,0.244,0.000,0.000
0.061,0.348,0.238,0.000,0.000
0.039,0.316,0.233,0.000,0.000
0.024,0.281,0.225,0.000,0.000
0.015,0.282,0.252,0.000,0.000
0.009,0.257,0.252,0.000,0.000
0.005,0.261,0.231,0.000,0.000
0.003,0.241,0.290,0.000,0.000
0.003,0.236,0.334,0.010,0.000
0.090,0.239,0.304,0.627,0.000
0.123,0.278,0.340,0.885,0.000
0.089,0.302,0.361,0.666,0.000
0.056,0.242,0.337,0.639,0.000
0.034,0.221,0.336,0.547,0.000
0.018,0.223,0.348,0.493,0.000
0.011,0.215,0.334,0.449,0.000
0.008,0.222,0.284,0.338,0.000
0.007,0.212,0.315,0.257,0.000
0.006,0.211,0.296,0.155,0.000
0.006,0.212,0.290,0.059,0.000
0.013,0.259,0.317,0.016,0.000
0.033,0.346,0.326,0.009,0.000
0.031,0.295,0.334,0.005,0.000
0.023,0.236,0.324,0.002,0.000
0.014,0.208,0.328,0.001,0.000
0.009,0.204,0.333,0.000,0.000
0.006,0.199,0.314,0.000,0.000
0.004,0.194,0.357,0.000,0.000
0.003,0.189,0.310,0.000,0.000
0.003,0.186,0.320,0.000,0.000
0.002,0.220,0.293,0.000,0.000
0.019,0.520,0.284,0.000,0.000
0.047,0.595,0.313,0.000,0.000
0.038,0.472,0.307,0.000,0.000
0.021,0.463,0.268,0.000,0.000
0.011,0.437,0.286,0.000,0.000
0.007,0.429,0.270,0.000,0.000
0.005,0.421,0.275,0.000,0.000
0.004,0.401,0.289,0.000,0.000
0.003,0.382,0.278,0.000,0.000
0.002,0.372,0.257,0.000,0.000
0.003,0.361,0.241,0.000,0.000
0.469,0.359,0.253,0.000,0.000
0.882,0.542,0.386,0.000,0.000
0.596,0.952,0.609,0.000,0.000
0.330,0.738,0.688,0.000,0.000
0.152,0.593,0.661,0.000,0.000
0.064,0.595,0.557,0.000,0.000
0.031,0.577,0.598,0.000,0.000
0.018,0.561,0.595,0.000,0.000
0.012,0.540,0.584,0.000,0.000
0.009,0.505,0.545,0.000,0.000
0.008,0.487,0.550,0.000,0.000
0.016,0.476,0.559,0.000,0.000
0.030,0.465,0.516,0.000,0.000
0.022,0.458,0.452,0.000,0.000
0.013,0.440,0.432,0.000,0.000
0.007,0.422,0.518,0.000,0.000
0.005,0.402,0.516,0.000,0.000
0.004,0.384,0.531,0.000,0.000
0.003,0.378,0.526,0.000,0.000
0.003,0.361,0.525,0.000,0.000
0.002,0.359,0.505,0.000,0.000
0.002,0.365,0.560,0.000,0.000
0.002,0.351,0.485,0.191,0.000
0.030,0.398,0.501,0.895,0.000
0.043,0.576,0.467,0.750,0.000
0.022,0.497,0.460,0.615,0.000
0.011,0.393,0.499,0.594,0.000
0.005,0.349,0.443,0.502,0.000
0.003,0.349,0.499,0.460,0.000
0.002,0.340,0.501,0.416,0.000
0.001,0.314,0.503,0.281,0.000
0.001,0.311,0.500,0.218,0.000
0.001,0.316,0.429,0.103,0.000
0.016,0.304,0.487,0.037,0.000
0.107,0.284,0.495,0.010,0.000
0.110,0.307,0.443,0.008,0.000
0.083,0.416,0.450,0.003,0.000
0.049,0.388,0.459,0.001,0.000
0.029,0.317,0.467,0.001,0.000
0.015,0.288,0.427,0.000,0.000
0.009,0.283,0.429,0.000,0.000
0.007,0.266,0.424,0.000,0.000
0.005,0.269,0.456,0.000,0.000
0.004,0.270,0.399,0.000,0.000
0.003,0.252,0.384,0.000,0.000
0.034,0.250,0.419,0.000,0.000
0.147,0.344,0.361,0.000,0.000
0.138,0.587,0.367,0.000,0.000
0.066,0.502,0.352,0.000,0.000
0.030,0.419,0.359,0.000,0.000
0.014,0.370,0.384,0.000,0.000
0.007,0.341,0.314,0.000,0.000
0.005,0.318,0.338,0.000,0.000
0.004,0.327,0.334,0.000,0.000
0.003,0.322,0.337,0.000,0.000
0.008,0.324,0.296,0.033,0.000
0.192,0.311,0.305,0.714,0.000
0.268,0.293,0.324,0.853,0.000
0.175,0.271,0.286,0.641,0.000
0.152,0.257,0.288,0.627,0.000
0.136,0.258,0.252,0.540,0.000
0.102,0.259,0.320,0.491,0.000
0.080,0.253,0.267,0.441,0.000
0.055,0.252,0.282,0.321,0.000
0.043,0.254,0.295,0.251,0.000
0.037,0.253,0.302,0.142,0.000
0.035,0.256,0.308,0.053,0.000
0.044,0.261,0.245,0.014,0.000
0.080,0.257,0.293,0.017,0.000
0.055,0.307,0.282,0.015,0.000
0.023,0.328,0.251,0.015,0.000
0.013,0.279,0.248,0.011,0.000
0.008,0.255,0.223,0.006,0.000
0.005,0.259,0.256,0.002,0.000
0.003,0.244,0.246,0.000,0.000
0.002,0.236,0.233,0.000,0.000
0.002,0.231,0.230,0.000,0.000
0.002,0.225,0.262,0.001,0.000
0.041,0.219,0.243,0.539,0.000
0.185,0.214,0.207,0.922,0.000
0.247,0.202,0.228,0.695,0.000
0.201,0.227,0.216,0.649,0.000
0.144,0.215,0.231,0.550,0.000
0.106,0.210,0.205,0.500,0.000
0.080,0.191,0.198,0.451,0.000
0.062,0.175,0.212,0.352,0.000
0.049,0.177,0.178,0.261,0.000
0.040,0.183,0.183,0.167,0.000
0.034,0.183,0.203,0.064,0.000
0.038,0.176,0.194,0.019,0.000
0.062,0.168,0.167,0.015,0.000
0.064,0.569,0.189,0.015,0.000
0.049,0.771,0.204,0.015,0.000
0.040,0.580,0.199,0.012,0.000
0.031,0.527,0.177,0.007,0.000
0.022,0.450,0.175,0.003,0.000
0.018,0.408,0.194,0.000,0.000
0.015,0.376,0.164,0.000,0.000
0.013,0.365,0.166,0.000,0.000
0.010,0.361,0.205,0.000,0.000
0.494,0.353,0.182,0.000,0.000
0.912,0.329,0.181,0.000,0.000
0.582,0.324,0.141,0.000,0.000
0.320,0.303,0.164,0.000,0.000
0.147,0.292,0.197,0.000,0.000
0.064,0.289,0.177,0.000,0.000
0.029,0.303,0.147,0.000,0.000
0.017,0.285,0.161,0.000,0.000
0.013,0.260,0.165,0.000,0.000
0.009,0.251,0.164,0.000,0.000
0.007,0.252,0.166,0.000,0.000
0.007,0.242,0.150,0.000,0.000
0.026,0.298,0.163,0.000,0.000
0.024,0.530,0.149,0.000,0.000
0.009,0.490,0.140,0.000,0.000
0.004,0.367,0.176,0.000,0.000
0.004,0.314,0.156,0.000,0.000
0.003,0.298,0.149,0.000,0.000
0.003,0.271,0.130,0.000,0.000
0.003,0.255,0.147,0.000,0.000
0.003,0.245,0.165,0.000,0.000
0.003,0.246,0.149,0.000,0.000
0.010,0.225,0.141,0.000,0.000
0.028,0.224,0.146,0.000,0.000
0.020,0.224,0.152,0.000,0.000
0.012,0.299,0.122,0.000,0.000
0.006,0.296,0.146,0.000,0.000
0.003,0.263,0.140,0.000,0.000
0.003,0.236,0.144,0.000,0.000
0.002,0.215,0.139,0.000,0.000
0.001,0.202,0.143,0.000,0.000
0.001,0.194,0.150,0.000,0.000
0.001,0.186,0.124,0.000,0.000
0.001,0.186,0.123,0.000,0.000
0.084,0.183,0.132,0.000,0.000
0.117,0.412,0.146,0.000,0.000
0.083,0.903,0.128,0.000,0.000
0.059,0.626,0.119,0.000,0.000
0.038,0.525,0.122,0.000,0.000
0.023,0.509,0.133,0.000,0.000
0.014,0.519,0.127,0.000,0.000
0.008,0.503,0.149,0.000,0.000
0.005,0.482,0.236,0.000,0.000
0.003,0.459,0.213,0.000,0.000
0.011,0.458,0.169,0.053,0.000
0.094,0.432,0.221,0.714,0.000
0.095,0.454,0.227,0.790,0.000
0.070,0.398,0.179,0.614,0.000
0.044,0.329,0.200,0.612,0.000
0.027,0.297,0.171,0.526,0.000
0.013,0.260,0.193,0.487,0.000
0.008,0.269,0.184,0.429,0.000
0.006,0.250,0.200,0.304,0.000
0.005,0.281,0.180,0.242,0.000
0.004,0.258,0.172,0.128,0.000
0.003,0.265,0.183,0.046,0.000
0.018,0.319,0.225,0.013,0.000
0.038,0.380,0.237,0.017,0.000
0.029,0.327,0.244,0.015,0.000
0.021,0.292,0.282,0.015,0.000
0.011,0.253,0.225,0.010,0.000
0.007,0.268,0.261,0.006,0.000
0.004,0.251,0.266,0.001,0.000
0.003,0.264,0.267,0.000,0.000
0.002,0.238,0.258,0.000,0.000
0.002,0.241,0.225,0.000,0.000
0.003,0.255,0.241,0.000,0.000
0.026,0.421,0.241,0.000,0.000
0.043,0.386,0.237,0.000,0.000
0.031,0.443,0.226,0.000,0.000
0.018,0.342,0.248,0.000,0.000
0.009,0.291,0.213,0.000,0.000
0.006,0.296,0.207,0.000,0.000
0.004,0.281,0.227,0.000,0.000
0.003,0.271,0.221,0.000,0.000
0.003,0.263,0.228,0.000,0.000
0.002,0.261,0.174,0.000,0.000
0.012,0.250,0.174,0.000,0.000
0.656,0.246,0.187,0.000,0.000
0.842,0.586,0.154,0.000,0.000
0.542,0.863,0.252,0.000,0.000
0.295,0.582,0.506,0.000,0.000
0.133,0.496,0.546,0.000,0.000
0.064,0.473,0.466,0.000,0.000
0.036,0.495,0.433,0.000,0.000
0.022,0.445,0.430,0.000,0.000
0.015,0.465,0.412,0.000,0.000
0.014,0.416,0.410,0.000,0.000
0.013,0.439,0.395,0.000,0.000
0.024,0.392,0.409,0.000,0.000
0.030,0.425,0.415,0.000,0.000
0.020,0.374,0.382,0.000,0.000
0.011,0.391,0.414,0.000,0.000
0.006,0.367,0.413,0.000,0.000
0.005,0.379,0.367,0.000,0.000
0.004,0.356,0.398,0.000,0.000
0.003,0.350,0.400,0.000,0.000
0.003,0.324,0.363,0.000,0.000
0.003,0.325,0.379,0.000,0.000
0.002,0.320,0.378,0.000,0.000
0.003,0.311,0.361,0.303,0.000
0.028,0.414,0.372,0.888,0.000
0.031,0.508,0.343,0.716,0.000
0.016,0.418,0.325,0.637,0.000
0.011,0.328,0.357,0.573,0.000
0.007,0.291,0.338,0.506,0.000
0.005,0.280,0.307,0.439,0.000
0.003,0.293,0.332,0.384,0.000
0.002,0.263,0.311,0.268,0.000
0.001,0.287,0.292,0.191,0.000
0.001,0.263,0.290,0.079,0.000
0.035,0.271,0.261,0.026,0.000
0.121,0.256,0.265,0.014,0.000
0.103,0.274,0.266,0.016,0.000
0.073,0.250,0.242,0.015,0.000
0.044,0.260,0.267,0.013,0.000
0.025,0.236,0.262,0.008,0.000
0.013,0.234,0.228,0.004,0.000
0.008,0.222,0.249,0.001,0.000
0.006,0.236,0.255,0.000,0.000
0.005,0.207,0.220,0.000,0.000
0.004,0.212,0.236,0.000,0.000
0.003,0.195,0.238,0.000,0.000
0.029,0.192,0.210,0.000,0.000
0.054,0.359,0.228,0.000,0.000
0.038,0.631,0.231,0.000,0.000
0.028,0.512,0.226,0.000,0.000
0.018,0.408,0.241,0.000,0.000
0.013,0.391,0.222,0.000,0.000
0.009,0.355,0.216,0.000,0.000
0.006,0.335,0.245,0.000,0.000
0.005,0.328,0.228,0.000,0.000
0.004,0.301,0.210,0.000,0.000
0.009,0.290,0.231,0.099,0.000
0.036,0.292,0.219,0.778,0.000
0.042,0.269,0.212,0.764,0.000
0.024,0.248,0.224,0.608,0.000
0.013,0.231,0.210,0.599,0.000
0.007,0.231,0.210,0.511,0.000
0.004,0.222,0.217,0.476,0.000
0.003,0.227,0.197,0.423,0.000
0.002,0.215,0.206,0.288,0.000
0.001,0.231,0.207,0.230,0.000
0.001,0.220,0.177,0.114,0.000
0.002,0.221,0.197,0.041,0.000
0.019,0.203,0.209,0.012,0.000
0.033,0.201,0.180,0.017,0.000
0.028,0.194,0.195,0.015,0.000
0.019,0.271,0.200,0.014,0.000
0.010,0.298,0.176,0.009,0.000
0.006,0.230,0.193,0.005,0.000
0.003,0.217,0.194,0.001,0.000
0.002,0.205,0.177,0.000,0.000
0.002,0.197,0.189,0.000,0.000
0.001,0.193,0.176,0.000,0.000
0.003,0.188,0.172,0.023,0.000
0.025,0.185,0.193,0.648,0.000
0.026,0.177,0.180,0.830,0.000
0.018,0.161,0.162,0.638,0.000
0.010,0.196,0.186,0.629,0.000
0.005,0.187,0.185,0.538,0.000
0.003,0.169,0.172,0.490,0.000
0.002,0.153,0.180,0.440,0.000
0.002,0.147,0.175,0.319,0.000
0.001,0.146,0.169,0.250,0.000
0.001,0.152,0.178,0.140,0.000
0.001,0.145,0.167,0.052,0.000
0.018,0.141,0.168,0.014,0.000
0.079,0.148,0.172,0.017,0.000
0.077,0.504,0.150,0.015,0.000
0.046,0.639,0.163,0.015,0.000
0.023,0.433,0.172,0.010,0.000
0.012,0.319,0.147,0.006,0.000
0.006,0.341,0.152,0.002,0.000
0.004,0.283,0.164,0.000,0.000
0.003,0.307,0.153,0.000,0.000
0.002,0.254,0.158,0.000,0.000
0.013,0.291,0.150,0.000,0.000
0.700,0.247,0.141,0.000,0.000
0.902,0.276,0.157,0.000,0.000
0.627,0.244,0.155,0.000,0.000
0.428,0.265,0.145,0.000,0.000
0.269,0.229,0.154,0.000,0.000
0.189,0.247,0.148,0.000,0.000
0.148,0.223,0.134,0.000,0.000
0.120,0.235,0.151,0.000,0.000
0.098,0.253,0.149,0.000,0.000
0.085,0.232,0.138,0.000,0.000
0.070,0.207,0.146,0.000,0.000
0.065,0.212,0.143,0.000,0.000
0.077,0.224,0.134,0.000,0.000
0.073,0.335,0.144,0.000,0.000
0.054,0.358,0.133,0.000,0.000
0.041,0.295,0.133,0.000,0.000
0.032,0.256,0.145,0.000,0.000
0.023,0.220,0.130,0.000,0.000
0.019,0.224,0.137,0.000,0.000
0.016,0.198,0.144,0.000,0.000
0.014,0.208,0.126,0.000,0.000
0.011,0.180,0.127,0.000,0.000
0.038,0.195,0.133,0.000,0.000
0.082,0.170,0.128,0.000,0.000
0.065,0.239,0.344,0.000,0.000
0.051,0.289,0.582,0.000,0.000
0.035,0.278,0.550,0.000,0.000
0.019,0.207,0.500,0.000,0.000
0.009,0.191,0.434,0.000,0.000
0.006,0.184,0.441,0.000,0.000
0.004,0.184,0.450,0.000,0.000
0.003,0.176,0.439,0.000,0.000
0.002,0.163,0.472,0.000,0.000
0.004,0.149,0.432,0.000,0.000
0.107,0.152,0.454,0.000,0.000
0.100,0.422,0.436,0.000,0.000
0.075,0.653,0.384,0.000,0.000
0.051,0.483,0.455,0.000,0.000
0.031,0.412,0.437,0.000,0.000
0.020,0.368,0.401,0.000,0.000
0.012,0.356,0.415,0.000,0.000
0.007,0.335,0.360,0.000,0.000
0.004,0.322,0.337,0.000,0.000
0.002,0.307,0.371,0.000,0.000
0.028,0.290,0.345,0.000,0.000
0.130,0.305,0.310,0.000,0.000
0.102,0.359,0.174,0.000,0.000
0.074,0.310,0.081,0.000,0.000
0.045,0.262,0.042,0.000,0.000
0.026,0.255,0.022,0.000,0.000
0.013,0.241,0.015,0.000,0.000
0.009,0.223,0.013,0.000,0.000
0.007,0.217,0.012,0.000,0.000
0.006,0.203,0.008,0.000,0.000
0.006,0.193,0.009,0.000,0.000
0.007,0.202,0.007,0.000,0.000
0.025,0.323,0.006,0.000,0.000
0.034,0.323,0.007,0.000,0.000
0.029,0.268,0.007,0.000,0.000
0.019,0.230,0.006,0.000,0.000
0.011,0.204,0.008,0.000,0.000
0.007,0.200,0.011,0.000,0.000
0.004,0.198,0.008,0.000,0.000
0.003,0.191,0.007,0.000,0.000
0.003,0.173,0.007,0.000,0.000
0.003,0.168,0.005,0.000,0.000
0.006,0.368,0.006,0.000,0.000
0.035,0.725,0.006,0.000,0.000
0.046,0.541,0.007,0.000,0.000
0.031,0.509,0.005,0.000,0.000
0.015,0.482,0.006,0.000,0.000
0.009,0.479,0.007,0.000,0.000
0.006,0.452,0.010,0.000,0.000
0.004,0.443,0.008,0.000,0.000
0.003,0.406,0.010,0.000,0.000
0.003,0.394,0.007,0.000,0.000
0.002,0.390,0.007,0.000,0.000
0.076,0.381,0.009,0.000,0.000
0.815,0.394,0.233,0.000,0.000
0.754,0.772,0.388,0.000,0.000
0.472,0.778,0.389,0.000,0.000
0.243,0.569,0.382,0.000,0.000
0.107,0.560,0.387,0.000,0.000
0.053,0.582,0.319,0.000,0.000
0.031,0.565,0.363,0.000,0.000
0.019,0.540,0.331,0.000,0.000
0.014,0.503,0.364,0.000,0.000
0.012,0.474,0.298,0.000,0.000
0.011,0.465,0.328,0.000,0.000
0.029,0.460,0.348,0.000,0.000
0.028,0.451,0.303,0.000,0.000
0.021,0.434,0.318,0.000,0.000
0.011,0.423,0.301,0.000,0.000
0.007,0.407,0.344,0.000,0.000
0.006,0.391,0.296,0.000,0.000
0.004,0.369,0.289,0.000,0.000
0.003,0.364,0.289,0.000,0.000
0.003,0.365,0.316,0.000,0.000
0.002,0.356,0.280,0.000,0.000
0.002,0.349,0.268,0.000,0.000
0.009,0.328,0.301,0.000,0.000
0.045,0.488,0.282,0.000,0.000
0.032,0.576,0.275,0.000,0.000
0.017,0.452,0.262,0.000,0.000
0.008,0.412,0.276,0.000,0.000
0.004,0.365,0.299,0.000,0.000
0.003,0.365,0.241,0.000,0.000
0.002,0.345,0.265,0.000,0.000
0.001,0.330,0.270,0.000,0.000
0.001,0.326,0.267,0.000,0.000
0.001,0.310,0.248,0.000,0.000
0.053,0.305,0.256,0.000,0.000
0.113,0.292,0.273,0.000,0.000
0.097,0.366,0.257,0.000,0.000
0.061,0.399,0.227,0.000,0.000
0.038,0.345,0.234,0.000,0.000
0.021,0.320,0.259,0.000,0.000
0.010,0.304,0.233,0.000,0.000
0.007,0.294,0.224,0.000,0.000
0.005,0.287,0.232,0.000,0.000
0.004,0.279,0.241,0.000,0.000
0.003,0.264,0.233,0.000,0.000
0.005,0.272,0.202,0.000,0.000
0.086,0.259,0.232,0.000,0.000
0.167,0.460,0.247,0.000,0.000
0.099,0.577,0.205,0.000,0.000
0.045,0.449,0.209,0.000,0.000
0.020,0.360,0.212,0.000,0.000
0.010,0.359,0.227,0.000,0.000
0.006,0.342,0.211,0.000,0.000
0.004,0.327,0.198,0.000,0.000
0.003,0.308,0.256,0.000,0.000
0.003,0.303,0.240,0.000,0.000
0.061,0.300,0.260,0.000,0.000
0.280,0.299,0.291,0.000,0.000
0.211,0.298,0.515,0.000,0.000
0.158,0.291,0.582,0.000,0.000
0.147,0.279,0.508,0.000,0.000
0.118,0.271,0.415,0.000,0.000
0.092,0.257,0.429,0.000,0.000
0.069,0.258,0.477,0.000,0.000
0.047,0.261,0.557,0.000,0.000
0.039,0.271,0.624,0.000,0.000
0.035,0.261,0.612,0.000,0.000
0.034,0.251,0.545,0.000,0.000
0.064,0.241,0.526,0.000,0.000
0.072,0.259,0.486,0.000,0.000
0.037,0.391,0.485,0.000,0.000
0.016,0.340,0.458,0.000,0.000
0.011,0.303,0.459,0.000,0.000
0.006,0.286,0.452,0.000,0.000
0.004,0.269,0.524,0.000,0.000
0.003,0.250,0.462,0.000,0.000
0.002,0.251,0.397,0.000,0.000
0.002,0.243,0.381,0.000,0.000
0.011,0.237,0.317,0.000,0.000
0.124,0.236,0.345,0.000,0.000
0.255,0.490,0.451,0.000,0.000
0.252,0.488,0.435,0.000,0.000
0.182,0.375,0.431,0.000,0.000
0.130,0.327,0.441,0.000,0.000
0.094,0.255,0.464,0.000,0.000
0.073,0.227,0.528,0.000,0.000
0.055,0.217,0.546,0.000,0.000
0.045,0.209,0.457,0.000,0.000
0.036,0.206,0.375,0.000,0.000
0.034,0.191,0.366,0.000,0.000
0.048,0.189,0.393,0.000,0.000
0.066,0.245,0.310,0.000,0.000
0.057,0.741,0.332,0.000,0.000
0.043,0.730,0.339,0.000,0.000
0.036,0.528,0.334,0.000,0.000
0.027,0.478,0.343,0.000,0.000
0.020,0.453,0.309,0.000,0.000
0.016,0.410,0.317,0.000,0.000
0.014,0.405,0.478,0.000,0.000
0.011,0.376,0.337,0.000,0.000
0.078,0.367,0.339,0.000,0.000
0.854,0.343,0.398,0.000,0.000
0.788,0.319,0.394,0.000,0.000
0.482,0.301,0.403,0.000,0.000
0.249,0.290,0.465,0.000,0.000
0.105,0.279,0.527,0.000,0.000
0.046,0.278,0.548,0.000,0.000
0.023,0.276,0.525,0.000,0.000
0.015,0.250,0.535,0.000,0.000
0.010,0.254,0.574,0.000,0.000
0.008,0.250,0.437,0.000,0.000
0.006,0.240,0.373,0.000,0.000
0.013,0.240,0.342,0.000,0.000
0.030,0.300,0.317,0.000,0.000
0.016,0.359,0.314,0.000,0.000
0.006,0.379,0.279,0.000,0.000
0.004,0.360,0.292,0.000,0.000
0.003,0.294,0.236,0.000,0.000
0.003,0.260,0.221,0.000,0.000
0.003,0.246,0.215,0.000,0.000
0.003,0.220,0.222,0.000,0.000
0.003,0.210,0.202,0.000,0.000
0.003,0.210,0.191,0.000,0.000
0.021,0.206,0.205,0.000,0.000
0.033,0.208,0.198,0.000,0.000
0.030,0.303,0.235,0.000,0.000
0.017,0.307,0.213,0.000,0.000
0.011,0.240,0.211,0.000,0.000
0.007,0.229,0.217,0.000,0.000
0.005,0.206,0.180,0.000,0.000
0.003,0.209,0.181,0.000,0.000
0.002,0.203,0.167,0.000,0.000
0.001,0.182,0.194,0.000,0.000
0.001,0.168,0.181,0.000,0.000
0.016,0.179,0.155,0.000,0.000
0.111,0.324,0.167,0.000,0.000
0.082,0.582,0.186,0.000,0.000
0.066,0.553,0.174,0.000,0.000
0.043,0.417,0.139,0.000,0.000
0.027,0.354,0.152,0.000,0.000
0.017,0.299,0.149,0.000,0.000
0.010,0.272,0.165,0.000,0.000
0.006,0.255,0.152,0.000,0.000
0.004,0.234,0.158,0.000,0.000
0.002,0.231,0.169,0.000,0.000
0.040,0.232,0.141,0.000,0.000
0.096,0.258,0.134,0.000,0.000
0.077,0.347,0.138,0.000,0.000
0.054,0.312,0.142,0.000,0.000
0.034,0.254,0.144,0.000,0.000
0.018,0.255,0.126,0.000,0.000
0.009,0.244,0.135,0.000,0.000
0.006,0.272,0.139,0.000,0.000
0.005,0.240,0.128,0.000,0.000
0.004,0.249,0.123,0.000,0.000
0.003,0.233,0.129,0.000,0.000
0.004,0.269,0.137,0.000,0.000
0.033,0.402,0.127,0.000,0.000
0.033,0.752,0.127,0.000,0.000
0.026,0.572,0.125,0.000,0.000
0.015,0.494,0.132,0.000,0.000
0.008,0.399,0.117,0.000,0.000
0.005,0.370,0.112,0.000,0.000
0.003,0.354,0.126,0.000,0.000
0.002,0.328,0.117,0.000,0.000
0.002,0.296,0.119,0.000,0.000
0.001,0.284,0.107,0.000,0.000
0.009,0.370,0.127,0.000,0.000
0.039,0.461,0.122,0.000,0.000
0.038,0.500,0.109,0.000,0.000
0.026,0.501,0.107,0.000,0.000
0.013,0.384,0.114,0.000,0.000
0.008,0.366,0.119,0.000,0.000
0.005,0.347,0.102,0.000,0.000
0.004,0.319,0.108,0.000,0.000
0.003,0.307,0.109,0.000,0.000
0.002,0.296,0.114,0.000,0.000
0.001,0.290,0.101,0.000,0.000
0.209,0.281,0.102,0.000,0.000
0.908,0.312,0.123,0.000,0.000
0.699,0.648,0.385,0.000,0.000
0.420,0.785,0.574,0.000,0.000
0.205,0.679,0.551,0.000,0.000
0.090,0.621,0.493,0.000,0.000
0.050,0.600,0.450,0.000,0.000
0.029,0.592,0.508,0.000,0.000
0.018,0.531,0.496,0.000,0.000
0.014,0.508,0.459,0.000,0.000
0.012,0.500,0.485,0.000,0.000
0.012,0.483,0.485,0.000,0.000
0.031,0.456,0.471,0.000,0.000
0.026,0.441,0.475,0.000,0.000
0.018,0.432,0.438,0.000,0.000
0.009,0.418,0.442,0.000,0.000
0.006,0.397,0.458,0.000,0.000
0.005,0.379,0.426,0.000,0.000
0.004,0.374,0.421,0.000,0.000
0.003,0.346,0.438,0.000,0.000
0.002,0.346,0.403,0.000,0.000
0.002,0.345,0.415,0.000,0.000
0.002,0.358,0.438,0.000,0.000
0.013,0.329,0.405,0.000,0.000
0.035,0.570,0.413,0.000,0.000
0.021,0.686,0.408,0.000,0.000
0.010,0.580,0.395,0.000,0.000
0.006,0.535,0.416,0.000,0.000
0.004,0.520,0.397,0.000,0.000
0.002,0.471,0.354,0.000,0.000
0.002,0.463,0.390,0.000,0.000
0.001,0.410,0.389,0.000,0.000
0.000,0.421,0.349,0.000,0.000
0.002,0.406,0.373,0.000,0.000
0.084,0.411,0.368,0.000,0.000
0.106,0.380,0.342,0.000,0.000
0.073,0.477,0.362,0.000,0.000
0.045,0.500,0.354,0.000,0.000
0.028,0.443,0.348,0.000,0.000
0.014,0.387,0.360,0.000,0.000
0.008,0.359,0.332,0.000,0.000
0.006,0.344,0.332,0.000,0.000
0.005,0.329,0.364,0.000,0.000
0.005,0.324,0.325,0.000,0.000
0.004,0.302,0.310,0.000,0.000
0.009,0.303,0.341,0.000,0.000
0.045,0.294,0.318,0.000,0.000
0.047,0.468,0.311,0.000,0.000
0.034,0.599,0.320,0.000,0.000
0.023,0.558,0.290,0.000,0.000
0.016,0.459,0.298,0.000,0.000
0.011,0.442,0.300,0.000,0.000
0.007,0.423,0.279,0.000,0.000
0.006,0.406,0.319,0.000,0.000
0.004,0.397,0.316,0.000,0.000
0.004,0.388,0.284,0.000,0.000
0.020,0.380,0.403,0.000,0.000
0.045,0.379,0.386,0.000,0.000
0.035,0.358,0.284,0.000,0.000
0.020,0.364,0.301,0.000,0.000
0.010,0.356,0.336,0.000,0.000
0.006,0.349,0.319,0.000,0.000
0.004,0.336,0.334,0.000,0.000
0.003,0.323,0.302,0.000,0.000
0.002,0.325,0.267,0.000,0.000
0.001,0.327,0.273,0.000,0.000
0.001,0.312,0.280,0.000,0.000
0.005,0.303,0.254,0.000,0.000
0.030,0.332,0.290,0.000,0.000
0.030,0.470,0.281,0.000,0.000
0.024,0.455,0.246,0.000,0.000
0.015,0.550,0.306,0.000,0.000
0.008,0.472,0.303,0.000,0.000
0.005,0.425,0.294,0.000,0.000
0.003,0.393,0.287,0.000,0.000
0.002,0.354,0.265,0.000,0.000
0.001,0.331,0.247,0.000,0.000
0.001,0.325,0.310,0.000,0.000
0.011,0.321,0.304,0.000,0.000
0.029,0.304,0.259,0.000,0.000
0.025,0.297,0.256,0.000,0.000
0.016,0.298,0.289,0.000,0.000
0.008,0.301,0.391,0.000,0.000
0.004,0.287,0.394,0.000,0.000
0.003,0.275,0.470,0.000,0.000
0.002,0.262,0.629,0.000,0.000
0.002,0.255,0.623,0.000,0.000
0.001,0.251,0.523,0.000,0.000
0.001,0.239,0.549,0.000,0.000
0.002,0.240,0.570,0.000,0.000
0.047,0.237,0.527,0.000,0.000
0.091,0.424,0.533,0.000,0.000
0.061,0.913,0.494,0.000,0.000
0.034,0.574,0.465,0.000,0.000
0.016,0.507,0.446,0.000,0.000
0.009,0.463,0.281,0.000,0.000
0.005,0.434,0.267,0.000,0.000
0.003,0.403,0.283,0.000,0.000
0.002,0.414,0.302,0.000,0.000
0.003,0.389,0.250,0.000,0.000
0.213,0.389,0.285,0.000,0.000
0.946,0.358,0.489,0.000,0.000
0.739,0.361,0.445,0.000,0.000
0.512,0.357,0.420,0.000,0.000
0.331,0.335,0.424,0.000,0.000
0.215,0.346,0.463,0.000,0.000
0.160,0.310,0.514,0.000,0.000
0.132,0.326,0.473,0.000,0.000
0.104,0.297,0.462,0.000,0.000
0.090,0.316,0.363,0.000,0.000
0.075,0.287,0.286,0.000,0.000
0.066,0.311,0.273,0.000,0.000
0.069,0.291,0.293,0.000,0.000
0.080,0.429,0.288,0.000,0.000
0.064,0.481,0.299,0.000,0.000
0.046,0.486,0.273,0.000,0.000
0.036,0.349,0.246,0.000,0.000
0.027,0.359,0.258,0.000,0.000
0.020,0.328,0.254,0.000,0.000
0.017,0.341,0.194,0.000,0.000
0.015,0.320,0.197,0.000,0.000
0.013,0.337,0.213,0.000,0.000
0.011,0.303,0.229,0.000,0.000
0.026,0.301,0.240,0.000,0.000
0.029,0.297,0.304,0.000,0.000
0.025,0.398,0.361,0.000,0.000
0.018,0.384,0.355,0.000,0.000
0.013,0.312,0.451,0.000,0.000
0.008,0.287,0.518,0.000,0.000
0.004,0.259,0.547,0.000,0.000
0.003,0.272,0.508,0.000,0.000
0.002,0.250,0.422,0.000,0.000
0.002,0.262,0.407,0.000,0.000
0.001,0.224,0.372,0.000,0.000
0.038,0.263,0.366,0.000,0.000
0.116,0.300,0.396,0.000,0.000
0.077,0.492,0.396,0.000,0.000
0.060,0.421,0.367,0.000,0.000
0.038,0.385,0.376,0.000,0.000
0.024,0.377,0.362,0.000,0.000
0.014,0.368,0.299,0.000,0.000
0.009,0.341,0.311,0.000,0.000
0.005,0.341,0.270,0.000,0.000
0.003,0.348,0.209,0.000,0.000
0.002,0.327,0.184,0.000,0.000
0.087,0.333,0.385,0.000,0.000
0.138,0.360,0.475,0.000,0.000
0.093,0.358,0.536,0.000,0.000
0.060,0.288,0.519,0.000,0.000
0.037,0.278,0.358,0.000,0.000
0.020,0.275,0.307,0.000,0.000
0.011,0.271,0.289,0.000,0.000
0.009,0.257,0.245,0.000,0.000
0.007,0.252,0.279,0.000,0.000
0.007,0.239,0.301,0.000,0.000
0.007,0.230,0.279,0.000,0.000
0.012,0.266,0.317,0.000,0.000
0.034,0.318,0.352,0.000,0.000
0.032,0.277,0.343,0.000,0.000
0.025,0.237,0.347,0.000,0.000
0.015,0.213,0.337,0.000,0.000
0.009,0.220,0.303,0.000,0.000
0.006,0.213,0.293,0.000,0.000
0.004,0.200,0.296,0.000,0.000
0.003,0.191,0.346,0.000,0.000
0.003,0.180,0.398,0.000,0.000
0.003,0.200,0.378,0.000,0.000
0.017,0.421,0.402,0.000,0.000
0.046,0.455,0.408,0.000,0.000
0.039,0.395,0.389,0.000,0.000
0.023,0.362,0.409,0.000,0.000
0.011,0.364,0.390,0.000,0.000
0.007,0.341,0.357,0.000,0.000
0.005,0.330,0.341,0.000,0.000
0.004,0.319,0.313,0.000,0.000
0.003,0.307,0.279,0.000,0.000
0.002,0.308,0.275,0.000,0.000
0.002,0.311,0.287,0.000,0.000
0.397,0.293,0.302,0.000,0.000
0.931,0.454,0.394,0.000,0.000
0.629,0.877,0.602,0.000,0.000
0.356,0.623,0.677,0.000,0.000
0.167,0.521,0.701,0.000,0.000
0.073,0.540,0.628,0.000,0.000
0.041,0.525,0.604,0.000,0.000
0.025,0.487,0.693,0.000,0.000
0.017,0.477,0.658,0.000,0.000
0.014,0.453,0.596,0.000,0.000
0.012,0.430,0.645,0.000,0.000
0.017,0.419,0.627,0.000,0.000
0.034,0.402,0.660,0.000,0.000
0.024,0.395,0.595,0.000,0.000
0.015,0.385,0.603,0.000,0.000
0.008,0.369,0.662,0.000,0.000
0.006,0.362,0.556,0.000,0.000
0.005,0.356,0.524,0.000,0.000
0.004,0.350,0.455,0.000,0.000
0.003,0.357,0.477,0.000,0.000
0.002,0.345,0.445,0.000,0.000
0.002,0.341,0.457,0.000,0.000
0.002,0.329,0.474,0.000,0.000
0.027,0.340,0.427,0.000,0.000
0.047,0.560,0.404,0.000,0.000
0.023,0.565,0.359,0.000,0.000
0.012,0.463,0.413,0.000,0.000
0.005,0.400,0.417,0.000,0.000
0.003,0.370,0.383,0.000,0.000
0.002,0.334,0.386,0.000,0.000
0.001,0.323,0.420,0.000,0.000
0.001,0.322,0.380,0.000,0.000
0.001,0.329,0.337,0.000,0.000
0.009,0.304,0.336,0.000,0.000
0.085,0.277,0.354,0.000,0.000
0.097,0.279,0.315,0.000,0.000
0.078,0.376,0.295,0.000,0.000
0.044,0.371,0.308,0.000,0.000
0.027,0.334,0.330,0.000,0.000
0.013,0.307,0.289,0.000,0.000
0.008,0.293,0.293,0.000,0.000
0.005,0.275,0.271,0.000,0.000
0.004,0.264,0.336,0.000,0.000
0.003,0.261,0.303,0.000,0.000
0.002,0.246,0.287,0.000,0.000
0.025,0.250,0.313,0.000,0.000
0.143,0.256,0.272,0.000,0.000
0.146,0.502,0.305,0.000,0.000
0.067,0.468,0.249,0.000,0.000
0.030,0.403,0.281,0.000,0.000
0.014,0.345,0.292,0.000,0.000
0.007,0.322,0.229,0.000,0.000
0.005,0.304,0.256,0.000,0.000
0.003,0.293,0.250,0.000,0.000
0.003,0.284,0.265,0.000,0.000
0.005,0.281,0.245,0.000,0.000
0.174,0.274,0.246,0.000,0.000
0.285,0.275,0.273,0.000,0.000
0.175,0.272,0.267,0.000,0.000
0.153,0.265,0.263,0.000,0.000
0.139,0.262,0.252,0.000,0.000
0.103,0.258,0.310,0.000,0.000
0.082,0.245,0.280,0.000,0.000
0.056,0.237,0.313,0.000,0.000
0.043,0.237,0.323,0.000,0.000
0.037,0.232,0.340,0.000,0.000
0.035,0.232,0.353,0.000,0.000
0.040,0.229,0.256,0.000,0.000
0.079,0.222,0.291,0.000,0.000
0.057,0.286,0.269,0.000,0.000
0.024,0.372,0.259,0.000,0.000
0.013,0.299,0.231,0.000,0.000
0.009,0.274,0.259,0.000,0.000
0.005,0.263,0.259,0.000,0.000
0.003,0.252,0.247,0.000,0.000
0.002,0.243,0.239,0.000,0.000
0.002,0.222,0.231,0.000,0.000
0.001,0.218,0.244,0.000,0.000
0.032,0.212,0.204,0.000,0.000
0.177,0.213,0.203,0.000,0.000
0.250,0.207,0.222,0.000,0.000
0.205,0.232,0.249,0.000,0.000
0.146,0.211,0.244,0.000,0.000
0.108,0.208,0.225,0.000,0.000
0.081,0.195,0.289,0.000,0.000
0.064,0.177,0.350,0.000,0.000
0.049,0.169,0.388,0.000,0.000
0.041,0.170,0.442,0.000,0.000
0.034,0.167,0.516,0.000,0.000
0.037,0.156,0.449,0.000,0.000
0.059,0.156,0.334,0.000,0.000
0.064,0.479,0.324,0.000,0.000
0.050,0.896,0.324,0.000,0.000
0.040,0.571,0.304,0.000,0.000
0.031,0.468,0.282,0.000,0.000
0.022,0.474,0.263,0.000,0.000
0.018,0.424,0.265,0.000,0.000
0.015,0.400,0.224,0.000,0.000
0.013,0.381,0.193,0.000,0.000
0.010,0.358,0.208,0.000,0.000
0.411,0.343,0.210,0.000,0.000
0.951,0.335,0.398,0.000,0.000
0.589,0.321,0.359,0.000,0.000
0.332,0.307,0.408,0.000,0.000
0.155,0.299,0.462,0.000,0.000
0.066,0.289,0.526,0.000,0.000
0.032,0.282,0.439,0.000,0.000
0.018,0.279,0.361,0.000,0.000
0.012,0.277,0.445,0.000,0.000
0.009,0.261,0.462,0.000,0.000
0.007,0.248,0.505,0.000,0.000
0.006,0.243,0.458,0.000,0.000
0.025,0.290,0.479,0.000,0.000
0.025,0.502,0.444,0.000,0.000
0.009,0.465,0.417,0.000,0.000
0.004,0.364,0.444,0.000,0.000
0.003,0.304,0.434,0.000,0.000
0.003,0.280,0.422,0.000,0.000
0.003,0.269,0.413,0.000,0.000
0.002,0.264,0.428,0.000,0.000
0.002,0.249,0.348,0.000,0.000
0.002,0.238,0.291,0.000,0.000
0.007,0.220,0.272,0.000,0.000
0.027,0.214,0.311,0.000,0.000
0.020,0.248,0.307,0.000,0.000
0.013,0.301,0.243,0.000,0.000
0.005,0.294,0.221,0.000,0.000
0.003,0.268,0.177,0.000,0.000
0.003,0.240,0.181,0.000,0.000
0.002,0.220,0.148,0.000,0.000
0.001,0.207,0.151,0.000,0.000
0.001,0.195,0.168,0.000,0.000
0.001,0.194,0.155,0.000,0.000
0.001,0.194,0.146,0.000,0.000
0.054,0.172,0.157,0.000,0.000
0.096,0.431,0.176,0.000,0.000
0.070,0.813,0.150,0.000,0.000
0.051,0.583,0.139,0.000,0.000
0.032,0.491,0.144,0.000,0.000
0.020,0.467,0.171,0.000,0.000
0.012,0.469,0.169,0.000,0.000
0.007,0.442,0.149,0.000,0.000
0.004,0.429,0.166,0.000,0.000
0.003,0.423,0.174,0.000,0.000
0.007,0.417,0.142,0.000,0.000
0.109,0.397,0.133,0.000,0.000
0.116,0.517,0.135,0.000,0.000
0.082,0.447,0.156,0.000,0.000
0.055,0.349,0.129,0.000,0.000
0.037,0.323,0.120,0.000,0.000
0.022,0.313,0.135,0.000,0.000
0.016,0.288,0.152,0.000,0.000
0.013,0.287,0.134,0.000,0.000
0.011,0.276,0.130,0.000,0.000
0.010,0.265,0.136,0.000,0.000
0.010,0.260,0.130,0.000,0.000
0.019,0.335,0.117,0.000,0.000
0.040,0.388,0.114,0.000,0.000
0.031,0.333,0.125,0.000,0.000
0.023,0.302,0.131,0.000,0.000
0.013,0.271,0.111,0.000,0.000
0.009,0.269,0.130,0.000,0.000
0.006,0.254,0.120,0.000,0.000
0.005,0.268,0.122,0.000,0.000
0.004,0.234,0.119,0.000,0.000
0.005,0.243,0.114,0.000,0.000
0.005,0.244,0.138,0.000,0.000
0.022,0.362,0.114,0.000,0.000
0.026,0.361,0.115,0.000,0.000
0.016,0.442,0.112,0.000,0.000
0.008,0.363,0.117,0.000,0.000
0.005,0.299,0.110,0.000,0.000
0.003,0.297,0.097,0.000,0.000
0.003,0.302,0.115,0.000,0.000
0.002,0.268,0.107,0.000,0.000
0.002,0.276,0.131,0.000,0.000
0.002,0.256,0.084,0.000,0.000
0.004,0.264,0.126,0.000,0.000
0.602,0.258,0.113,0.000,0.000
0.876,0.507,0.113,0.000,0.000
0.537,0.867,0.170,0.000,0.000
0.295,0.677,0.479,0.000,0.000
0.126,0.548,0.516,0.000,0.000
0.055,0.512,0.463,0.000,0.000
0.028,0.487,0.443,0.000,0.000
0.017,0.433,0.428,0.000,0.000
0.011,0.448,0.407,0.000,0.000
0.008,0.419,0.422,0.000,0.000
0.007,0.424,0.398,0.000,0.000
0.019,0.404,0.401,0.000,0.000
0.030,0.418,0.399,0.000,0.000
0.019,0.377,0.359,0.000,0.000
0.011,0.395,0.388,0.000,0.000
0.006,0.364,0.386,0.000,0.000
0.005,0.373,0.329,0.000,0.000
0.004,0.346,0.372,0.000,0.000
0.003,0.350,0.370,0.000,0.000
0.003,0.304,0.313,0.000,0.000
0.002,0.321,0.349,0.000,0.000
0.002,0.299,0.368,0.000,0.000
0.003,0.304,0.339,0.000,0.000
0.027,0.342,0.356,0.000,0.000
0.033,0.572,0.340,0.000,0.000
0.016,0.500,0.318,0.000,0.000
0.011,0.388,0.346,0.000,0.000
0.007,0.351,0.322,0.000,0.000
0.005,0.322,0.294,0.000,0.000
0.003,0.287,0.321,0.000,0.000
0.002,0.274,0.298,0.000,0.000
0.001,0.268,0.287,0.000,0.000
0.001,0.280,0.311,0.000,0.000
0.025,0.276,0.291,0.000,0.000
0.117,0.247,0.270,0.000,0.000
0.102,0.268,0.273,0.000,0.000
0.075,0.344,0.253,0.000,0.000
0.043,0.352,0.260,0.000,0.000
0.025,0.297,0.263,0.000,0.000
0.012,0.285,0.237,0.000,0.000
0.008,0.246,0.253,0.000,0.000
0.006,0.259,0.266,0.000,0.000
0.005,0.225,0.246,0.000,0.000
0.004,0.222,0.246,0.000,0.000
0.003,0.209,0.256,0.000,0.000
0.025,0.209,0.228,0.000,0.000
0.054,0.294,0.239,0.000,0.000
0.039,0.641,0.243,0.000,0.000
0.029,0.580,0.218,0.000,0.000
0.018,0.490,0.224,0.000,0.000
0.014,0.461,0.229,0.000,0.000
0.010,0.438,0.218,0.000,0.000
0.007,0.415,0.236,0.000,0.000
0.005,0.400,0.266,0.000,0.000
0.004,0.369,0.250,0.000,0.000
0.006,0.375,0.261,0.000,0.000
0.033,0.355,0.266,0.000,0.000
0.043,0.343,0.247,0.000,0.000
0.025,0.332,0.262,0.000,0.000
0.014,0.320,0.256,0.000,0.000
0.007,0.312,0.237,0.000,0.000
0.006,0.291,0.270,0.000,0.000
0.009,0.314,0.241,0.000,0.000
0.007,0.291,0.209,0.000,0.000
0.004,0.277,0.232,0.000,0.000
0.003,0.263,0.240,0.000,0.000
0.003,0.253,0.287,0.000,0.000
0.016,0.246,0.317,0.000,0.000
0.034,0.246,0.261,0.000,0.000
0.030,0.233,0.247,0.000,0.000
0.020,0.269,0.233,0.000,0.000
0.011,0.298,0.212,0.000,0.000
0.008,0.255,0.201,0.000,0.000
0.012,0.255,0.209,0.000,0.000
0.009,0.242,0.187,0.000,0.000
0.006,0.230,0.212,0.000,0.000
0.004,0.231,0.372,0.000,0.000
0.004,0.217,0.369,0.000,0.000
0.027,0.211,0.317,0.000,0.000
0.031,0.215,0.275,0.000,0.000
0.021,0.206,0.259,0.000,0.000
0.012,0.242,0.285,0.000,0.000
0.007,0.233,0.286,0.000,0.000
0.007,0.219,0.269,0.000,0.000
0.018,0.181,0.264,0.000,0.000
0.014,0.182,0.239,0.000,0.000
0.009,0.190,0.256,0.000,0.000
0.006,0.180,0.315,0.000,0.000
0.005,0.181,0.357,0.000,0.000
0.017,0.172,0.352,0.000,0.000
0.084,0.188,0.355,0.000,0.000
0.088,0.723,0.351,0.000,0.000
0.051,0.833,0.376,0.000,0.000
0.028,0.533,0.362,0.000,0.000
0.016,0.458,0.323,0.000,0.000
0.032,0.405,0.308,0.000,0.000
0.028,0.369,0.324,0.000,0.000
0.017,0.361,0.274,0.000,0.000
0.012,0.327,0.244,0.000,0.000
0.015,0.344,0.235,0.000,0.000
0.660,0.307,0.269,0.000,0.000
0.958,0.334,0.379,0.000,0.000
0.626,0.290,0.331,0.000,0.000
0.441,0.302,0.273,0.000,0.000
0.278,0.255,0.222,0.000,0.000
0.198,0.282,0.222,0.000,0.000
0.159,0.277,0.219,0.000,0.000
0.135,0.320,0.231,0.000,0.000
0.108,0.268,0.256,0.000,0.000
0.095,0.258,0.213,0.000,0.000
0.079,0.231,0.235,0.000,0.000
0.080,0.227,0.232,0.000,0.000
0.086,0.336,0.216,0.000,0.000
0.083,0.493,0.210,0.000,0.000
0.064,0.390,0.190,0.000,0.000
0.050,0.295,0.186,0.000,0.000
0.042,0.264,0.178,0.000,0.000
0.034,0.247,0.206,0.000,0.000
0.030,0.269,0.186,0.000,0.000
0.028,0.237,0.212,0.000,0.000
0.026,0.238,0.209,0.000,0.000
0.023,0.225,0.203,0.000,0.000
0.029,0.240,0.171,0.000,0.000
0.042,0.201,0.166,0.000,0.000
0.035,0.266,0.197,0.000,0.000
0.030,0.282,0.224,0.000,0.000
0.026,0.279,0.264,0.000,0.000
0.022,0.241,0.241,0.000,0.000
0.018,0.275,0.246,0.000,0.000
0.016,0.205,0.219,0.000,0.000
0.016,0.216,0.226,0.000,0.000
0.014,0.197,0.213,0.000,0.000
0.014,0.195,0.209,0.000,0.000
0.018,0.182,0.212,0.000,0.000
0.085,0.174,0.221,0.000,0.000
0.095,0.489,0.193,0.000,0.000
0.072,0.740,0.211,0.000,0.000
0.052,0.549,0.184,0.000,0.000
0.036,0.473,0.179,0.000,0.000
0.026,0.457,0.173,0.000,0.000
0.020,0.446,0.179,0.000,0.000
0.016,0.411,0.175,0.000,0.000
0.013,0.386,0.154,0.000,0.000
0.012,0.390,0.155,0.000,0.000
0.011,0.394,0.305,0.000,0.000
0.004,0.289,0.233,0.000,0.000
0.000,0.076,0.170,0.000,0.000
0.000,0.065,0.171,0.000,0.000
0.000,0.076,0.161,0.000,0.000
0.000,0.073,0.147,0.000,0.000
0.000,0.088,0.155,0.000,0.000
0.000,0.176,0.153,0.000,0.000
0.000,0.170,0.148,0.000,0.000
0.000,0.131,0.138,0.000,0.000
0.000,0.085,0.146,0.000,0.000
0.000,0.077,0.135,0.000,0.000
0.000,0.083,0.146,0.000,0.000
0.000,0.079,0.149,0.000,0.000
0.000,0.073,0.135,0.000,0.000
0.000,0.087,0.132,0.000,0.000
0.000,0.097,0.133,0.000,0.000
0.000,0.056,0.133,0.000,0.000
0.000,0.046,0.144,0.000,0.000
0.000,0.040,0.127,0.000,0.000
0.000,0.045,0.111,0.000,0.000
0.000,0.051,0.117,0.000,0.000
0.000,0.098,0.124,0.000,0.000
0.000,0.101,0.128,0.000,0.000
0.000,0.088,0.120,0.000,0.000
0.000,0.088,0.109,0.000,0.000
0.000,0.088,0.105,0.000,0.000
0.000,0.090,0.112,0.000,0.000
0.000,0.094,0.098,0.000,0.000
0.000,0.090,0.109,0.000,0.000
0.000,0.067,0.109,0.000,0.000
0.000,0.067,0.104,0.000,0.000
0.000,0.049,0.112,0.000,0.000
0.000,0.044,0.115,0.000,0.000
0.000,0.043,0.109,0.000,0.000
0.000,0.042,0.109,0.000,0.000
0.000,0.041,0.108,0.000,0.000
0.000,0.064,0.102,0.000,0.000
0.000,0.060,0.111,0.000,0.000
0.000,0.049,0.106,0.000,0.000
0.000,0.046,0.100,0.000,0.000
0.000,0.051,0.104,0.000,0.000
0.000,0.045,0.107,0.000,0.000
0.000,0.049,0.095,0.000,0.000
0.000,0.045,0.102,0.000,0.000
0.000,0.040,0.103,0.000,0.000
0.000,0.049,0.090,0.000,0.000
0.000,0.040,0.094,0.000,0.000
0.000,0.031,0.091,0.000,0.000
0.000,0.027,0.088,0.000,0.000
0.000,0.028,0.085,0.000,0.000
0.000,0.026,0.085,0.000,0.000
0.000,0.038,0.086,0.000,0.000
0.000,0.043,0.090,0.000,0.000
0.000,0.037,0.085,0.000,0.000
0.000,0.032,0.085,0.000,0.000
0.000,0.031,0.084,0.000,0.000
0.000,0.031,0.082,0.000,0.000
0.000,0.030,0.083,0.000,0.000
0.000,0.030,0.087,0.000,0.000
0.000,0.032,0.083,0.000,0.000
0.000,0.029,0.082,0.000,0.000
0.000,0.034,0.081,0.000,0.000
0.000,0.029,0.078,0.000,0.000
0.000,0.026,0.082,0.000,0.000
0.000,0.021,0.083,0.000,0.000
0.000,0.022,0.074,0.000,0.000
0.000,0.027,0.080,0.000,0.000
0.000,0.029,0.074,0.000,0.000
0.000,0.030,0.071,0.000,0.000
0.000,0.018,0.077,0.000,0.000
0.000,0.020,0.075,0.000,0.000
0.000,0.023,0.070,0.000,0.000
0.000,0.028,0.073,0.000,0.000
0.000,0.049,0.075,0.000,0.000
0.000,0.031,0.074,0.000,0.000
0.000,0.026,0.071,0.000,0.000
0.000,0.025,0.070,0.000,0.000
0.000,0.021,0.072,0.000,0.000
0.000,0.020,0.077,0.000,0.000
0.000,0.020,0.071,0.000,0.000
0.000,0.020,0.063,0.000,0.000
0.000,0.027,0.068,0.000,0.000
0.000,0.023,0.068,0.000,0.000
0.000,0.024,0.065,0.000,0.000
0.000,0.026,0.068,0.000,0.000
0.000,0.037,0.063,0.000,0.000
0.000,0.025,0.063,0.000,0.000
0.000,0.017,0.064,0.000,0.000
0.000,0.020,0.063,0.000,0.000
0.000,0.027,0.066,0.000,0.000
0.000,0.022,0.060,0.000,0.000
0.000,0.022,0.057,0.000,0.000
0.000,0.023,0.065,0.000,0.000
0.000,0.020,0.067,0.000,0.000
0.000,0.016,0.059,0.000,0.000
0.000,0.018,0.062,0.000,0.000
0.000,0.022,0.060,0.000,0.000
0.000,0.020,0.058,0.000,0.000
0.000,0.021,0.060,0.000,0.000
0.000,0.027,0.060,0.000,0.000
0.000,0.026,0.058,0.000,0.000
0.000,0.021,0.056,0.000,0.000
0.000,0.024,0.057,0.000,0.000
0.000,0.015,0.059,0.000,0.000
0.000,0.018,0.062,0.000,0.000
0.000,0.023,0.056,0.000,0.000
0.000,0.017,0.053,0.000,0.000
0.000,0.016,0.058,0.000,0.000
0.000,0.016,0.058,0.000,0.000
0.000,0.016,0.055,0.000,0.000
0.000,0.014,0.057,0.000,0.000
0.000,0.022,0.055,0.000,0.000
0.000,0.022,0.054,0.000,0.000
0.000,0.024,0.056,0.000,0.000
0.000,0.017,0.057,0.000,0.000
0.000,0.020,0.055,0.000,0.000
0.000,0.021,0.052,0.000,0.000
0.000,0.019,0.050,0.000,0.000
0.000,0.019,0.054,0.000,0.000
0.000,0.015,0.054,0.000,0.000
0.000,0.018,0.049,0.000,0.000
0.000,0.018,0.050,0.000,0.000
0.000,0.021,0.052,0.000,0.000
0.000,0.017,0.051,0.000,0.000
0.000,0.019,0.051,0.000,0.000
0.000,0.015,0.052,0.000,0.000
0.000,0.019,0.049,0.000,0.000
0.000,0.020,0.052,0.000,0.000
0.000,0.016,0.051,0.000,0.000
0.000,0.013,0.052,0.000,0.000
0.000,0.016,0.053,0.000,0.000
0.000,0.017,0.050,0.000,0.000
0.000,0.021,0.049,0.000,0.000
0.000,0.018,0.054,0.000,0.000
0.000,0.015,0.053,0.000,0.000
0.000,0.015,0.048,0.000,0.000
0.000,0.015,0.049,0.000,0.000
0.000,0.016,0.051,0.000,0.000
0.000,0.014,0.050,0.000,0.000
0.000,0.015,0.050,0.000,0.000
0.000,0.014,0.050,0.000,0.000
0.000,0.016,0.048,0.000,0.000
0.000,0.018,0.047,0.000,0.000
0.000,0.015,0.046,0.000,0.000
0.000,0.013,0.048,0.000,0.000
0.000,0.017,0.045,0.000,0.000
0.000,0.032,0.038,0.000,0.000
0.000,0.026,0.043,0.000,0.000
0.000,0.015,0.045,0.000,0.000
0.000,0.016,0.043,0.000,0.000
0.000,0.015,0.044,0.000,0.000
0.000,0.012,0.045,0.000,0.000
0.000,0.014,0.044,0.000,0.000
0.000,0.015,0.047,0.000,0.000
0.000,0.015,0.046,0.000,0.000
0.000,0.018,0.046,0.000,0.000
0.000,0.017,0.047,0.000,0.000
0.000,0.012,0.046,0.000,0.000
0.000,0.014,0.045,0.000,0.000
0.000,0.014,0.047,0.000,0.000
0.000,0.017,0.047,0.000,0.000
0.000,0.012,0.040,0.000,0.000
0.000,0.016,0.042,0.000,0.000
0.000,0.018,0.045,0.000,0.000
0.000,0.020,0.043,0.000,0.000
0.000,0.019,0.043,0.000,0.000
0.000,0.016,0.042,0.000,0.000
0.000,0.015,0.042,0.000,0.000
0.000,0.021,0.045,0.000,0.000
0.000,0.023,0.044,0.000,0.000
0.000,0.017,0.043,0.000,0.000
0.000,0.021,0.044,0.000,0.000
0.000,0.019,0.042,0.000,0.000
0.000,0.018,0.042,0.000,0.000
0.000,0.022,0.045,0.000,0.000
0.000,0.017,0.043,0.000,0.000
0.000,0.017,0.039,0.000,0.000
0.000,0.020,0.044,0.000,0.000
0.000,0.009,0.016,0.000,0.000
0.000,0.000,0.000,0.000,0.000
0.000,0.000,0.000,0.000,0.000
0.000,0.000,0.000,0.000,0.000
0.000,0.000,0.000,0.000,0.000
0.000,0.000,0.000,0.000,0.000
0.000,0.000,0.000,0.000,0.000
0.000,0.000,0.000,0.000,0.000
0.000,0.000,0.000,0.000,0.000
0.000,0.000,0.000,0.000,0.000
0.000,0.000,0.000,0.000,0.000
0.000,0.000,0.000,0.000,0.000
0.000,0.000,0.000,0.000,0.000
0.000,0.000,0.000,0.000,0.000
0.000,0.000,0.000,0.000,0.000
0.000,0.000,0.000,0.000,0.000
0.000,0.000,0.000,0.000,0.000
0.000,0.000,0.000,0.000,0.000
0.000,0.000,0.000,0.000,0.000
0.000,0.000,0.000,0.000,0.000
0.000,0.000,0.000,0.000,0.000
0.000,0.000,0.000,0.000,0.000
0.000,0.000,0.000,0.000,0.000
0.000,0.000,0.000,0.000,0.000
0.000,0.000,0.000,0.000,0.000
0.000,0.000,0.000,0.000,0.000
0.000,0.000,0.000,0.000,0.000
0.000,0.000,0.000,0.000,0.000
0.000,0.000,0.000,0.000,0.000
0.000,0.000,0.000,0.000,0.000
0.000,0.000,0.000,0.000,0.000
0.000,0.000,0.000,0.000,0.000
0.000,0.000,0.000,0.000,0.000
0.000,0.000,0.000,0.000,0.000
